Date,Open,High,Low,Close,Volume,Dividends,Stock Splits
2013-04-26,12.75,75.0,12.75,28.0,300,0,0.0
2013-04-29,30.0,37.5,30.0,35.0,500,0,0.0
2013-04-30,37.5,37.5,25.0,32.25,500,0,0.0
2013-05-01,26.25,30.0,25.25,30.0,300,0,0.0
2013-05-02,25.0,27.5,22.75,27.5,300,0,0.0
2013-05-03,25.0,28.5,25.0,27.5,600,0,0.0
2013-05-06,28.5,28.5,28.5,28.5,0,0,0.0
2013-05-07,25.25,26.5,25.0,25.0,900,0,0.0
2013-05-08,27.75,27.75,21.25,25.0,200,0,0.0
2013-05-09,17.5,19.25,15.75,16.25,800,0,0.0
2013-05-10,17.75,22.5,16.25,22.5,200,0,0.0
2013-05-13,27.5,27.5,18.75,19.0,200,0,0.0
2013-05-14,17.5,25.0,17.5,23.5,300,0,0.0
2013-05-15,23.5,24.75,21.25,21.5,300,0,0.0
2013-05-16,25.25,26.25,24.25,25.25,400,0,0.0
2013-05-17,25.25,25.25,24.75,24.75,800,0,0.0
2013-05-20,25.0,25.0,20.25,23.75,1100,0,0.0
2013-05-21,22.5,23.75,19.5,20.25,700,0,0.0
2013-05-22,20.5,20.5,18.75,18.75,200,0,0.0
2013-05-23,18.75,18.75,16.25,16.5,700,0,0.0
2013-05-24,15.0,21.5,15.0,21.5,100,0,0.0
2013-05-28,21.5,21.5,21.5,21.5,0,0,0.0
2013-05-29,21.5,21.5,21.5,21.5,0,0,0.0
2013-05-30,16.5,20.0,16.5,20.0,500,0,0.0
2013-05-31,18.75,18.75,17.5,17.5,200,0,0.0
2013-06-03,16.25,16.25,16.25,16.25,200,0,0.0
2013-06-04,16.5,16.5,13.75,16.25,600,0,0.0
2013-06-05,16.25,16.25,16.25,16.25,0,0,0.0
2013-06-06,13.75,15.0,13.75,15.0,200,0,0.0
2013-06-07,15.0,16.0,13.5,16.0,1100,0,0.0
2013-06-10,16.0,16.0,16.0,16.0,0,0,0.0
2013-06-11,13.5,15.0,13.25,15.0,900,0,0.0
2013-06-12,15.0,17.5,14.5,16.75,1600,0,0.0
2013-06-13,16.75,19.0,15.0,15.0,100,0,0.0
2013-06-14,13.75,15.0,13.75,15.0,0,0,0.0
2013-06-17,15.0,15.0,15.0,15.0,0,0,0.0
2013-06-18,16.25,16.25,11.0,11.25,1000,0,0.0
2013-06-19,12.5,12.5,12.5,12.5,0,0,0.0
2013-06-20,12.5,16.75,12.5,13.75,100,0,0.0
2013-06-21,13.0,13.0,12.5,12.5,0,0,0.0
2013-06-24,12.5,12.5,7.25,7.5,1700,0,0.0
2013-06-25,10.0,11.0,7.0,8.5,1400,0,0.0
2013-06-26,7.0,14.5,7.0,10.0,2300,0,0.0
2013-06-27,12.75,12.75,11.0,11.75,700,0,0.0
2013-06-28,12.0,12.5,9.0,10.0,1900,0,0.0
2013-07-01,10.5,10.5,10.5,10.5,0,0,0.0
2013-07-02,10.5,13.25,10.25,10.25,600,0,0.0
2013-07-03,10.25,12.75,10.25,10.5,100,0,0.0
2013-07-05,12.5,13.5,12.5,13.5,100,0,0.0
2013-07-08,12.0,12.0,12.0,12.0,300,0,0.0
2013-07-09,12.0,12.0,12.0,12.0,0,0,0.0
2013-07-10,11.25,12.5,11.25,12.5,200,0,0.0
2013-07-11,12.75,12.75,11.25,11.25,0,0,0.0
2013-07-12,11.5,12.0,11.25,11.25,300,0,0.0
2013-07-15,11.25,11.25,11.25,11.25,0,0,0.0
2013-07-16,13.75,13.75,9.75,12.75,0,0,0.0
2013-07-17,10.75,12.75,10.75,12.75,0,0,0.0
2013-07-18,12.75,12.75,10.75,10.75,1200,0,0.0
2013-07-19,9.5,9.5,9.5,9.5,0,0,0.0
2013-07-22,10.75,10.75,10.0,10.0,100,0,0.0
2013-07-23,10.0,10.0,8.75,9.25,400,0,0.0
2013-07-24,9.25,10.0,7.75,8.75,2500,0,0.0
2013-07-25,9.0,9.5,9.0,9.5,400,0,0.0
2013-07-26,10.75,11.25,8.75,8.75,1700,0,0.0
2013-07-29,9.5,10.0,8.75,8.75,1100,0,0.0
2013-07-30,9.0,9.5,8.75,8.75,800,0,0.0
2013-07-31,11.0,11.0,8.75,8.75,500,0,0.0
2013-08-01,11.0,11.75,10.0,10.25,200,0,0.0
2013-08-02,10.0,11.75,10.0,11.75,0,0,0.0
2013-08-05,11.75,12.0,10.5,12.0,200,0,0.0
2013-08-06,12.0,12.0,10.25,10.75,600,0,0.0
2013-08-07,10.5,11.25,10.5,11.25,300,0,0.0
2013-08-08,11.25,11.25,10.0,10.0,200,0,0.0
2013-08-09,10.0,11.75,9.25,10.25,1000,0,0.0
2013-08-12,10.25,10.25,9.0,9.0,100,0,0.0
2013-08-13,10.25,12.0,10.25,11.0,200,0,0.0
2013-08-14,11.0,11.0,10.25,10.25,300,0,0.0
2013-08-15,11.5,12.0,9.0,9.0,2600,0,0.0
2013-08-16,10.25,12.0,9.25,10.25,600,0,0.0
2013-08-19,10.25,10.25,7.75,10.0,1300,0,0.0
2013-08-20,7.5,10.25,7.5,9.75,2900,0,0.0
2013-08-21,10.0,11.75,9.25,11.75,2600,0,0.0
2013-08-22,11.75,15.0,10.5,11.25,2500,0,0.0
2013-08-23,11.25,12.0,11.25,12.0,100,0,0.0
2013-08-26,11.5,11.5,11.0,11.5,100,0,0.0
2013-08-27,11.0,12.75,8.75,8.75,2300,0,0.0
2013-08-28,11.5,12.75,11.5,12.75,200,0,0.0
2013-08-29,12.75,12.75,10.0,11.25,400,0,0.0
2013-08-30,11.25,12.5,10.0,11.25,4500,0,0.0
2013-09-03,12.0,13.75,11.75,12.5,4500,0,0.0
2013-09-04,12.5,14.25,11.0,11.75,3100,0,0.0
2013-09-05,12.5,13.25,11.25,13.25,2700,0,0.0
2013-09-06,12.0,13.25,11.5,11.75,5300,0,0.0
2013-09-09,16.25,16.25,11.25,13.0,7200,0,0.0
2013-09-10,12.0,13.0,11.5,12.25,4700,0,0.0
2013-09-11,11.75,12.5,11.25,12.0,2000,0,0.0
2013-09-12,11.25,11.5,10.25,10.25,500,0,0.0
2013-09-13,11.5,12.5,11.5,12.5,1600,0,0.0
2013-09-16,11.25,12.75,10.5,10.5,1200,0,0.0
2013-09-17,11.75,11.75,10.0,11.75,1500,0,0.0
2013-09-18,11.75,12.5,10.25,11.0,1200,0,0.0
2013-09-19,12.5,12.5,10.0,10.75,2000,0,0.0
2013-09-20,10.75,10.75,10.5,10.5,200,0,0.0
2013-09-23,9.75,10.5,9.75,10.5,100,0,0.0
2013-09-24,10.75,10.75,10.75,10.75,0,0,0.0
2013-09-25,9.25,9.25,8.5,8.5,2100,0,0.0
2013-09-26,9.75,10.0,8.5,9.75,1500,0,0.0
2013-09-27,9.75,9.75,9.75,9.75,0,0,0.0
2013-09-30,9.75,9.75,9.75,9.75,0,0,0.0
2013-10-01,9.5,10.0,9.5,10.0,1200,0,0.0
2013-10-02,8.75,10.0,7.5,7.5,1100,0,0.0
2013-10-03,8.75,8.75,8.75,8.75,700,0,0.0
2013-10-04,8.75,11.25,8.75,11.25,600,0,0.0
2013-10-07,10.0,10.75,8.75,10.75,800,0,0.0
2013-10-08,10.75,12.75,9.75,12.75,1100,0,0.0
2013-10-09,10.0,10.5,10.0,10.5,100,0,0.0
2013-10-10,10.5,12.5,8.75,10.5,1800,0,0.0
2013-10-11,10.5,12.25,10.5,12.25,100,0,0.0
2013-10-14,12.25,12.25,10.25,11.25,700,0,0.0
2013-10-15,10.25,11.5,10.25,11.5,400,0,0.0
2013-10-16,10.75,10.75,9.25,10.75,1400,0,0.0
2013-10-17,9.0,11.75,9.0,11.75,1600,0,0.0
2013-10-18,10.5,11.75,10.5,11.75,300,0,0.0
2013-10-21,11.75,12.0,10.0,11.0,2300,0,0.0
2013-10-22,11.0,11.0,11.0,11.0,0,0,0.0
2013-10-23,11.0,11.0,11.0,11.0,0,0,0.0
2013-10-24,10.25,11.0,10.25,11.0,0,0,0.0
2013-10-25,9.0,10.25,8.0,10.0,1100,0,0.0
2013-10-28,10.0,10.0,10.0,10.0,0,0,0.0
2013-10-29,8.5,10.0,8.5,10.0,100,0,0.0
2013-10-30,10.0,10.0,8.25,10.0,1000,0,0.0
2013-10-31,9.0,9.75,9.0,9.75,0,0,0.0
2013-11-01,9.0,10.25,8.25,9.5,2900,0,0.0
2013-11-04,9.0,9.0,8.25,8.25,900,0,0.0
2013-11-05,8.5,9.75,8.25,8.25,4400,0,0.0
2013-11-06,8.75,8.75,8.25,8.25,7900,0,0.0
2013-11-07,7.5,8.5,7.5,8.25,1600,0,0.0
2013-11-08,7.75,8.25,7.75,8.25,1000,0,0.0
2013-11-11,8.5,10.0,7.75,10.0,500,0,0.0
2013-11-12,9.0,9.5,8.0,8.75,1500,0,0.0
2013-11-13,8.75,9.25,8.5,9.25,2200,0,0.0
2013-11-14,9.25,9.25,6.25,6.25,4700,0,0.0
2013-11-15,7.5,7.75,6.25,7.0,7000,0,0.0
2013-11-18,7.0,8.0,7.0,7.5,3900,0,0.0
2013-11-19,7.0,8.0,6.25,7.0,4200,0,0.0
2013-11-20,8.0,9.5,7.75,8.5,11300,0,0.0
2013-11-21,8.5,10.0,7.75,10.0,1600,0,0.0
2013-11-22,9.25,11.25,9.25,10.75,3600,0,0.0
2013-11-25,10.25,11.0,9.0,10.5,3300,0,0.0
2013-11-26,10.5,10.5,9.5,10.25,1300,0,0.0
2013-11-27,9.5,9.5,8.75,9.25,300,0,0.0
2013-11-29,11.5,11.5,9.5,10.5,4400,0,0.0
2013-12-02,10.25,10.25,9.0,10.0,1300,0,0.0
2013-12-03,10.0,10.0,8.5,8.75,3100,0,0.0
2013-12-04,8.75,9.75,8.5,8.75,4700,0,0.0
2013-12-05,8.75,9.0,8.0,8.0,3000,0,0.0
2013-12-06,8.25,9.25,8.25,8.25,5300,0,0.0
2013-12-09,8.75,9.75,8.5,9.5,15700,0,0.0
2013-12-10,9.5,9.75,8.0,9.0,10200,0,0.0
2013-12-11,8.75,9.0,8.5,8.5,700,0,0.0
2013-12-12,8.25,8.75,8.0,8.0,6500,0,0.0
2013-12-13,7.75,8.25,7.75,8.25,1800,0,0.0
2013-12-16,8.25,8.5,8.25,8.5,2300,0,0.0
2013-12-17,8.5,8.5,7.75,8.0,3000,0,0.0
2013-12-18,7.75,9.25,7.75,9.25,1800,0,0.0
2013-12-19,7.75,9.0,7.0,9.0,4900,0,0.0
2013-12-20,8.75,8.75,7.75,8.5,2600,0,0.0
2013-12-23,8.75,8.75,8.0,8.75,3000,0,0.0
2013-12-24,8.5,10.0,8.0,8.25,6700,0,0.0
2013-12-26,8.75,8.75,8.0,8.5,2300,0,0.0
2013-12-27,8.0,8.75,7.5,8.5,900,0,0.0
2013-12-30,8.25,8.5,8.0,8.5,3700,0,0.0
2013-12-31,8.25,8.5,7.75,8.25,3000,0,0.0
2014-01-02,7.75,8.25,7.75,8.0,1800,0,0.0
2014-01-03,8.0,8.0,7.5,7.5,2400,0,0.0
2014-01-06,7.25,9.25,7.25,8.75,9000,0,0.0
2014-01-07,8.5,8.75,7.75,8.5,5600,0,0.0
2014-01-08,8.0,8.5,8.0,8.5,400,0,0.0
2014-01-09,8.0,8.0,7.75,8.0,600,0,0.0
2014-01-10,7.75,7.75,7.5,7.75,3600,0,0.0
2014-01-13,7.75,7.75,7.25,7.5,1200,0,0.0
2014-01-14,7.0,7.5,7.0,7.5,400,0,0.0
2014-01-15,7.25,7.5,6.25,7.25,5100,0,0.0
2014-01-16,7.5,8.25,7.25,7.5,2300,0,0.0
2014-01-17,8.25,8.25,7.25,8.0,3200,0,0.0
2014-01-21,7.25,7.25,6.25,7.0,5700,0,0.0
2014-01-22,6.75,7.5,6.75,7.5,4300,0,0.0
2014-01-23,7.5,7.5,6.75,7.5,500,0,0.0
2014-01-24,7.0,8.0,7.0,8.0,2000,0,0.0
2014-01-27,8.0,8.5,8.0,8.25,1300,0,0.0
2014-01-28,8.5,8.75,7.75,8.25,6700,0,0.0
2014-01-29,8.25,8.25,7.5,7.5,500,0,0.0
2014-01-30,8.25,8.5,7.75,8.0,4100,0,0.0
2014-01-31,8.5,8.5,8.5,8.5,0,0,0.0
2014-02-03,8.5,8.5,8.0,8.5,900,0,0.0
2014-02-04,8.25,8.5,7.5,8.0,3200,0,0.0
2014-02-05,7.75,7.75,7.0,7.5,11000,0,0.0
2014-02-06,7.5,7.5,6.25,7.5,34700,0,0.0
2014-02-07,7.25,7.5,7.0,7.5,3000,0,0.0
2014-02-10,7.0,7.25,7.0,7.25,800,0,0.0
2014-02-11,7.25,7.5,7.25,7.5,12000,0,0.0
2014-02-12,7.5,8.25,7.5,7.5,1200,0,0.0
2014-02-13,7.5,7.5,7.5,7.5,0,0,0.0
2014-02-14,7.5,8.0,7.5,7.75,27400,0,0.0
2014-02-18,7.5,7.5,7.5,7.5,8200,0,0.0
2014-02-19,7.5,7.5,7.25,7.25,1900,0,0.0
2014-02-20,7.25,7.25,7.25,7.25,500,0,0.0
2014-02-21,7.0,7.25,7.0,7.25,2200,0,0.0
2014-02-24,7.25,7.25,6.75,7.25,1200,0,0.0
2014-02-25,7.25,7.25,7.25,7.25,100,0,0.0
2014-02-26,7.25,7.25,7.0,7.25,1800,0,0.0
2014-02-27,7.0,7.0,6.75,7.0,1600,0,0.0
2014-02-28,7.0,7.0,6.5,6.75,2100,0,0.0
2014-03-03,6.75,7.25,6.75,7.0,1000,0,0.0
2014-03-04,6.75,7.0,6.5,7.0,9100,0,0.0
2014-03-05,7.0,7.0,6.75,7.0,100,0,0.0
2014-03-06,7.0,7.0,7.0,7.0,500,0,0.0
2014-03-07,7.0,7.0,6.75,7.0,400,0,0.0
2014-03-10,7.0,7.0,6.5,6.75,2300,0,0.0
2014-03-11,6.5,7.0,6.5,6.75,6300,0,0.0
2014-03-12,6.5,7.25,6.5,7.0,4300,0,0.0
2014-03-13,6.75,7.0,6.75,7.0,1200,0,0.0
2014-03-14,6.5,7.25,6.5,6.5,5400,0,0.0
2014-03-17,6.75,7.0,6.5,6.75,3800,0,0.0
2014-03-18,7.0,7.5,6.75,7.5,13400,0,0.0
2014-03-19,7.25,9.25,7.0,8.75,41800,0,0.0
2014-03-20,9.0,12.25,9.0,12.0,91100,0,0.0
2014-03-21,12.5,13.0,10.25,11.25,60500,0,0.0
2014-03-24,11.25,12.75,10.0,12.75,22300,0,0.0
2014-03-25,12.75,13.25,11.75,11.75,4400,0,0.0
2014-03-26,12.75,13.25,12.0,12.0,18300,0,0.0
2014-03-27,12.25,12.5,11.75,12.5,4200,0,0.0
2014-03-28,12.5,12.5,11.5,12.25,10900,0,0.0
2014-03-31,12.0,13.25,12.0,12.75,25000,0,0.0
2014-04-01,11.5,15.75,11.5,15.25,20500,0,0.0
2014-04-02,15.5,17.0,15.25,15.5,33200,0,0.0
2014-04-03,15.25,16.25,14.5,16.0,9900,0,0.0
2014-04-04,16.0,16.5,14.5,15.0,17100,0,0.0
2014-04-07,16.25,16.25,15.25,15.25,4300,0,0.0
2014-04-08,15.75,16.25,14.75,16.25,10000,0,0.0
2014-04-09,16.25,16.25,14.0,15.0,5200,0,0.0
2014-04-10,15.0,15.0,14.25,14.75,1100,0,0.0
2014-04-11,14.5,15.0,14.25,14.25,1000,0,0.0
2014-04-14,14.5,14.75,14.0,14.75,2600,0,0.0
2014-04-15,14.25,14.25,11.75,12.0,16900,0,0.0
2014-04-16,12.75,13.25,12.0,12.25,2700,0,0.0
2014-04-17,12.5,13.0,12.0,13.0,400,0,0.0
2014-04-21,13.0,13.25,13.0,13.25,1000,0,0.0
2014-04-22,12.5,13.0,12.0,12.75,3500,0,0.0
2014-04-23,12.25,12.5,12.25,12.5,1400,0,0.0
2014-04-24,12.25,13.25,11.5,12.25,29400,0,0.0
2014-04-25,12.0,12.5,10.5,12.5,12600,0,0.0
2014-04-28,12.5,12.5,10.75,11.25,3900,0,0.0
2014-04-29,10.75,11.75,10.75,11.75,900,0,0.0
2014-04-30,11.0,11.5,10.5,10.75,2200,0,0.0
2014-05-01,11.0,11.25,11.0,11.25,1700,0,0.0
2014-05-02,11.0,11.25,10.75,11.25,1600,0,0.0
2014-05-05,11.25,11.5,11.25,11.5,2000,0,0.0
2014-05-06,11.5,11.5,11.0,11.0,2600,0,0.0
2014-05-07,11.0,11.0,9.0,10.0,15000,0,0.0
2014-05-08,10.0,10.25,10.0,10.0,500,0,0.0
2014-05-09,9.25,10.0,9.25,10.0,200,0,0.0
2014-05-12,10.0,10.75,10.0,10.5,2100,0,0.0
2014-05-13,10.0,10.5,10.0,10.5,1300,0,0.0
2014-05-14,10.25,10.75,10.0,10.75,4400,0,0.0
2014-05-15,10.75,10.75,9.0,9.75,12100,0,0.0
2014-05-16,9.5,10.0,9.0,9.5,9400,0,0.0
2014-05-19,9.75,9.75,9.5,9.5,2200,0,0.0
2014-05-20,9.75,9.75,8.75,8.75,7000,0,0.0
2014-05-21,8.75,9.0,7.25,9.0,14000,0,0.0
2014-05-22,9.0,9.25,8.75,9.25,11700,0,0.0
2014-05-23,9.25,9.25,9.25,9.25,900,0,0.0
2014-05-27,9.25,9.25,8.5,8.5,6200,0,0.0
2014-05-28,8.25,8.75,8.0,8.25,4500,0,0.0
2014-05-29,8.0,8.25,7.5,7.75,16700,0,0.0
2014-05-30,7.5,8.75,7.25,8.0,28400,0,0.0
2014-06-02,8.0,8.25,8.0,8.0,3200,0,0.0
2014-06-03,8.5,8.75,8.0,8.0,8200,0,0.0
2014-06-04,7.75,8.0,7.0,8.0,5100,0,0.0
2014-06-05,7.5,8.0,7.5,7.5,900,0,0.0
2014-06-06,7.25,7.75,7.0,7.75,7700,0,0.0
2014-06-09,8.0,8.25,8.0,8.25,6200,0,0.0
2014-06-10,8.25,8.25,7.75,7.75,2200,0,0.0
2014-06-11,8.0,8.0,7.25,7.5,2000,0,0.0
2014-06-12,7.5,7.5,7.0,7.0,1400,0,0.0
2014-06-13,7.0,8.0,7.0,8.0,3500,0,0.0
2014-06-16,8.0,8.0,7.5,7.5,3100,0,0.0
2014-06-17,8.0,8.0,7.25,8.0,6900,0,0.0
2014-06-18,8.0,8.5,8.0,8.5,5000,0,0.0
2014-06-19,8.5,8.5,8.0,8.5,2500,0,0.0
2014-06-20,9.0,9.0,7.75,8.5,2000,0,0.0
2014-06-23,7.75,8.5,7.75,8.5,1500,0,0.0
2014-06-24,8.5,8.5,8.0,8.5,2300,0,0.0
2014-06-25,8.25,8.25,8.0,8.25,5200,0,0.0
2014-06-26,8.75,9.0,8.25,8.25,18300,0,0.0
2014-06-27,8.25,8.25,8.25,8.25,200,0,0.0
2014-06-30,8.25,8.25,7.5,7.75,1900,0,0.0
2014-07-01,8.0,8.25,7.75,8.25,4600,0,0.0
2014-07-02,8.25,17.5,8.25,14.0,64000,0,0.0
2014-07-03,14.0,14.5,10.75,13.0,20200,0,0.0
2014-07-07,13.0,15.5,13.0,15.5,21200,0,0.0
2014-07-08,15.5,15.5,13.75,15.0,17200,0,0.0
2014-07-09,15.0,18.25,15.0,17.5,40700,0,0.0
2014-07-10,17.5,17.5,15.0,17.25,12000,0,0.0
2014-07-11,16.75,18.0,16.5,18.0,14300,0,0.0
2014-07-14,18.0,18.5,16.75,18.5,10500,0,0.0
2014-07-15,18.5,19.75,17.75,18.5,12600,0,0.0
2014-07-16,19.0,21.25,17.25,20.5,28300,0,0.0
2014-07-17,21.25,21.5,18.75,20.25,32000,0,0.0
2014-07-18,20.25,21.25,20.0,21.25,11000,0,0.0
2014-07-21,21.25,23.5,21.0,22.75,25700,0,0.0
2014-07-22,23.0,29.5,23.0,26.75,53700,0,0.0
2014-07-23,27.0,27.0,23.25,25.5,47200,0,0.0
2014-07-24,26.0,26.25,23.5,26.25,55700,0,0.0
2014-07-25,26.75,27.0,24.75,25.75,52500,0,0.0
2014-07-28,26.0,26.0,22.25,23.0,30400,0,0.0
2014-07-29,21.5,22.0,18.75,21.75,39500,0,0.0
2014-07-30,21.75,22.0,19.5,20.25,29700,0,0.0
2014-07-31,19.75,20.25,18.5,20.0,6700,0,0.0
2014-08-01,20.0,20.0,18.25,19.0,7400,0,0.0
2014-08-04,19.0,19.5,18.5,19.0,16600,0,0.0
2014-08-05,19.25,19.5,18.5,19.0,5400,0,0.0
2014-08-06,19.5,20.5,17.75,19.0,25300,0,0.0
2014-08-07,18.5,19.0,18.0,19.0,8500,0,0.0
2014-08-08,18.25,21.75,18.25,21.25,15000,0,0.0
2014-08-11,22.5,24.5,19.25,19.25,25700,0,0.0
2014-08-12,19.25,19.75,16.0,16.5,31100,0,0.0
2014-08-13,16.0,17.0,15.5,17.0,18000,0,0.0
2014-08-14,16.5,17.25,15.5,17.25,9500,0,0.0
2014-08-15,17.25,17.25,15.5,16.25,8600,0,0.0
2014-08-18,16.0,17.25,15.75,16.75,7200,0,0.0
2014-08-19,16.75,18.75,16.75,18.5,7600,0,0.0
2014-08-20,18.75,19.5,17.75,18.0,6200,0,0.0
2014-08-21,18.0,18.25,16.75,17.25,6800,0,0.0
2014-08-22,17.25,17.5,16.75,17.25,5200,0,0.0
2014-08-25,17.5,18.0,15.75,16.0,56900,0,0.0
2014-08-26,16.0,16.75,15.25,16.0,12300,0,0.0
2014-08-27,16.0,16.75,15.75,16.0,5800,0,0.0
2014-08-28,16.0,17.0,15.75,17.0,7100,0,0.0
2014-08-29,16.75,18.75,16.75,17.5,12500,0,0.0
2014-09-02,18.0,19.25,17.5,19.25,9100,0,0.0
2014-09-03,18.5,19.25,18.25,19.25,7100,0,0.0
2014-09-04,18.5,19.75,18.5,19.75,4200,0,0.0
2014-09-05,19.75,19.75,18.5,19.5,1300,0,0.0
2014-09-08,18.5,19.25,18.0,18.5,1900,0,0.0
2014-09-09,18.5,18.5,17.0,17.75,6500,0,0.0
2014-09-10,17.5,19.25,16.75,18.75,11300,0,0.0
2014-09-11,17.75,19.5,17.75,19.5,16400,0,0.0
2014-09-12,19.5,19.5,17.5,18.75,3500,0,0.0
2014-09-15,19.0,19.5,17.25,17.25,9800,0,0.0
2014-09-16,17.25,18.0,17.25,17.25,6300,0,0.0
2014-09-17,17.25,17.5,17.25,17.25,3100,0,0.0
2014-09-18,17.0,17.25,16.75,17.25,2100,0,0.0
2014-09-19,17.5,17.5,16.75,16.75,4200,0,0.0
2014-09-22,16.75,16.75,14.75,15.5,8300,0,0.0
2014-09-23,15.25,16.0,14.5,15.5,9400,0,0.0
2014-09-24,15.75,16.0,15.25,15.5,6000,0,0.0
2014-09-25,15.25,16.25,15.25,15.75,3000,0,0.0
2014-09-26,15.75,15.75,15.0,15.0,3200,0,0.0
2014-09-29,15.25,15.25,13.25,14.25,25800,0,0.0
2014-09-30,13.75,14.0,11.25,12.5,29900,0,0.0
2014-10-01,12.25,15.0,12.0,14.75,22200,0,0.0
2014-10-02,14.75,14.75,13.25,13.75,5900,0,0.0
2014-10-03,13.75,15.0,12.75,15.0,9900,0,0.0
2014-10-06,14.25,18.5,14.25,17.25,25900,0,0.0
2014-10-07,17.25,18.0,14.25,16.75,7500,0,0.0
2014-10-08,17.0,17.25,16.25,17.25,9800,0,0.0
2014-10-09,17.25,17.5,16.5,17.0,3900,0,0.0
2014-10-10,16.75,16.75,16.5,16.5,2900,0,0.0
2014-10-13,16.5,17.0,15.75,16.0,10800,0,0.0
2014-10-14,16.25,16.25,14.5,15.75,13700,0,0.0
2014-10-15,14.5,16.25,14.25,16.25,7800,0,0.0
2014-10-16,15.5,15.75,15.0,15.75,2200,0,0.0
2014-10-17,15.75,15.75,15.0,15.25,4600,0,0.0
2014-10-20,15.5,15.75,15.5,15.5,2100,0,0.0
2014-10-21,15.25,15.75,15.25,15.75,1500,0,0.0
2014-10-22,15.5,15.5,15.25,15.25,1200,0,0.0
2014-10-23,15.25,17.25,15.25,15.75,5600,0,0.0
2014-10-24,16.25,17.25,16.0,17.0,5900,0,0.0
2014-10-27,16.75,17.0,15.5,15.75,2200,0,0.0
2014-10-28,15.75,16.75,15.75,16.25,1100,0,0.0
2014-10-29,16.25,16.25,15.5,16.0,10800,0,0.0
2014-10-30,15.75,15.75,15.5,15.75,12300,0,0.0
2014-10-31,15.5,16.0,15.0,16.0,4400,0,0.0
2014-11-03,16.0,16.25,14.5,16.0,8600,0,0.0
2014-11-04,16.0,16.5,15.5,16.25,4800,0,0.0
2014-11-05,16.25,16.25,16.0,16.0,600,0,0.0
2014-11-06,16.0,16.25,15.5,16.25,2700,0,0.0
2014-11-07,16.0,17.75,16.0,17.5,15400,0,0.0
2014-11-10,17.75,17.75,15.75,16.0,12900,0,0.0
2014-11-11,16.0,16.25,15.5,16.25,7400,0,0.0
2014-11-12,16.25,16.25,14.5,16.0,14300,0,0.0
2014-11-13,16.0,16.0,14.75,15.0,8100,0,0.0
2014-11-14,15.0,15.5,14.25,15.0,22300,0,0.0
2014-11-17,15.5,15.5,14.5,14.75,6300,0,0.0
2014-11-18,14.25,15.5,14.0,14.75,22700,0,0.0
2014-11-19,14.75,15.5,13.75,14.5,15500,0,0.0
2014-11-20,14.25,14.5,13.75,14.5,4300,0,0.0
2014-11-21,14.0,14.5,14.0,14.25,10800,0,0.0
2014-11-24,14.25,14.75,14.25,14.75,11000,0,0.0
2014-11-25,14.75,14.75,14.5,14.75,7900,0,0.0
2014-11-26,14.25,14.5,14.0,14.5,1800,0,0.0
2014-11-28,14.0,14.5,13.75,14.25,800,0,0.0
2014-12-01,14.5,14.5,12.75,14.25,7700,0,0.0
2014-12-02,13.0,14.25,13.0,14.25,1400,0,0.0
2014-12-03,14.25,14.5,13.25,14.5,2200,0,0.0
2014-12-04,14.25,14.75,13.75,14.75,6900,0,0.0
2014-12-05,14.5,14.75,14.25,14.75,2800,0,0.0
2014-12-08,14.75,14.75,13.5,14.0,7000,0,0.0
2014-12-09,14.25,14.25,13.0,14.0,2600,0,0.0
2014-12-10,13.75,13.75,13.0,13.75,3200,0,0.0
2014-12-11,13.5,13.75,12.5,13.0,5800,0,0.0
2014-12-12,12.75,12.75,12.0,12.75,7600,0,0.0
2014-12-15,12.25,12.75,12.0,12.75,300,0,0.0
2014-12-16,12.75,12.75,12.75,12.75,0,0,0.0
2014-12-17,12.25,12.25,10.5,11.5,5400,0,0.0
2014-12-18,11.5,12.5,11.5,11.5,6400,0,0.0
2014-12-19,11.5,12.5,10.0,11.75,5200,0,0.0
2014-12-22,11.75,12.0,10.75,11.0,1800,0,0.0
2014-12-23,10.75,12.5,10.0,11.25,9000,0,0.0
2014-12-24,11.25,11.25,10.5,10.5,400,0,0.0
2014-12-26,10.75,11.0,10.25,11.0,1100,0,0.0
2014-12-29,10.5,11.0,10.25,10.75,2200,0,0.0
2014-12-30,10.25,10.5,10.0,10.5,1300,0,0.0
2014-12-31,10.0,10.5,9.25,10.5,8300,0,0.0
2015-01-02,10.0,10.75,10.0,10.75,800,0,0.0
2015-01-05,10.75,11.0,10.25,10.75,2300,0,0.0
2015-01-06,10.75,11.0,10.0,10.25,5400,0,0.0
2015-01-07,10.25,10.25,9.25,10.0,2700,0,0.0
2015-01-08,10.0,10.0,7.5,10.0,11600,0,0.0
2015-01-09,9.5,10.5,9.5,10.0,3800,0,0.0
2015-01-12,10.0,12.75,8.5,12.25,25900,0,0.0
2015-01-13,12.25,13.75,11.5,13.5,26900,0,0.0
2015-01-14,12.25,13.75,11.75,13.25,17700,0,0.0
2015-01-15,13.5,13.5,12.5,13.0,3200,0,0.0
2015-01-16,13.5,13.5,11.5,12.0,8800,0,0.0
2015-01-20,12.0,12.0,11.25,12.0,2900,0,0.0
2015-01-21,12.0,13.0,12.0,13.0,7200,0,0.0
2015-01-22,12.75,13.75,11.75,13.5,5900,0,0.0
2015-01-23,13.75,14.5,12.5,14.25,15200,0,0.0
2015-01-26,14.0,14.5,13.5,14.25,1600,0,0.0
2015-01-27,14.5,15.0,13.5,15.0,6600,0,0.0
2015-01-28,14.75,14.75,14.0,14.75,4100,0,0.0
2015-01-29,14.75,15.0,13.25,14.75,4300,0,0.0
2015-01-30,14.75,15.0,14.25,14.75,5000,0,0.0
2015-02-02,14.75,14.75,12.75,14.0,4700,0,0.0
2015-02-03,14.0,14.25,13.25,14.0,2300,0,0.0
2015-02-04,13.25,14.25,13.25,13.75,1900,0,0.0
2015-02-05,13.25,14.25,13.25,13.5,1500,0,0.0
2015-02-06,13.5,13.5,12.75,13.25,1100,0,0.0
2015-02-09,12.75,13.25,12.75,13.25,600,0,0.0
2015-02-10,13.0,13.25,12.75,13.25,3000,0,0.0
2015-02-11,12.75,14.0,12.75,14.0,1700,0,0.0
2015-02-12,13.25,13.25,12.75,13.25,400,0,0.0
2015-02-13,13.25,13.25,12.25,13.25,2500,0,0.0
2015-02-17,12.5,13.25,12.25,12.5,2300,0,0.0
2015-02-18,12.5,12.5,10.75,12.0,4500,0,0.0
2015-02-19,11.25,12.75,11.25,12.5,6100,0,0.0
2015-02-20,12.0,12.5,11.5,12.5,1900,0,0.0
2015-02-23,12.5,12.5,11.75,12.5,2100,0,0.0
2015-02-24,11.25,12.5,11.25,12.5,300,0,0.0
2015-02-25,11.5,12.5,11.5,12.5,400,0,0.0
2015-02-26,12.25,12.25,11.5,12.25,700,0,0.0
2015-02-27,12.0,12.25,11.5,12.25,2100,0,0.0
2015-03-02,12.25,12.25,11.5,12.25,1100,0,0.0
2015-03-03,11.75,12.25,11.5,12.0,1200,0,0.0
2015-03-04,11.75,12.25,11.0,12.0,3600,0,0.0
2015-03-05,11.5,12.0,11.0,11.75,1500,0,0.0
2015-03-06,11.0,11.75,11.0,11.75,1100,0,0.0
2015-03-09,11.25,12.0,11.0,12.0,2900,0,0.0
2015-03-10,12.25,12.25,11.25,11.75,1000,0,0.0
2015-03-11,11.25,11.75,11.0,11.0,500,0,0.0
2015-03-12,11.0,12.0,11.0,11.75,2200,0,0.0
2015-03-13,11.25,11.75,11.25,11.75,2600,0,0.0
2015-03-16,11.75,12.75,11.75,12.5,5700,0,0.0
2015-03-17,12.75,14.5,12.75,14.5,7500,0,0.0
2015-03-18,14.5,15.0,13.5,14.75,13300,0,0.0
2015-03-19,14.75,14.75,14.0,14.25,7200,0,0.0
2015-03-20,14.5,14.5,13.75,14.5,4300,0,0.0
2015-03-23,14.25,14.5,13.75,14.25,1900,0,0.0
2015-03-24,14.25,14.25,13.25,13.25,3100,0,0.0
2015-03-25,13.25,13.25,11.25,12.0,2600,0,0.0
2015-03-26,12.0,12.5,11.5,12.5,1400,0,0.0
2015-03-27,12.25,12.5,12.25,12.25,700,0,0.0
2015-03-30,12.0,12.0,10.25,10.5,7100,0,0.0
2015-03-31,10.75,10.75,10.25,10.25,6300,0,0.0
2015-04-01,10.0,10.0,5.75,7.75,72400,0,0.0
2015-04-02,8.0,8.25,7.25,7.75,7900,0,0.0
2015-04-06,7.25,8.25,7.25,8.0,9900,0,0.0
2015-04-07,8.0,8.0,6.5,7.75,4000,0,0.0
2015-04-08,7.5,7.75,7.0,7.75,4600,0,0.0
2015-04-09,7.75,7.75,7.75,7.75,1900,0,0.0
2015-04-10,7.75,9.0,7.5,8.25,1700,0,0.0
2015-04-13,8.0,8.0,7.5,8.0,3200,0,0.0
2015-04-14,7.5,8.0,5.75,7.0,25300,0,0.0
2015-04-15,6.5,7.0,6.25,7.0,15000,0,0.0
2015-04-16,7.25,7.5,6.75,7.0,8300,0,0.0
2015-04-17,6.75,6.75,6.0,6.25,3100,0,0.0
2015-04-20,6.25,6.25,3.0,4.0,20400,0,0.0
2015-04-21,3.5,4.25,2.25,2.5,35600,0,0.0
2015-04-22,2.5,4.5,2.5,4.5,18800,0,0.0
2015-04-23,4.25,4.5,3.25,3.5,27600,0,0.0
2015-04-24,3.5,4.5,3.5,4.5,2500,0,0.0
2015-04-27,4.5,4.75,4.25,4.75,4300,0,0.0
2015-04-28,5.0,6.75,5.0,6.75,14200,0,0.0
2015-04-29,6.5,6.5,5.75,6.5,3000,0,0.0
2015-04-30,6.25,6.25,5.0,6.0,4100,0,0.0
2015-05-01,5.0,6.0,5.0,6.0,300,0,0.0
2015-05-04,5.25,5.5,4.5,5.5,5600,0,0.0
2015-05-05,5.25,5.75,5.25,5.75,1700,0,0.0
2015-05-06,5.75,5.75,5.25,5.75,600,0,0.0
2015-05-07,5.5,5.5,5.25,5.25,1700,0,0.0
2015-05-08,5.25,5.5,4.75,5.5,1500,0,0.0
2015-05-11,5.25,5.75,5.0,5.5,2000,0,0.0
2015-05-12,4.75,5.5,4.75,4.75,1500,0,0.0
2015-05-13,4.75,4.75,4.5,4.5,13700,0,0.0
2015-05-14,4.5,4.5,4.5,4.5,600,0,0.0
2015-05-15,4.5,4.5,4.5,4.5,1600,0,0.0
2015-05-18,4.5,4.5,4.25,4.25,3700,0,0.0
2015-05-19,4.5,4.5,4.25,4.5,1900,0,0.0
2015-05-20,4.5,4.5,4.25,4.25,3400,0,0.0
2015-05-21,4.25,4.5,4.0,4.25,3800,0,0.0
2015-05-22,4.25,4.25,4.0,4.25,1300,0,0.0
2015-05-26,4.25,4.25,4.25,4.25,200,0,0.0
2015-05-27,3.75,4.25,3.75,4.0,1400,0,0.0
2015-05-28,3.75,4.0,3.75,4.0,200,0,0.0
2015-05-29,4.0,4.0,3.75,4.0,300,0,0.0
2015-06-01,4.0,4.0,3.75,4.0,200,0,0.0
2015-06-02,4.0,4.0,4.0,4.0,400,0,0.0
2015-06-03,4.0,4.0,4.0,4.0,0,0,0.0
2015-06-04,3.75,4.0,3.75,4.0,2100,0,0.0
2015-06-05,4.0,4.0,3.75,4.0,2200,0,0.0
2015-06-08,3.75,4.0,3.75,4.0,500,0,0.0
2015-06-09,3.75,4.0,3.75,3.75,1000,0,0.0
2015-06-10,3.75,3.75,3.5,3.75,600,0,0.0
2015-06-11,3.25,3.5,2.75,3.5,7500,0,0.0
2015-06-12,3.25,3.75,3.25,3.75,1500,0,0.0
2015-06-15,3.75,3.75,3.5,3.75,600,0,0.0
2015-06-16,3.5,3.75,3.0,3.75,3200,0,0.0
2015-06-17,3.25,4.0,3.25,3.75,1700,0,0.0
2015-06-18,3.5,3.75,3.5,3.5,1800,0,0.0
2015-06-19,3.5,3.5,3.25,3.5,2900,0,0.0
2015-06-22,3.5,3.5,2.5,3.25,2300,0,0.0
2015-06-23,3.25,3.5,3.0,3.5,4600,0,0.0
2015-06-24,3.25,3.5,2.75,3.5,1800,0,0.0
2015-06-25,3.5,3.5,3.5,3.5,200,0,0.0
2015-06-26,3.5,3.5,3.0,3.0,2600,0,0.0
2015-06-29,2.75,3.5,2.75,3.5,1300,0,0.0
2015-06-30,3.25,3.75,3.25,3.5,3200,0,0.0
2015-07-01,3.5,3.5,3.5,3.5,1000,0,0.0
2015-07-02,3.5,3.5,3.5,3.5,400,0,0.0
2015-07-06,3.5,3.5,3.25,3.5,200,0,0.0
2015-07-07,3.5,3.5,3.5,3.5,700,0,0.0
2015-07-08,3.5,3.5,3.0,3.25,5100,0,0.0
2015-07-09,3.25,3.25,3.0,3.25,1500,0,0.0
2015-07-10,3.25,3.5,3.0,3.5,200,0,0.0
2015-07-13,3.5,3.5,3.0,3.5,800,0,0.0
2015-07-14,3.25,3.25,3.25,3.25,1900,0,0.0
2015-07-15,3.0,3.5,3.0,3.5,1300,0,0.0
2015-07-16,3.25,3.25,3.25,3.25,2000,0,0.0
2015-07-17,3.25,3.75,3.25,3.75,4300,0,0.0
2015-07-20,3.5,3.5,3.25,3.25,2100,0,0.0
2015-07-21,3.0,3.25,2.5,3.0,5800,0,0.0
2015-07-22,2.5,3.25,2.0,2.5,7500,0,0.0
2015-07-23,2.5,3.25,2.5,3.0,9800,0,0.0
2015-07-24,2.75,3.25,2.75,3.0,6000,0,0.0
2015-07-27,3.75,3.75,2.75,3.0,100,0,0.0
2015-07-28,3.0,3.0,3.0,3.0,0,0,0.0
2015-07-29,2.75,2.75,2.5,2.5,2900,0,0.0
2015-07-30,2.25,2.5,2.25,2.5,2400,0,0.0
2015-07-31,2.0,2.25,1.25,2.25,2800,0,0.0
2015-08-03,2.0,2.0,2.0,2.0,0,0,0.0
2015-08-04,1.75,2.25,1.75,2.25,5200,0,0.0
2015-08-05,2.25,2.25,2.25,2.25,700,0,0.0
2015-08-06,2.0,2.75,2.0,2.5,600,0,0.0
2015-08-07,2.5,2.5,2.5,2.5,300,0,0.0
2015-08-10,2.25,2.5,2.25,2.5,100,0,0.0
2015-08-11,2.25,2.25,1.75,2.0,2700,0,0.0
2015-08-12,2.0,2.25,2.0,2.25,600,0,0.0
2015-08-13,2.25,2.25,2.25,2.25,0,0,0.0
2015-08-14,2.25,2.25,2.25,2.25,0,0,0.0
2015-08-17,2.0,2.0,2.0,2.0,800,0,0.0
2015-08-18,2.25,2.25,2.0,2.0,900,0,0.0
2015-08-19,2.0,2.0,2.0,2.0,0,0,0.0
2015-08-20,1.75,1.75,1.75,1.75,0,0,0.0
2015-08-21,1.75,1.75,1.75,1.75,1900,0,0.0
2015-08-24,1.75,1.75,1.75,1.75,1300,0,0.0
2015-08-25,1.75,1.75,1.75,1.75,0,0,0.0
2015-08-26,1.75,1.75,1.75,1.75,1200,0,0.0
2015-08-27,1.75,1.75,1.75,1.75,0,0,0.0
2015-08-28,1.5,1.75,1.5,1.75,1800,0,0.0
2015-08-31,1.75,1.75,1.75,1.75,0,0,0.0
2015-09-01,1.5,1.5,1.5,1.5,600,0,0.0
2015-09-02,1.5,1.75,1.5,1.5,200,0,0.0
2015-09-03,1.75,1.75,1.25,1.5,2700,0,0.0
2015-09-04,1.5,1.5,1.25,1.5,2500,0,0.0
2015-09-08,1.5,1.5,1.5,1.5,0,0,0.0
2015-09-09,1.5,1.5,1.5,1.5,0,0,0.0
2015-09-10,1.5,1.5,1.5,1.5,0,0,0.0
2015-09-11,1.5,1.5,1.5,1.5,0,0,0.0
2015-09-14,1.5,1.5,1.5,1.5,200,0,0.0
2015-09-15,1.5,1.5,1.5,1.5,1200,0,0.0
2015-09-16,1.25,1.25,1.0,1.0,5300,0,0.0
2015-09-17,1.0,1.0,1.0,1.0,1100,0,0.0
2015-09-18,1.0,1.0,1.0,1.0,1900,0,0.0
2015-09-21,1.0,1.25,1.0,1.25,5200,0,0.0
2015-09-22,1.25,1.25,1.25,1.25,0,0,0.0
2015-09-23,1.25,1.25,1.25,1.25,0,0,0.0
2015-09-24,1.0,1.25,1.0,1.25,100,0,0.0
2015-09-25,1.0,1.0,1.0,1.0,300,0,0.0
2015-09-28,1.0,1.0,1.0,1.0,0,0,0.0
2015-09-29,1.25,1.25,1.0,1.25,1500,0,0.0
2015-09-30,1.25,1.5,1.25,1.5,1400,0,0.0
2015-10-01,1.5,1.5,1.5,1.5,0,0,0.0
2015-10-02,1.5,1.5,1.5,1.5,0,0,0.0
2015-10-05,1.5,1.5,1.25,1.25,600,0,0.0
2015-10-06,1.25,1.25,1.25,1.25,0,0,0.0
2015-10-07,1.5,1.5,1.5,1.5,200,0,0.0
2015-10-08,1.5,1.5,1.5,1.5,0,0,0.0
2015-10-09,1.5,1.5,1.5,1.5,0,0,0.0
2015-10-12,1.25,1.25,1.25,1.25,0,0,0.0
2015-10-13,1.25,1.25,1.25,1.25,0,0,0.0
2015-10-14,1.5,1.5,1.5,1.5,2400,0,0.0
2015-10-15,1.5,1.5,1.5,1.5,4900,0,0.0
2015-10-16,1.25,1.5,1.25,1.25,2900,0,0.0
2015-10-19,1.25,1.25,1.25,1.25,0,0,0.0
2015-10-20,1.25,1.25,1.25,1.25,0,0,0.0
2015-10-21,1.25,1.25,1.25,1.25,0,0,0.0
2015-10-22,1.25,1.25,1.25,1.25,0,0,0.0
2015-10-23,1.25,1.25,1.25,1.25,0,0,0.0
2015-10-26,1.25,1.25,1.25,1.25,0,0,0.0
2015-10-27,1.25,1.25,1.25,1.25,800,0,0.0
2015-10-28,1.25,1.25,1.25,1.25,0,0,0.0
2015-10-29,1.25,1.25,1.25,1.25,0,0,0.0
2015-10-30,1.0,1.0,0.75,1.0,7000,0,0.0
2015-11-02,1.0,1.0,0.75,0.75,10900,0,0.0
2015-11-03,0.75,0.75,0.75,0.75,12600,0,0.0
2015-11-04,0.75,0.75,0.75,0.75,4200,0,0.0
2015-11-05,0.75,0.75,0.75,0.75,500,0,0.0
2015-11-06,0.75,0.75,0.75,0.75,200,0,0.0
2015-11-09,0.75,0.75,0.75,0.75,2000,0,0.0
2015-11-10,0.75,1.0,0.75,0.75,42200,0,0.0
2015-11-11,0.75,0.75,0.75,0.75,13800,0,0.0
2015-11-12,0.75,0.75,0.75,0.75,8400,0,0.0
2015-11-13,0.75,1.25,0.75,1.25,8200,0,0.0
2015-11-16,1.0,1.25,1.0,1.25,9300,0,0.0
2015-11-17,1.0,1.0,1.0,1.0,2000,0,0.0
2015-11-18,1.25,1.25,1.0,1.0,3600,0,0.0
2015-11-19,1.0,1.25,1.0,1.25,2400,0,0.0
2015-11-20,1.25,1.5,1.25,1.25,3100,0,0.0
2015-11-23,1.25,1.5,1.25,1.25,9100,0,0.0
2015-11-24,1.25,1.25,1.25,1.25,800,0,0.0
2015-11-25,1.25,1.5,1.25,1.5,6800,0,0.0
2015-11-27,1.5,1.5,1.5,1.5,16000,0,0.0
2015-11-30,1.25,1.25,1.0,1.25,11700,0,0.0
2015-12-01,1.25,1.25,1.25,1.25,13500,0,0.0
2015-12-02,1.25,1.25,1.25,1.25,2000,0,0.0
2015-12-03,1.25,1.25,1.0,1.25,3800,0,0.0
2015-12-04,1.0,1.25,0.75,1.0,22000,0,0.0
2015-12-07,1.0,1.25,1.0,1.0,33200,0,0.0
2015-12-08,1.0,1.0,1.0,1.0,1700,0,0.0
2015-12-09,1.0,1.0,1.0,1.0,600,0,0.0
2015-12-10,1.0,1.5,1.0,1.25,40500,0,0.0
2015-12-11,1.5,1.5,1.25,1.5,2600,0,0.0
2015-12-14,1.5,1.5,1.5,1.5,2700,0,0.0
2015-12-15,1.25,1.25,1.25,1.25,300,0,0.0
2015-12-16,1.25,1.5,1.25,1.25,3000,0,0.0
2015-12-17,1.25,1.25,1.0,1.25,66000,0,0.0
2015-12-18,1.0,1.25,1.0,1.25,12400,0,0.0
2015-12-21,1.25,1.25,1.0,1.0,1200,0,0.0
2015-12-22,1.0,1.0,1.0,1.0,500,0,0.0
2015-12-23,1.0,1.25,1.0,1.0,1400,0,0.0
2015-12-24,1.0,1.0,1.0,1.0,100,0,0.0
2015-12-28,1.0,1.25,1.0,1.0,1200,0,0.0
2015-12-29,1.25,1.25,1.0,1.0,500,0,0.0
2015-12-30,1.0,1.0,1.0,1.0,0,0,0.0
2015-12-31,1.25,1.25,0.75,0.75,10200,0,0.0
2016-01-04,1.0,1.0,0.75,1.0,1500,0,0.0
2016-01-05,1.0,1.25,0.75,1.0,2000,0,0.0
2016-01-06,1.0,1.0,1.0,1.0,2000,0,0.0
2016-01-07,1.25,1.25,1.0,1.0,4000,0,0.0
2016-01-08,1.0,1.0,1.0,1.0,100,0,0.0
2016-01-11,1.0,1.0,1.0,1.0,2100,0,0.0
2016-01-12,1.0,1.0,1.0,1.0,2600,0,0.0
2016-01-13,1.25,1.25,1.0,1.0,8900,0,0.0
2016-01-14,1.0,1.0,1.0,1.0,500,0,0.0
2016-01-15,1.0,1.0,1.0,1.0,300,0,0.0
2016-01-19,1.0,1.0,1.0,1.0,400,0,0.0
2016-01-20,1.0,1.0,1.0,1.0,0,0,0.0
2016-01-21,1.0,1.0,1.0,1.0,0,0,0.0
2016-01-22,1.0,1.0,0.75,1.0,5500,0,0.0
2016-01-25,1.0,1.0,1.0,1.0,0,0,0.0
2016-01-26,1.0,1.0,1.0,1.0,5700,0,0.0
2016-01-27,1.0,1.0,1.0,1.0,800,0,0.0
2016-01-28,1.0,1.0,1.0,1.0,3100,0,0.0
2016-01-29,1.0,1.0,1.0,1.0,700,0,0.0
2016-02-01,1.0,1.0,1.0,1.0,3400,0,0.0
2016-02-02,1.0,1.0,1.0,1.0,0,0,0.0
2016-02-03,1.0,1.0,1.0,1.0,0,0,0.0
2016-02-04,1.0,1.0,1.0,1.0,0,0,0.0
2016-02-05,1.0,1.25,1.0,1.25,3500,0,0.0
2016-02-08,1.25,1.25,1.25,1.25,800,0,0.0
2016-02-09,1.25,1.25,1.0,1.25,1900,0,0.0
2016-02-10,1.25,1.25,1.25,1.25,0,0,0.0
2016-02-11,1.25,1.25,1.25,1.25,0,0,0.0
2016-02-12,1.25,1.25,1.25,1.25,0,0,0.0
2016-02-16,1.25,1.25,1.0,1.25,3800,0,0.0
2016-02-17,1.0,1.0,1.0,1.0,400,0,0.0
2016-02-18,1.0,1.0,1.0,1.0,1200,0,0.0
2016-02-19,1.0,1.25,1.0,1.0,4200,0,0.0
2016-02-22,1.0,4.5,1.0,3.0,20400,0,0.0
2016-02-23,3.0,3.75,2.5,2.5,11700,0,0.0
2016-02-24,3.75,3.75,1.75,1.75,34300,0,0.0
2016-02-25,2.0,3.0,1.75,2.75,53900,0,0.0
2016-02-26,2.75,3.0,2.5,2.75,3600,0,0.0
2016-02-29,2.5,2.75,2.5,2.5,800,0,0.0
2016-03-01,2.75,3.5,2.75,3.0,19700,0,0.0
2016-03-02,3.0,3.25,3.0,3.25,1000,0,0.0
2016-03-03,3.25,3.5,3.25,3.5,4900,0,0.0
2016-03-04,3.5,4.25,3.5,3.75,3800,0,0.0
2016-03-07,4.25,4.75,4.0,4.75,2800,0,0.0
2016-03-08,4.75,5.25,4.5,4.75,13900,0,0.0
2016-03-09,4.75,5.0,4.5,4.75,7400,0,0.0
2016-03-10,4.75,4.75,4.75,4.75,0,0,0.0
2016-03-11,4.25,5.0,4.25,4.75,13000,0,0.0
2016-03-14,4.5,4.5,4.5,4.5,900,0,0.0
2016-03-15,4.75,4.75,4.25,4.5,1000,0,0.0
2016-03-16,4.25,4.5,3.5,4.5,500,0,0.0
2016-03-17,4.5,4.5,3.75,3.75,500,0,0.0
2016-03-18,3.25,4.25,3.25,4.0,5500,0,0.0
2016-03-21,4.0,4.0,4.0,4.0,0,0,0.0
2016-03-22,4.5,4.75,4.25,4.75,7300,0,0.0
2016-03-23,4.75,4.75,4.25,4.25,1100,0,0.0
2016-03-24,4.75,4.75,4.5,4.5,2200,0,0.0
2016-03-28,4.75,4.75,4.5,4.5,2000,0,0.0
2016-03-29,4.5,4.75,4.0,4.5,4400,0,0.0
2016-03-30,4.75,4.75,4.75,4.75,0,0,0.0
2016-03-31,4.75,5.0,4.0,4.0,10400,0,0.0
2016-04-01,4.75,5.0,4.25,4.75,9700,0,0.0
2016-04-04,4.75,4.75,4.0,4.75,600,0,0.0
2016-04-05,4.75,5.25,4.5,4.5,1400,0,0.0
2016-04-06,4.75,4.75,4.25,4.75,3400,0,0.0
2016-04-07,4.75,4.75,4.75,4.75,300,0,0.0
2016-04-08,4.75,4.75,4.25,4.5,200,0,0.0
2016-04-11,4.5,4.5,4.0,4.0,2000,0,0.0
2016-04-12,4.0,4.0,4.0,4.0,0,0,0.0
2016-04-13,4.0,4.0,3.5,3.75,1200,0,0.0
2016-04-14,3.75,5.25,3.75,5.0,1400,0,0.0
2016-04-15,4.25,4.25,4.25,4.25,0,0,0.0
2016-04-18,4.25,4.5,4.25,4.5,8100,0,0.0
2016-04-19,4.5,4.5,4.25,4.5,2500,0,0.0
2016-04-20,4.25,5.0,4.25,4.5,1400,0,0.0
2016-04-21,4.5,4.75,4.25,4.75,4500,0,0.0
2016-04-22,4.75,4.75,4.75,4.75,1300,0,0.0
2016-04-25,4.75,4.75,4.75,4.75,300,0,0.0
2016-04-26,4.75,4.75,4.75,4.75,1200,0,0.0
2016-04-27,4.75,4.75,4.75,4.75,600,0,0.0
2016-04-28,4.75,4.75,4.75,4.75,300,0,0.0
2016-04-29,4.75,4.75,4.5,4.75,3600,0,0.0
2016-05-02,4.5,4.75,4.5,4.75,22800,0,0.0
2016-05-03,4.75,4.75,4.5,4.5,1200,0,0.0
2016-05-04,4.5,4.5,4.5,4.5,0,0,0.0
2016-05-05,4.5,4.5,4.5,4.5,1000,0,0.0
2016-05-06,4.25,4.25,4.25,4.25,400,0,0.0
2016-05-09,4.0,4.0,4.0,4.0,100,0,0.0
2016-05-10,4.5,4.5,4.0,4.0,600,0,0.0
2016-05-11,4.0,4.0,4.0,4.0,0,0,0.0
2016-05-12,4.25,4.75,4.25,4.5,3000,0,0.0
2016-05-13,4.5,4.75,4.25,4.5,6600,0,0.0
2016-05-16,4.5,4.75,4.5,4.75,5100,0,0.0
2016-05-17,4.5,4.5,4.25,4.25,1500,0,0.0
2016-05-18,4.5,4.75,4.25,4.5,700,0,0.0
2016-05-19,4.75,4.75,4.25,4.5,900,0,0.0
2016-05-20,4.5,4.5,4.25,4.25,0,0,0.0
2016-05-23,4.25,4.25,4.25,4.25,1200,0,0.0
2016-05-24,4.5,4.5,4.5,4.5,2300,0,0.0
2016-05-25,4.75,4.75,4.5,4.5,20700,0,0.0
2016-05-26,4.75,4.75,4.75,4.75,2900,0,0.0
2016-05-27,4.75,5.0,4.5,4.5,2500,0,0.0
2016-05-31,4.5,4.5,4.0,4.5,6900,0,0.0
2016-06-01,4.5,4.5,4.5,4.5,4000,0,0.0
2016-06-02,4.0,4.0,4.0,4.0,0,0,0.0
2016-06-03,4.25,4.5,4.0,4.0,600,0,0.0
2016-06-06,4.25,4.25,4.0,4.0,500,0,0.0
2016-06-07,4.25,4.25,4.0,4.25,1200,0,0.0
2016-06-08,4.25,4.25,4.25,4.25,300,0,0.0
2016-06-09,4.25,4.5,4.25,4.5,2700,0,0.0
2016-06-10,4.5,4.5,4.5,4.5,300,0,0.0
2016-06-13,4.5,4.5,4.5,4.5,0,0,0.0
2016-06-14,4.25,4.5,4.25,4.25,900,0,0.0
2016-06-15,4.25,4.25,3.75,3.75,3900,0,0.0
2016-06-16,4.0,4.0,3.5,3.5,1700,0,0.0
2016-06-17,3.5,3.5,3.25,3.25,8700,0,0.0
2016-06-20,3.25,3.25,3.25,3.25,800,0,0.0
2016-06-21,3.25,4.0,3.25,4.0,500,0,0.0
2016-06-22,4.0,4.0,4.0,4.0,0,0,0.0
2016-06-23,3.75,4.25,3.75,4.0,400,0,0.0
2016-06-24,4.0,4.0,4.0,4.0,300,0,0.0
2016-06-27,4.0,4.0,4.0,4.0,100,0,0.0
2016-06-28,4.0,4.0,4.0,4.0,0,0,0.0
2016-06-29,4.0,4.0,4.0,4.0,2000,0,0.0
2016-06-30,4.0,4.0,4.0,4.0,0,0,0.0
2016-07-01,3.75,3.75,3.5,3.5,4200,0,0.0
2016-07-05,3.75,3.75,3.75,3.75,0,0,0.0
2016-07-06,3.75,3.75,3.75,3.75,0,0,0.0
2016-07-07,4.25,4.25,4.25,4.25,2100,0,0.0
2016-07-08,4.0,4.25,3.75,4.0,4900,0,0.0
2016-07-11,3.75,4.0,3.75,4.0,1400,0,0.0
2016-07-12,3.75,3.75,3.75,3.75,0,0,0.0
2016-07-13,3.75,4.25,3.5,4.0,2400,0,0.0
2016-07-14,4.0,4.0,4.0,4.0,0,0,0.0
2016-07-15,4.0,4.0,4.0,4.0,500,0,0.0
2016-07-18,4.0,4.0,4.0,4.0,600,0,0.0
2016-07-19,3.75,4.25,3.75,4.25,1900,0,0.0
2016-07-20,4.0,4.0,3.5,4.0,3600,0,0.0
2016-07-21,3.5,3.75,3.25,3.25,9000,0,0.0
2016-07-22,3.25,3.25,3.25,3.25,0,0,0.0
2016-07-25,3.25,3.25,3.25,3.25,0,0,0.0
2016-07-26,3.0,3.0,3.0,3.0,100,0,0.0
2016-07-27,3.5,3.75,3.5,3.75,4600,0,0.0
2016-07-28,3.75,3.75,3.75,3.75,0,0,0.0
2016-07-29,3.75,3.75,3.75,3.75,0,0,0.0
2016-08-01,3.5,3.75,3.5,3.75,1400,0,0.0
2016-08-02,3.5,3.75,3.5,3.5,400,0,0.0
2016-08-03,3.5,3.5,3.5,3.5,0,0,0.0
2016-08-04,3.75,3.75,3.75,3.75,1400,0,0.0
2016-08-05,3.75,4.5,3.75,4.0,6400,0,0.0
2016-08-08,4.0,4.0,3.75,3.75,2100,0,0.0
2016-08-09,3.75,4.25,3.75,3.75,1400,0,0.0
2016-08-10,3.75,4.0,3.75,4.0,1600,0,0.0
2016-08-11,3.5,3.5,3.5,3.5,2400,0,0.0
2016-08-12,3.0,3.5,3.0,3.5,2000,0,0.0
2016-08-15,3.25,3.25,3.25,3.25,0,0,0.0
2016-08-16,3.25,3.25,3.25,3.25,0,0,0.0
2016-08-17,3.25,3.5,3.25,3.25,400,0,0.0
2016-08-18,3.25,3.25,3.0,3.25,800,0,0.0
2016-08-19,3.25,3.25,3.0,3.0,6600,0,0.0
2016-08-22,3.25,3.25,2.5,3.0,21700,0,0.0
2016-08-23,3.0,3.5,3.0,3.5,4500,0,0.0
2016-08-24,3.5,3.5,3.0,3.0,3000,0,0.0
2016-08-25,1.75,3.0,1.75,3.0,3800,0,0.0
2016-08-26,3.5,3.5,3.5,3.5,600,0,0.0
2016-08-29,3.0,3.5,3.0,3.5,800,0,0.0
2016-08-30,3.75,4.0,3.5,3.5,6200,0,0.0
2016-08-31,4.5,4.5,3.5,3.75,300,0,0.0
2016-09-01,3.75,3.75,3.75,3.75,0,0,0.0
2016-09-02,3.25,3.5,3.25,3.5,100,0,0.0
2016-09-06,3.5,4.25,3.5,4.25,2500,0,0.0
2016-09-07,4.0,4.0,4.0,4.0,0,0,0.0
2016-09-08,3.5,3.75,3.5,3.75,200,0,0.0
2016-09-09,4.0,4.0,4.0,4.0,800,0,0.0
2016-09-12,4.0,4.0,4.0,4.0,0,0,0.0
2016-09-13,3.5,3.5,3.5,3.5,100,0,0.0
2016-09-14,3.5,3.5,3.5,3.5,0,0,0.0
2016-09-15,3.5,3.5,3.5,3.5,400,0,0.0
2016-09-16,3.0,3.75,3.0,3.75,1700,0,0.0
2016-09-19,3.75,3.75,3.75,3.75,0,0,0.0
2016-09-20,3.75,3.75,3.75,3.75,0,0,0.0
2016-09-21,3.5,3.5,3.5,3.5,400,0,0.0
2016-09-22,3.5,3.5,3.5,3.5,0,0,0.0
2016-09-23,3.5,3.5,3.5,3.5,0,0,0.0
2016-09-26,3.25,3.25,3.25,3.25,0,0,0.0
2016-09-27,3.0,3.25,3.0,3.25,200,0,0.0
2016-09-28,3.25,3.25,3.25,3.25,0,0,0.0
2016-09-29,3.25,3.25,3.0,3.25,1200,0,0.0
2016-09-30,3.75,3.75,3.75,3.75,800,0,0.0
2016-10-03,3.0,3.0,3.0,3.0,400,0,0.0
2016-10-04,3.0,3.0,3.0,3.0,100,0,0.0
2016-10-05,3.0,3.0,3.0,3.0,0,0,0.0
2016-10-06,3.5,3.5,3.5,3.5,0,0,0.0
2016-10-07,3.5,3.5,3.5,3.5,0,0,0.0
2016-10-10,3.5,3.5,3.5,3.5,0,0,0.0
2016-10-11,3.0,3.0,3.0,3.0,0,0,0.0
2016-10-12,3.0,3.0,3.0,3.0,0,0,0.0
2016-10-13,3.0,3.0,3.0,3.0,0,0,0.0
2016-10-14,3.0,3.0,3.0,3.0,0,0,0.0
2016-10-17,3.0,3.0,3.0,3.0,300,0,0.0
2016-10-18,3.0,3.5,2.75,3.5,1700,0,0.0
2016-10-19,2.75,2.75,1.75,1.75,400,0,0.0
2016-10-20,3.0,3.5,3.0,3.5,6000,0,0.0
2016-10-21,3.5,3.5,3.5,3.5,0,0,0.0
2016-10-24,3.5,3.5,3.5,3.5,0,0,0.0
2016-10-25,3.5,3.5,3.5,3.5,100,0,0.0
2016-10-26,3.25,3.5,3.25,3.5,2200,0,0.0
2016-10-27,3.5,3.5,3.5,3.5,0,0,0.0
2016-10-28,3.25,3.25,3.25,3.25,0,0,0.0
2016-10-31,3.25,3.25,3.25,3.25,2000,0,0.0
2016-11-01,2.75,2.75,2.75,2.75,100,0,0.0
2016-11-02,3.5,3.5,2.75,2.75,1000,0,0.0
2016-11-03,3.5,3.5,3.5,3.5,600,0,0.0
2016-11-04,3.5,3.5,2.75,3.5,1600,0,0.0
2016-11-07,3.5,3.75,3.0,3.0,1400,0,0.0
2016-11-08,3.0,3.0,3.0,3.0,200,0,0.0
2016-11-09,3.0,3.0,3.0,3.0,700,0,0.0
2016-11-10,2.5,2.5,2.5,2.5,1100,0,0.0
2016-11-11,2.75,2.75,2.75,2.75,2100,0,0.0
2016-11-14,3.0,3.0,2.0,2.5,18000,0,0.0
2016-11-15,2.5,3.25,2.25,3.25,22400,0,0.0
2016-11-16,2.5,3.0,2.5,2.75,22100,0,0.0
2016-11-17,2.75,2.75,2.75,2.75,7500,0,0.0
2016-11-18,2.75,3.5,2.75,3.0,7400,0,0.0
2016-11-21,3.5,3.5,3.0,3.0,1200,0,0.0
2016-11-22,3.0,3.0,3.0,3.0,14400,0,0.0
2016-11-23,3.0,3.0,3.0,3.0,0,0,0.0
2016-11-25,3.0,3.0,3.0,3.0,3200,0,0.0
2016-11-28,3.25,3.25,3.25,3.25,100,0,0.0
2016-11-29,3.25,3.25,3.25,3.25,100,0,0.0
2016-11-30,3.25,3.25,3.0,3.25,1100,0,0.0
2016-12-01,2.75,3.0,2.75,3.0,10600,0,0.0
2016-12-02,3.0,3.25,3.0,3.0,3800,0,0.0
2016-12-05,3.0,3.75,3.0,3.5,5600,0,0.0
2016-12-06,3.0,3.5,3.0,3.5,10100,0,0.0
2016-12-07,3.75,3.75,3.5,3.5,2800,0,0.0
2016-12-08,3.5,4.75,3.5,3.5,20900,0,0.0
2016-12-09,3.5,3.75,3.5,3.5,12000,0,0.0
2016-12-12,3.5,3.5,3.5,3.5,3100,0,0.0
2016-12-13,3.75,4.0,3.5,3.75,800,0,0.0
2016-12-14,3.75,4.0,3.75,3.75,2100,0,0.0
2016-12-15,4.0,4.0,3.75,4.0,10100,0,0.0
2016-12-16,4.0,4.25,4.0,4.25,15600,0,0.0
2016-12-19,4.25,4.25,3.25,3.75,9100,0,0.0
2016-12-20,3.75,4.0,3.75,3.75,19300,0,0.0
2016-12-21,3.75,3.75,3.75,3.75,3500,0,0.0
2016-12-22,3.75,3.75,3.5,3.75,8600,0,0.0
2016-12-23,3.5,3.5,3.0,3.25,23100,0,0.0
2016-12-27,3.0,3.75,3.0,3.5,14800,0,0.0
2016-12-28,3.0,3.5,3.0,3.5,300,0,0.0
2016-12-29,3.5,3.5,3.5,3.5,0,0,0.0
2016-12-30,3.75,4.0,3.5,3.5,500,0,0.0
2017-01-03,3.75,4.0,2.75,3.0,15000,0,0.0
2017-01-04,3.25,3.5,3.25,3.5,1900,0,0.0
2017-01-05,4.0,4.5,4.0,4.25,14000,0,0.0
2017-01-06,4.25,5.0,4.25,4.75,3300,0,0.0
2017-01-09,4.75,5.0,3.75,4.5,3800,0,0.0
2017-01-10,4.25,4.5,4.25,4.25,1400,0,0.0
2017-01-11,4.5,4.5,4.25,4.25,900,0,0.0
2017-01-12,4.25,4.5,4.0,4.0,14100,0,0.0
2017-01-13,3.5,3.75,3.25,3.25,26300,0,0.0
2017-01-17,3.5,3.5,3.25,3.25,7900,0,0.0
2017-01-18,3.25,3.5,3.25,3.25,4100,0,0.0
2017-01-19,3.25,3.5,3.0,3.0,25000,0,0.0
2017-01-20,3.0,3.25,3.0,3.0,3400,0,0.0
2017-01-23,3.25,3.75,3.0,3.25,8700,0,0.0
2017-01-24,3.5,3.5,3.5,3.5,200,0,0.0
2017-01-25,3.0,3.5,3.0,3.25,1400,0,0.0
2017-01-26,3.5,3.5,3.25,3.25,2700,0,0.0
2017-01-27,3.25,3.5,3.25,3.25,1600,0,0.0
2017-01-30,3.5,3.5,3.0,3.0,13100,0,0.0
2017-01-31,3.0,3.25,3.0,3.0,1400,0,0.0
2017-02-01,3.0,3.25,3.0,3.25,3200,0,0.0
2017-02-02,3.25,3.5,3.0,3.25,2800,0,0.0
2017-02-03,3.25,3.25,3.25,3.25,3400,0,0.0
2017-02-06,3.25,3.5,3.25,3.25,4500,0,0.0
2017-02-07,3.25,3.25,3.0,3.0,3400,0,0.0
2017-02-08,3.0,3.25,3.0,3.0,2800,0,0.0
2017-02-09,3.25,3.25,3.0,3.25,1600,0,0.0
2017-02-10,3.0,3.25,3.0,3.25,800,0,0.0
2017-02-13,3.25,3.5,3.25,3.25,3200,0,0.0
2017-02-14,3.5,3.5,3.0,3.5,1400,0,0.0
2017-02-15,3.25,3.25,3.25,3.25,2000,0,0.0
2017-02-16,3.25,3.25,3.25,3.25,1700,0,0.0
2017-02-17,3.25,3.75,3.25,3.5,3600,0,0.0
2017-02-21,3.75,4.0,3.5,3.5,8400,0,0.0
2017-02-22,3.5,4.0,3.5,3.5,3700,0,0.0
2017-02-23,4.0,4.0,3.5,4.0,7000,0,0.0
2017-02-24,3.75,4.0,3.75,4.0,8400,0,0.0
2017-02-27,3.75,4.0,3.75,3.75,2700,0,0.0
2017-02-28,3.75,4.0,3.75,3.75,2200,0,0.0
2017-03-01,3.75,4.0,3.5,3.75,6900,0,0.0
2017-03-02,3.75,3.75,3.25,3.5,5100,0,0.0
2017-03-03,3.5,3.5,3.5,3.5,200,0,0.0
2017-03-06,3.5,3.75,3.5,3.5,1000,0,0.0
2017-03-07,3.5,3.5,3.5,3.5,1800,0,0.0
2017-03-08,3.75,3.75,3.5,3.5,4100,0,0.0
2017-03-09,3.75,4.0,3.5,3.75,4500,0,0.0
2017-03-10,3.5,3.75,3.5,3.5,1400,0,0.0
2017-03-13,3.75,3.75,3.5,3.75,10700,0,0.0
2017-03-14,3.5,3.5,3.5,3.5,1500,0,0.0
2017-03-15,3.5,3.5,3.5,3.5,1500,0,0.0
2017-03-16,3.5,3.5,3.5,3.5,800,0,0.0
2017-03-17,3.5,3.5,3.5,3.5,7900,0,0.0
2017-03-20,3.5,3.5,3.25,3.25,1600,0,0.0
2017-03-21,3.25,3.25,3.25,3.25,1100,0,0.0
2017-03-22,3.25,3.5,3.25,3.25,4300,0,0.0
2017-03-23,3.25,3.25,3.25,3.25,5700,0,0.0
2017-03-24,3.25,3.5,3.25,3.5,4300,0,0.0
2017-03-27,3.5,3.5,3.5,3.5,800,0,0.0
2017-03-28,3.25,3.5,3.25,3.5,600,0,0.0
2017-03-29,3.5,3.5,3.25,3.5,5500,0,0.0
2017-03-30,3.5,3.5,3.25,3.25,500,0,0.0
2017-03-31,3.5,3.5,3.25,3.25,1300,0,0.0
2017-04-03,3.5,3.75,3.25,3.5,14100,0,0.0
2017-04-04,3.5,4.0,3.5,4.0,12400,0,0.0
2017-04-05,4.25,4.25,4.0,4.0,5800,0,0.0
2017-04-06,4.25,4.25,4.0,4.0,1900,0,0.0
2017-04-07,4.25,4.25,4.0,4.0,1700,0,0.0
2017-04-10,4.25,4.75,4.0,4.5,12800,0,0.0
2017-04-11,4.75,4.75,4.25,4.75,9200,0,0.0
2017-04-12,4.75,4.75,4.5,4.75,4000,0,0.0
2017-04-13,4.75,5.0,4.75,4.75,900,0,0.0
2017-04-17,5.0,5.0,4.75,5.0,1500,0,0.0
2017-04-18,4.75,5.0,4.5,5.0,13400,0,0.0
2017-04-19,5.0,5.25,4.75,5.0,7400,0,0.0
2017-04-20,4.75,5.25,4.75,4.75,500,0,0.0
2017-04-21,4.75,5.25,4.75,5.0,5700,0,0.0
2017-04-24,4.5,5.0,4.5,5.0,1200,0,0.0
2017-04-25,5.0,5.25,4.75,5.25,1300,0,0.0
2017-04-26,5.0,5.5,5.0,5.5,6900,0,0.0
2017-04-27,5.5,5.75,5.25,5.5,1900,0,0.0
2017-04-28,5.25,5.25,5.0,5.0,3300,0,0.0
2017-05-01,5.25,5.25,5.0,5.25,6200,0,0.0
2017-05-02,5.25,5.25,5.0,5.0,5400,0,0.0
2017-05-03,5.0,5.5,4.5,4.75,1300,0,0.0
2017-05-04,5.5,5.5,4.75,4.75,900,0,0.0
2017-05-05,5.0,5.5,4.75,5.0,3900,0,0.0
2017-05-08,4.75,7.5,4.75,7.0,20100,0,0.0
2017-05-09,6.75,9.25,6.5,7.5,20200,0,0.0
2017-05-10,7.75,8.0,6.75,7.0,16500,0,0.0
2017-05-11,7.0,8.0,6.75,7.0,10400,0,0.0
2017-05-12,7.0,7.25,6.75,7.0,7500,0,0.0
2017-05-15,7.25,7.25,7.0,7.0,2200,0,0.0
2017-05-16,7.25,7.25,7.0,7.0,1600,0,0.0
2017-05-17,7.0,7.5,5.75,6.25,9500,0,0.0
2017-05-18,6.25,6.25,5.25,5.75,12300,0,0.0
2017-05-19,5.75,5.75,4.5,5.25,11700,0,0.0
2017-05-22,5.0,5.75,4.75,5.25,4300,0,0.0
2017-05-23,5.75,5.75,5.0,5.5,5500,0,0.0
2017-05-24,5.5,5.5,5.0,5.0,1700,0,0.0
2017-05-25,5.25,5.25,4.5,4.5,3900,0,0.0
2017-05-26,5.0,5.0,4.5,5.0,6200,0,0.0
2017-05-30,5.0,5.0,4.5,4.5,4500,0,0.0
2017-05-31,4.5,5.0,4.5,4.75,7100,0,0.0
2017-06-01,5.0,5.0,4.75,4.75,200,0,0.0
2017-06-02,4.75,5.0,4.75,4.75,1000,0,0.0
2017-06-05,4.75,5.0,4.5,4.75,2200,0,0.0
2017-06-06,4.5,4.75,4.5,4.75,1500,0,0.0
2017-06-07,4.5,4.5,4.5,4.5,0,0,0.0
2017-06-08,4.5,4.5,4.5,4.5,900,0,0.0
2017-06-09,4.5,5.75,4.5,5.25,8700,0,0.0
2017-06-12,5.25,5.25,4.75,5.0,3200,0,0.0
2017-06-13,4.5,5.25,4.5,5.0,2100,0,0.0
2017-06-14,5.0,5.0,4.5,4.75,3100,0,0.0
2017-06-15,4.75,4.75,4.5,4.75,1900,0,0.0
2017-06-16,4.5,4.5,4.5,4.5,5200,0,0.0
2017-06-19,4.5,5.0,4.5,4.5,8300,0,0.0
2017-06-20,5.25,5.25,4.25,4.25,6300,0,0.0
2017-06-21,4.25,4.25,3.75,3.75,6700,0,0.0
2017-06-22,4.0,4.5,3.75,4.5,8600,0,0.0
2017-06-23,4.75,5.0,4.25,4.25,6500,0,0.0
2017-06-26,4.5,4.5,4.0,4.25,17300,0,0.0
2017-06-27,4.25,4.25,3.25,3.75,17600,0,0.0
2017-06-28,3.75,3.75,3.25,3.5,11000,0,0.0
2017-06-29,3.5,4.0,3.5,4.0,13400,0,0.0
2017-06-30,4.5,4.5,4.0,4.5,2900,0,0.0
2017-07-03,4.25,4.5,4.0,4.5,2200,0,0.0
2017-07-05,4.5,4.5,4.0,4.25,300,0,0.0
2017-07-06,4.5,4.75,4.25,4.5,4500,0,0.0
2017-07-07,4.5,4.5,4.0,4.0,8900,0,0.0
2017-07-10,4.0,4.25,4.0,4.25,2600,0,0.0
2017-07-11,4.25,4.5,4.0,4.0,1300,0,0.0
2017-07-12,4.0,4.75,4.0,4.5,4700,0,0.0
2017-07-13,4.5,5.0,4.5,4.75,3600,0,0.0
2017-07-14,4.75,4.75,4.25,4.25,1400,0,0.0
2017-07-17,4.5,4.5,3.75,4.25,2700,0,0.0
2017-07-18,4.25,4.25,3.75,4.25,1700,0,0.0
2017-07-19,4.25,4.25,4.25,4.25,100,0,0.0
2017-07-20,4.25,4.5,4.0,4.5,300,0,0.0
2017-07-21,4.5,4.75,4.0,4.0,3400,0,0.0
2017-07-24,4.0,4.5,4.0,4.5,600,0,0.0
2017-07-25,4.5,4.75,4.0,4.5,10600,0,0.0
2017-07-26,4.25,4.25,4.25,4.25,200,0,0.0
2017-07-27,4.5,4.5,4.25,4.5,600,0,0.0
2017-07-28,4.5,4.5,4.25,4.25,300,0,0.0
2017-07-31,4.0,4.0,4.0,4.0,400,0,0.0
2017-08-01,4.25,4.25,4.25,4.25,0,0,0.0
2017-08-02,4.25,4.75,4.25,4.25,1800,0,0.0
2017-08-03,4.75,4.75,4.5,4.5,3200,0,0.0
2017-08-04,4.5,4.5,4.25,4.25,700,0,0.0
2017-08-07,4.25,4.25,4.25,4.25,1200,0,0.0
2017-08-08,4.25,4.5,4.25,4.5,600,0,0.0
2017-08-09,4.5,4.5,4.25,4.25,700,0,0.0
2017-08-10,4.25,4.25,4.25,4.25,800,0,0.0
2017-08-11,4.25,4.25,4.25,4.25,400,0,0.0
2017-08-14,4.25,4.5,4.25,4.25,500,0,0.0
2017-08-15,4.5,4.5,4.5,4.5,100,0,0.0
2017-08-16,4.25,4.25,4.0,4.0,0,0,0.0
2017-08-17,4.0,4.0,4.0,4.0,1500,0,0.0
2017-08-18,4.25,4.5,4.0,4.5,3800,0,0.0
2017-08-21,4.25,4.5,4.25,4.25,1100,0,0.0
2017-08-22,4.25,4.25,4.0,4.0,400,0,0.0
2017-08-23,4.25,4.25,3.5,4.0,6400,0,0.0
2017-08-24,3.5,4.5,3.5,4.5,3600,0,0.0
2017-08-25,4.25,4.5,4.25,4.5,5500,0,0.0
2017-08-28,4.5,4.75,4.0,4.75,8500,0,0.0
2017-08-29,4.75,4.75,4.0,4.0,900,0,0.0
2017-08-30,4.5,4.5,4.25,4.5,600,0,0.0
2017-08-31,4.5,4.5,4.5,4.5,2100,0,0.0
2017-09-01,4.5,4.75,4.25,4.75,500,0,0.0
2017-09-05,4.25,4.5,4.25,4.5,800,0,0.0
2017-09-06,4.5,4.5,4.5,4.5,2800,0,0.0
2017-09-07,4.5,4.5,4.5,4.5,2700,0,0.0
2017-09-08,4.25,4.25,4.25,4.25,100,0,0.0
2017-09-11,4.5,4.5,4.25,4.5,2300,0,0.0
2017-09-12,4.5,4.5,4.5,4.5,0,0,0.0
2017-09-13,4.5,4.5,4.5,4.5,1100,0,0.0
2017-09-14,4.5,4.5,4.25,4.25,2200,0,0.0
2017-09-15,4.5,4.75,4.5,4.75,900,0,0.0
2017-09-18,4.75,4.75,4.5,4.5,2500,0,0.0
2017-09-19,4.25,4.5,4.25,4.25,4800,0,0.0
2017-09-20,4.25,4.75,4.0,4.25,4800,0,0.0
2017-09-21,4.25,4.25,3.75,3.75,6500,0,0.0
2017-09-22,4.0,4.0,3.5,3.5,15900,0,0.0
2017-09-25,3.5,3.5,3.25,3.25,6200,0,0.0
2017-09-26,3.5,3.75,3.25,3.5,4500,0,0.0
2017-09-27,3.75,4.0,3.5,3.5,3400,0,0.0
2017-09-28,4.25,4.25,4.25,4.25,100,0,0.0
2017-09-29,4.25,4.25,3.5,3.5,5100,0,0.0
2017-10-02,3.5,3.75,3.5,3.75,900,0,0.0
2017-10-03,3.5,3.75,3.25,3.75,9100,0,0.0
2017-10-04,3.5,3.5,3.25,3.5,6200,0,0.0
2017-10-05,3.5,3.5,3.5,3.5,4600,0,0.0
2017-10-06,3.5,3.5,3.5,3.5,900,0,0.0
2017-10-09,3.5,3.5,3.5,3.5,600,0,0.0
2017-10-10,3.5,3.75,3.5,3.75,200,0,0.0
2017-10-11,3.75,3.75,3.5,3.75,1100,0,0.0
2017-10-12,3.75,3.75,3.5,3.5,700,0,0.0
2017-10-13,3.5,3.5,3.5,3.5,1600,0,0.0
2017-10-16,3.5,3.75,3.5,3.75,2100,0,0.0
2017-10-17,3.5,3.75,3.5,3.75,1400,0,0.0
2017-10-18,3.75,4.0,3.75,4.0,2000,0,0.0
2017-10-19,3.75,3.75,3.75,3.75,500,0,0.0
2017-10-20,4.0,4.0,3.75,4.0,7900,0,0.0
2017-10-23,4.0,4.25,4.0,4.0,1900,0,0.0
2017-10-24,4.0,4.25,4.0,4.0,3600,0,0.0
2017-10-25,4.0,4.0,4.0,4.0,800,0,0.0
2017-10-26,4.0,4.0,3.75,3.75,3100,0,0.0
2017-10-27,3.75,3.75,3.5,3.5,5800,0,0.0
2017-10-30,3.5,3.5,3.5,3.5,1100,0,0.0
2017-10-31,3.5,3.5,3.5,3.5,200,0,0.0
2017-11-01,3.5,3.75,3.5,3.5,3900,0,0.0
2017-11-02,3.5,3.75,3.5,3.75,1600,0,0.0
2017-11-03,3.75,3.75,3.5,3.5,5700,0,0.0
2017-11-06,3.5,3.5,3.5,3.5,1400,0,0.0
2017-11-07,3.5,3.5,3.25,3.5,1400,0,0.0
2017-11-08,3.5,3.5,3.5,3.5,0,0,0.0
2017-11-09,3.25,3.25,3.0,3.25,11700,0,0.0
2017-11-10,3.25,3.25,3.0,3.0,3500,0,0.0
2017-11-13,3.0,3.0,2.5,2.5,14000,0,0.0
2017-11-14,2.75,2.75,2.5,2.5,2000,0,0.0
2017-11-15,2.5,3.5,2.5,2.5,72500,0,0.0
2017-11-16,2.75,3.25,2.75,3.25,5900,0,0.0
2017-11-17,3.25,3.75,3.25,3.5,3700,0,0.0
2017-11-20,3.5,3.75,3.25,3.25,9800,0,0.0
2017-11-21,3.0,3.5,3.0,3.5,3100,0,0.0
2017-11-22,3.5,3.5,3.25,3.25,1900,0,0.0
2017-11-24,3.25,3.5,3.25,3.25,1100,0,0.0
2017-11-27,3.5,3.5,3.0,3.5,8400,0,0.0
2017-11-28,3.25,3.5,3.0,3.0,29900,0,0.0
2017-11-29,3.0,3.0,3.0,3.0,32600,0,0.0
2017-11-30,3.0,3.25,3.0,3.25,5300,0,0.0
2017-12-01,3.25,3.5,3.25,3.5,3300,0,0.0
2017-12-04,3.5,3.5,3.25,3.5,6900,0,0.0
2017-12-05,3.5,3.5,3.25,3.25,2200,0,0.0
2017-12-06,3.25,3.5,3.25,3.25,5000,0,0.0
2017-12-07,3.5,3.5,3.25,3.5,22700,0,0.0
2017-12-08,3.5,3.5,3.5,3.5,7900,0,0.0
2017-12-11,3.75,3.75,3.25,3.5,26100,0,0.0
2017-12-12,3.5,3.5,3.5,3.5,4500,0,0.0
2017-12-13,3.5,3.5,3.25,3.5,3000,0,0.0
2017-12-14,3.5,4.0,3.5,3.75,28100,0,0.0
2017-12-15,3.75,4.0,3.5,3.5,8800,0,0.0
2017-12-18,3.75,3.75,3.5,3.5,9200,0,0.0
2017-12-19,3.5,3.5,3.5,3.5,8100,0,0.0
2017-12-20,3.5,3.5,3.25,3.5,8600,0,0.0
2017-12-21,3.5,3.75,3.5,3.5,7100,0,0.0
2017-12-22,3.5,3.5,3.5,3.5,1500,0,0.0
2017-12-26,3.5,3.5,3.25,3.5,14500,0,0.0
2017-12-27,3.5,4.0,3.5,4.0,12900,0,0.0
2017-12-28,3.75,4.0,3.75,4.0,17800,0,0.0
2017-12-29,4.0,4.25,3.75,3.75,26100,0,0.0
2018-01-02,4.0,4.25,3.75,4.0,2800,0,0.0
2018-01-03,4.25,4.5,3.75,4.0,29600,0,0.0
2018-01-04,4.0,4.25,4.0,4.0,1900,0,0.0
2018-01-05,4.0,4.5,4.0,4.0,8900,0,0.0
2018-01-08,4.0,4.0,4.0,4.0,4400,0,0.0
2018-01-09,4.0,4.0,4.0,4.0,11900,0,0.0
2018-01-10,4.0,4.25,4.0,4.25,14300,0,0.0
2018-01-11,4.25,7.5,4.25,7.0,77500,0,0.0
2018-01-12,6.25,7.0,4.75,6.25,46800,0,0.0
2018-01-16,6.25,6.25,4.5,5.0,27000,0,0.0
2018-01-17,5.5,5.75,5.25,5.25,12200,0,0.0
2018-01-18,5.25,5.25,5.0,5.0,6500,0,0.0
2018-01-19,5.0,5.75,5.0,5.75,12800,0,0.0
2018-01-22,5.75,7.0,5.5,6.75,46300,0,0.0
2018-01-23,7.0,7.0,5.0,6.5,10400,0,0.0
2018-01-24,6.5,6.75,6.0,6.0,5300,0,0.0
2018-01-25,6.25,7.0,6.0,7.0,16300,0,0.0
2018-01-26,7.0,7.25,6.75,6.75,15400,0,0.0
2018-01-29,7.0,7.25,6.75,6.75,17200,0,0.0
2018-01-30,6.75,6.75,6.25,6.5,6400,0,0.0
2018-01-31,6.5,7.0,6.5,7.0,2300,0,0.0
2018-02-01,7.0,7.5,6.5,7.0,7700,0,0.0
2018-02-02,7.0,7.0,6.25,6.5,7000,0,0.0
2018-02-05,6.25,6.5,5.0,5.75,23300,0,0.0
2018-02-06,5.5,6.75,5.5,6.75,6300,0,0.0
2018-02-07,6.0,6.5,5.75,6.5,2000,0,0.0
2018-02-08,6.5,6.5,5.75,6.25,4300,0,0.0
2018-02-09,5.75,6.0,5.75,6.0,1000,0,0.0
2018-02-12,6.25,6.25,5.75,6.25,1100,0,0.0
2018-02-13,5.75,6.0,5.75,5.75,6900,0,0.0
2018-02-14,5.75,6.0,5.75,6.0,1000,0,0.0
2018-02-15,6.0,6.0,5.75,6.0,900,0,0.0
2018-02-16,6.0,6.0,6.0,6.0,600,0,0.0
2018-02-20,5.75,6.0,5.75,6.0,4000,0,0.0
2018-02-21,6.0,6.0,5.75,6.0,17500,0,0.0
2018-02-22,6.0,6.0,5.75,5.75,1200,0,0.0
2018-02-23,6.0,6.0,5.5,5.5,3900,0,0.0
2018-02-26,5.5,6.0,5.5,5.75,1200,0,0.0
2018-02-27,5.5,6.0,5.5,5.5,4500,0,0.0
2018-02-28,5.75,5.75,5.5,5.5,6400,0,0.0
2018-03-01,5.75,5.75,5.5,5.75,4700,0,0.0
2018-03-02,5.75,5.75,5.5,5.5,4000,0,0.0
2018-03-05,5.25,5.75,5.25,5.5,1600,0,0.0
2018-03-06,5.5,5.5,5.25,5.25,2100,0,0.0
2018-03-07,5.5,5.5,5.25,5.25,1100,0,0.0
2018-03-08,5.25,5.75,5.25,5.25,6700,0,0.0
2018-03-09,5.5,5.75,5.25,5.75,2200,0,0.0
2018-03-12,5.5,6.5,5.5,6.25,11300,0,0.0
2018-03-13,6.5,6.75,5.75,6.5,9000,0,0.0
2018-03-14,6.5,6.75,6.0,6.0,2700,0,0.0
2018-03-15,6.0,6.75,6.0,6.75,5500,0,0.0
2018-03-16,6.75,6.75,6.0,6.5,7800,0,0.0
2018-03-19,6.75,6.75,6.25,6.25,4500,0,0.0
2018-03-20,6.5,6.75,6.5,6.5,6500,0,0.0
2018-03-21,6.75,6.75,6.25,6.75,2900,0,0.0
2018-03-22,6.5,6.75,6.5,6.5,7200,0,0.0
2018-03-23,6.5,6.5,6.25,6.5,2500,0,0.0
2018-03-26,6.5,6.5,6.25,6.25,3100,0,0.0
2018-03-27,6.25,6.5,6.0,6.5,3800,0,0.0
2018-03-28,5.75,6.5,5.75,6.5,1200,0,0.0
2018-03-29,6.25,6.25,6.25,6.25,1800,0,0.0
2018-04-02,6.25,6.5,5.75,6.25,1700,0,0.0
2018-04-03,6.5,6.5,6.25,6.25,2000,0,0.0
2018-04-04,6.25,6.25,6.0,6.25,2300,0,0.0
2018-04-05,6.5,6.5,6.25,6.25,10400,0,0.0
2018-04-06,6.0,6.5,6.0,6.25,13600,0,0.0
2018-04-09,6.25,6.25,6.0,6.0,8300,0,0.0
2018-04-10,6.0,6.5,6.0,6.0,1200,0,0.0
2018-04-11,6.5,6.5,5.25,6.0,6000,0,0.0
2018-04-12,5.5,6.0,5.5,6.0,500,0,0.0
2018-04-13,6.0,6.0,6.0,6.0,600,0,0.0
2018-04-16,5.75,5.75,5.75,5.75,5300,0,0.0
2018-04-17,6.0,6.0,5.75,5.75,3500,0,0.0
2018-04-18,5.75,6.0,5.25,6.0,3300,0,0.0
2018-04-19,6.0,6.0,5.5,5.5,1500,0,0.0
2018-04-20,5.75,6.0,5.25,6.0,3800,0,0.0
2018-04-23,6.0,6.0,5.5,5.75,1200,0,0.0
2018-04-24,6.0,6.0,5.5,5.5,1900,0,0.0
2018-04-25,5.5,5.5,5.0,5.5,5500,0,0.0
2018-04-26,5.0,5.25,4.5,5.25,11100,0,0.0
2018-04-27,5.25,5.25,5.25,5.25,1700,0,0.0
2018-04-30,5.25,5.25,5.0,5.0,3600,0,0.0
2018-05-01,5.0,5.25,4.5,5.25,3500,0,0.0
2018-05-02,5.0,5.25,4.75,4.75,2500,0,0.0
2018-05-03,5.0,5.25,4.75,5.25,3400,0,0.0
2018-05-04,5.25,5.25,5.25,5.25,1900,0,0.0
2018-05-07,5.25,5.5,5.25,5.25,3300,0,0.0
2018-05-08,5.25,5.5,4.75,5.25,1300,0,0.0
2018-05-09,5.5,5.5,5.0,5.0,2500,0,0.0
2018-05-10,4.75,5.0,4.75,5.0,1200,0,0.0
2018-05-11,5.25,5.25,5.0,5.0,0,0,0.0
2018-05-14,5.0,5.0,5.0,5.0,1200,0,0.0
2018-05-15,5.25,5.5,4.75,5.0,10900,0,0.0
2018-05-16,5.75,5.75,5.0,5.0,700,0,0.0
2018-05-17,5.0,5.75,5.0,5.75,2100,0,0.0
2018-05-18,5.75,5.75,4.75,5.25,1400,0,0.0
2018-05-21,5.25,5.5,5.0,5.0,800,0,0.0
2018-05-22,5.25,5.5,5.25,5.25,6400,0,0.0
2018-05-23,5.25,5.25,5.0,5.0,3600,0,0.0
2018-05-24,5.5,5.5,5.25,5.25,100,0,0.0
2018-05-25,5.0,5.5,5.0,5.5,4600,0,0.0
2018-05-29,5.5,5.75,5.25,5.5,6900,0,0.0
2018-05-30,5.75,6.0,5.25,5.75,5900,0,0.0
2018-05-31,6.0,6.0,5.0,5.5,3100,0,0.0
2018-06-01,5.0,5.5,5.0,5.25,2000,0,0.0
2018-06-04,5.5,5.5,5.0,5.0,2000,0,0.0
2018-06-05,5.25,5.5,5.0,5.5,1600,0,0.0
2018-06-06,5.0,5.5,5.0,5.25,4600,0,0.0
2018-06-07,5.25,5.5,5.25,5.5,1500,0,0.0
2018-06-08,5.25,5.75,5.0,5.75,4900,0,0.0
2018-06-11,5.75,5.75,5.25,5.5,900,0,0.0
2018-06-12,5.75,5.75,5.5,5.5,1500,0,0.0
2018-06-13,5.5,5.5,5.5,5.5,600,0,0.0
2018-06-14,5.5,5.5,4.75,4.75,4900,0,0.0
2018-06-15,5.0,5.5,5.0,5.5,4300,0,0.0
2018-06-18,5.0,5.75,4.75,5.25,5100,0,0.0
2018-06-19,5.25,5.5,5.25,5.5,2100,0,0.0
2018-06-20,5.5,5.75,5.5,5.75,3100,0,0.0
2018-06-21,5.75,5.75,5.75,5.75,5900,0,0.0
2018-06-22,5.75,5.75,5.25,5.75,18300,0,0.0
2018-06-25,5.25,5.75,5.0,5.0,18500,0,0.0
2018-06-26,5.25,5.25,5.0,5.25,11600,0,0.0
2018-06-27,5.25,5.25,5.0,5.25,11400,0,0.0
2018-06-28,5.25,5.25,5.25,5.25,3000,0,0.0
2018-06-29,5.25,6.75,4.75,6.5,28600,0,0.0
2018-07-02,6.25,7.0,6.0,6.5,5000,0,0.0
2018-07-03,6.5,7.5,6.5,7.5,9100,0,0.0
2018-07-05,7.75,8.0,6.75,6.75,13800,0,0.0
2018-07-06,6.75,7.0,6.5,6.75,9200,0,0.0
2018-07-09,6.5,7.0,6.25,6.75,2100,0,0.0
2018-07-10,6.75,6.75,6.25,6.75,1300,0,0.0
2018-07-11,6.5,6.75,6.25,6.5,1500,0,0.0
2018-07-12,6.75,7.5,6.5,7.5,2200,0,0.0
2018-07-13,7.5,8.0,7.25,8.0,7000,0,0.0
2018-07-16,8.0,9.0,7.5,8.75,18700,0,0.0
2018-07-17,8.75,9.0,7.75,8.5,7200,0,0.0
2018-07-18,8.5,8.5,7.0,8.0,9800,0,0.0
2018-07-19,8.0,8.0,7.5,8.0,1600,0,0.0
2018-07-20,7.75,8.5,7.75,8.5,6200,0,0.0
2018-07-23,8.5,9.0,8.5,8.5,11100,0,0.0
2018-07-24,8.5,8.5,7.5,7.75,3700,0,0.0
2018-07-25,8.5,8.5,7.75,8.25,4100,0,0.0
2018-07-26,8.5,8.5,8.25,8.5,2400,0,0.0
2018-07-27,8.25,8.5,8.0,8.0,3600,0,0.0
2018-07-30,7.5,8.0,6.75,7.0,8000,0,0.0
2018-07-31,7.0,8.0,6.75,8.0,2900,0,0.0
2018-08-01,8.0,8.0,7.75,7.75,2300,0,0.0
2018-08-02,8.0,8.0,7.0,7.0,3800,0,0.0
2018-08-03,7.5,7.5,7.0,7.5,3000,0,0.0
2018-08-06,7.5,7.5,7.5,7.5,1400,0,0.0
2018-08-07,7.5,8.0,6.75,8.0,3400,0,0.0
2018-08-08,8.0,8.0,8.0,8.0,0,0,0.04
2018-08-09,8.180000305175781,8.25,7.0,7.0,900,0,0.0
2018-08-10,7.0,8.880000114440918,7.0,7.210000038146973,2400,0,0.0
2018-08-13,7.210000038146973,7.210000038146973,6.579999923706055,7.0,4400,0,0.0
2018-08-14,7.199999809265137,7.300000190734863,7.199999809265137,7.300000190734863,600,0,0.0
2018-08-15,8.0,8.5,7.0,7.0,3300,0,0.0
2018-08-16,7.5,8.399999618530273,7.070000171661377,8.0,2500,0,0.0
2018-08-17,8.149999618530273,8.350000381469727,7.050000190734863,7.050000190734863,1800,0,0.0
2018-08-20,7.070000171661377,7.25,7.070000171661377,7.25,2800,0,0.0
2018-08-21,7.25,8.0,7.199999809265137,8.0,700,0,0.0
2018-08-22,8.0,8.0,8.0,8.0,600,0,0.0
2018-08-23,7.199999809265137,7.210000038146973,7.070000171661377,7.070000171661377,1700,0,0.0
2018-08-24,7.099999904632568,7.099999904632568,7.099999904632568,7.099999904632568,300,0,0.0
2018-08-27,7.150000095367432,8.0,7.150000095367432,7.989999771118164,2600,0,0.0
2018-08-28,7.5,7.75,7.25,7.75,900,0,0.0
2018-08-29,7.550000190734863,7.550000190734863,7.5,7.5,500,0,0.0
2018-08-30,7.090000152587891,7.239999771118164,7.0,7.0,1400,0,0.0
2018-08-31,7.0,7.0,6.5,7.0,3200,0,0.0
2018-09-04,7.0,10.239999771118164,7.0,7.300000190734863,3000,0,0.0
2018-09-05,7.5,8.6899995803833,7.5,8.520000457763672,15200,0,0.0
2018-09-06,8.739999771118164,9.5,8.300000190734863,9.029999732971191,37400,0,0.0
2018-09-07,9.029999732971191,9.119999885559082,8.399999618530273,8.5,18100,0,0.0
2018-09-10,9.0,9.0,8.630000114440918,8.699999809265137,5100,0,0.0
2018-09-11,8.960000038146973,9.399999618530273,8.800000190734863,9.149999618530273,20400,0,0.0
2018-09-12,8.970000267028809,9.300000190734863,8.970000267028809,9.300000190734863,6700,0,0.0
2018-09-13,9.25,9.25,8.550000190734863,8.640000343322754,12000,0,0.0
2018-09-14,8.949999809265137,9.5,8.619999885559082,9.0600004196167,17800,0,0.0
2018-09-17,9.100000381469727,9.119999885559082,8.800000190734863,8.979999542236328,5200,0,0.0
2018-09-18,9.050000190734863,9.050000190734863,8.180000305175781,8.850000381469727,7700,0,0.0
2018-09-19,8.420000076293945,8.949999809265137,8.050000190734863,8.149999618530273,6200,0,0.0
2018-09-20,8.399999618530273,9.119999885559082,8.050000190734863,8.260000228881836,8200,0,0.0
2018-09-21,8.149999618530273,8.630000114440918,8.149999618530273,8.630000114440918,2300,0,0.0
2018-09-24,8.640000343322754,8.75,8.579999923706055,8.600000381469727,3500,0,0.0
2018-09-25,8.479999542236328,8.600000381469727,8.479999542236328,8.600000381469727,500,0,0.0
2018-09-26,8.65999984741211,9.25,8.65999984741211,9.029999732971191,8000,0,0.0
2018-09-27,9.0600004196167,9.399999618530273,9.0600004196167,9.199999809265137,5700,0,0.0
2018-09-28,9.199999809265137,9.199999809265137,8.850000381469727,9.0,7100,0,0.0
2018-10-01,9.050000190734863,9.199999809265137,8.550000190734863,9.0,2400,0,0.0
2018-10-02,8.979999542236328,8.979999542236328,8.34000015258789,8.5,6100,0,0.0
2018-10-03,8.5,8.579999923706055,8.300000190734863,8.579999923706055,2600,0,0.0
2018-10-04,8.359999656677246,8.5,8.25,8.25,5800,0,0.0
2018-10-05,8.300000190734863,8.75,8.25,8.75,5100,0,0.0
2018-10-08,8.510000228881836,9.399999618530273,8.350000381469727,9.279999732971191,13500,0,0.0
2018-10-09,9.100000381469727,9.399999618530273,8.649999618530273,8.899999618530273,6200,0,0.0
2018-10-10,8.5,8.5,8.399999618530273,8.399999618530273,2500,0,0.0
2018-10-11,8.399999618530273,8.399999618530273,8.25,8.25,8200,0,0.0
2018-10-12,8.34000015258789,8.5,8.140000343322754,8.199999809265137,5800,0,0.0
2018-10-15,8.140000343322754,8.25,8.0,8.199999809265137,4200,0,0.0
2018-10-16,8.109999656677246,8.800000190734863,8.109999656677246,8.800000190734863,9100,0,0.0
2018-10-17,8.720000267028809,8.720000267028809,8.199999809265137,8.199999809265137,1300,0,0.0
2018-10-18,8.260000228881836,8.260000228881836,8.039999961853027,8.109999656677246,1200,0,0.0
2018-10-19,8.15999984741211,8.260000228881836,7.900000095367432,8.0,11800,0,0.0
2018-10-22,7.980000019073486,8.5600004196167,7.5,7.699999809265137,22200,0,0.0
2018-10-23,7.699999809265137,8.25,7.300000190734863,7.599999904632568,21800,0,0.0
2018-10-24,7.5,7.949999809265137,7.5,7.699999809265137,7000,0,0.0
2018-10-25,7.75,7.869999885559082,7.599999904632568,7.71999979019165,7000,0,0.0
2018-10-26,7.760000228881836,7.760000228881836,7.400000095367432,7.650000095367432,4800,0,0.0
2018-10-29,7.619999885559082,8.199999809265137,7.599999904632568,8.199999809265137,11400,0,0.0
2018-10-30,8.199999809265137,8.25,7.75,7.980000019073486,8800,0,0.0
2018-10-31,7.880000114440918,8.130000114440918,7.5,7.900000095367432,3000,0,0.0
2018-11-01,7.849999904632568,7.900000095367432,7.5,7.5,12500,0,0.0
2018-11-02,7.5,7.539999961853027,7.5,7.5,1700,0,0.0
2018-11-05,7.5,7.5,7.5,7.5,100,0,0.0
2018-11-06,7.599999904632568,7.71999979019165,7.0,7.199999809265137,8500,0,0.0
2018-11-07,7.150000095367432,7.400000095367432,7.0,7.050000190734863,5100,0,0.0
2018-11-08,7.099999904632568,7.099999904632568,6.5,6.5,17900,0,0.0
2018-11-09,6.53000020980835,6.960000038146973,5.849999904632568,6.210000038146973,10500,0,0.0
2018-11-12,5.71999979019165,6.619999885559082,5.559999942779541,5.670000076293945,6800,0,0.0
2018-11-13,5.699999809265137,5.900000095367432,5.300000190734863,5.659999847412109,37600,0,0.0
2018-11-14,5.659999847412109,5.949999809265137,5.659999847412109,5.900000095367432,2400,0,0.0
2018-11-15,5.869999885559082,6.159999847412109,5.869999885559082,6.059999942779541,8000,0,0.0
2018-11-16,6.059999942779541,6.449999809265137,6.059999942779541,6.300000190734863,10100,0,0.0
2018-11-19,6.309999942779541,6.460000038146973,6.0,6.150000095367432,9700,0,0.0
2018-11-20,6.150000095367432,6.25,5.690000057220459,5.960000038146973,5400,0,0.0
2018-11-21,5.789999961853027,6.239999771118164,5.789999961853027,6.199999809265137,10400,0,0.0
2018-11-23,5.849999904632568,5.96999979019165,5.650000095367432,5.96999979019165,11800,0,0.0
2018-11-26,5.829999923706055,6.0,5.650000095367432,6.0,9800,0,0.0
2018-11-27,5.78000020980835,6.0,5.75,5.96999979019165,12600,0,0.0
2018-11-28,5.949999809265137,6.619999885559082,5.849999904632568,6.619999885559082,14900,0,0.0
2018-11-29,6.570000171661377,6.570000171661377,6.019999980926514,6.5,2500,0,0.0
2018-11-30,6.420000076293945,6.650000095367432,6.420000076293945,6.650000095367432,2300,0,0.0
2018-12-03,6.690000057220459,7.25,6.409999847412109,7.25,6200,0,0.0
2018-12-04,7.0,7.0,6.559999942779541,6.949999809265137,3400,0,0.0
2018-12-06,6.849999904632568,6.849999904632568,6.510000228881836,6.550000190734863,2300,0,0.0
2018-12-07,6.659999847412109,7.0,6.659999847412109,6.989999771118164,4500,0,0.0
2018-12-10,7.0,7.389999866485596,6.5,7.070000171661377,111000,0,0.0
2018-12-11,7.059999942779541,7.360000133514404,6.760000228881836,7.0,57100,0,0.0
2018-12-12,7.0,7.070000171661377,6.929999828338623,7.070000171661377,11900,0,0.0
2018-12-13,7.099999904632568,7.099999904632568,7.039999961853027,7.099999904632568,14500,0,0.0
2018-12-14,7.03000020980835,7.099999904632568,7.0,7.0,8600,0,0.0
2018-12-17,7.190000057220459,8.0,7.190000057220459,7.699999809265137,61400,0,0.0
2018-12-18,8.0,8.0,7.869999885559082,7.949999809265137,45900,0,0.0
2018-12-19,8.050000190734863,8.050000190734863,7.699999809265137,7.699999809265137,29800,0,0.0
2018-12-20,7.699999809265137,8.0,7.699999809265137,7.860000133514404,52800,0,0.0
2018-12-21,7.980000019073486,7.980000019073486,6.760000228881836,7.010000228881836,34100,0,0.0
2018-12-24,6.940000057220459,7.010000228881836,6.699999809265137,6.75,8800,0,0.0
2018-12-26,7.010000228881836,7.130000114440918,6.75,7.099999904632568,13700,0,0.0
2018-12-27,6.880000114440918,8.819999694824219,6.880000114440918,8.0,300100,0,0.0
2018-12-28,8.100000381469727,8.729999542236328,8.0,8.460000038146973,22300,0,0.0
2018-12-31,8.460000038146973,8.6899995803833,8.449999809265137,8.550000190734863,10400,0,0.0
2019-01-02,8.510000228881836,8.649999618530273,8.050000190734863,8.5,8900,0,0.0
2019-01-03,8.399999618530273,9.90999984741211,8.399999618530273,8.5600004196167,186900,0,0.0
2019-01-04,8.630000114440918,8.869999885559082,8.1899995803833,8.539999961853027,10800,0,0.0
2019-01-07,9.210000038146973,9.399999618530273,8.75,8.899999618530273,35500,0,0.0
2019-01-08,8.989999771118164,8.989999771118164,6.170000076293945,7.320000171661377,349300,0,0.0
2019-01-09,7.28000020980835,8.100000381469727,7.090000152587891,7.920000076293945,41600,0,0.0
2019-01-10,7.889999866485596,8.100000381469727,7.0,7.539999961853027,184300,0,0.0
2019-01-11,7.579999923706055,8.199999809265137,7.579999923706055,8.149999618530273,29700,0,0.0
2019-01-14,8.149999618530273,8.25,7.900000095367432,8.180000305175781,30500,0,0.0
2019-01-15,8.300000190734863,8.300000190734863,8.149999618530273,8.25,20100,0,0.0
2019-01-16,8.5,9.0,8.460000038146973,8.989999771118164,197200,0,0.0
2019-01-17,9.0,10.350000381469727,8.9399995803833,10.210000038146973,187800,0,0.0
2019-01-18,10.210000038146973,12.399999618530273,10.039999961853027,10.800000190734863,412700,0,0.0
2019-01-22,10.800000190734863,11.6899995803833,10.800000190734863,11.25,108900,0,0.0
2019-01-23,12.170000076293945,12.319999694824219,10.119999885559082,10.800000190734863,335400,0,0.0
2019-01-24,10.800000190734863,11.40999984741211,10.800000190734863,11.199999809265137,68900,0,0.0
2019-01-25,11.300000190734863,12.0,11.079999923706055,11.850000381469727,74900,0,0.0
2019-01-28,11.84000015258789,11.84000015258789,10.779999732971191,11.460000038146973,42700,0,0.0
2019-01-29,11.319999694824219,11.640000343322754,11.09000015258789,11.180000305175781,18200,0,0.0
2019-01-30,11.180000305175781,11.300000190734863,10.5,11.0,35500,0,0.0
2019-01-31,11.010000228881836,11.010000228881836,9.569999694824219,9.850000381469727,72700,0,0.0
2019-02-01,9.8100004196167,10.199999809265137,9.800000190734863,9.850000381469727,36400,0,0.0
2019-02-04,9.890000343322754,10.420000076293945,9.890000343322754,10.010000228881836,25200,0,0.0
2019-02-05,10.010000228881836,10.880000114440918,10.010000228881836,10.420000076293945,34300,0,0.0
2019-02-06,10.390000343322754,10.720000267028809,10.34000015258789,10.699999809265137,32500,0,0.0
2019-02-07,10.529999732971191,10.899999618530273,10.25,10.550000190734863,13500,0,0.0
2019-02-08,10.420000076293945,10.989999771118164,10.199999809265137,10.989999771118164,33800,0,0.0
2019-02-11,11.0,11.0,9.0600004196167,9.899999618530273,355300,0,0.0
2019-02-12,9.989999771118164,10.15999984741211,9.789999961853027,10.0,42300,0,0.0
2019-02-13,10.0,10.369999885559082,9.630000114440918,9.760000228881836,43800,0,0.0
2019-02-14,9.75,10.0,9.649999618530273,9.649999618530273,21600,0,0.0
2019-02-15,9.699999809265137,10.399999618530273,9.699999809265137,10.390000343322754,43900,0,0.0
2019-02-19,10.430000305175781,10.779999732971191,9.989999771118164,10.460000038146973,24900,0,0.0
2019-02-20,10.5600004196167,10.699999809265137,10.40999984741211,10.699999809265137,25800,0,0.0
2019-02-21,10.710000038146973,10.989999771118164,10.699999809265137,10.899999618530273,33300,0,0.0
2019-02-22,10.960000038146973,11.5,10.75,11.300000190734863,56700,0,0.0
2019-02-25,11.40999984741211,11.600000381469727,11.050000190734863,11.100000381469727,51300,0,0.0
2019-02-26,11.1899995803833,11.199999809265137,10.539999961853027,10.829999923706055,36400,0,0.0
2019-02-27,10.800000190734863,10.880000114440918,10.699999809265137,10.75,9900,0,0.0
2019-02-28,10.779999732971191,10.8100004196167,10.359999656677246,10.65999984741211,41500,0,0.0
2019-03-01,10.739999771118164,10.739999771118164,10.270000457763672,10.550000190734863,20700,0,0.0
2019-03-04,10.569999694824219,10.729999542236328,10.350000381469727,10.5,12900,0,0.0
2019-03-05,10.489999771118164,10.5600004196167,10.100000381469727,10.399999618530273,10200,0,0.0
2019-03-06,10.399999618530273,10.470000267028809,10.010000228881836,10.100000381469727,20100,0,0.0
2019-03-07,10.039999961853027,10.319999694824219,10.0,10.319999694824219,20500,0,0.0
2019-03-08,10.15999984741211,10.1899995803833,9.899999618530273,10.149999618530273,13000,0,0.0
2019-03-11,10.130000114440918,10.380000114440918,10.010000228881836,10.279999732971191,24300,0,0.0
2019-03-12,10.199999809265137,10.239999771118164,9.800000190734863,10.09000015258789,59900,0,0.0
2019-03-13,10.09000015258789,10.359999656677246,10.0,10.289999961853027,16900,0,0.0
2019-03-14,10.289999961853027,10.869999885559082,10.270000457763672,10.869999885559082,39400,0,0.0
2019-03-15,10.880000114440918,11.149999618530273,10.079999923706055,10.619999885559082,24000,0,0.0
2019-03-18,10.609999656677246,10.619999885559082,10.050000190734863,10.199999809265137,31600,0,0.0
2019-03-19,10.149999618530273,10.619999885559082,10.069999694824219,10.319999694824219,23900,0,0.0
2019-03-20,10.300000190734863,10.319999694824219,10.050000190734863,10.260000228881836,9300,0,0.0
2019-03-21,10.069999694824219,10.300000190734863,10.010000228881836,10.010000228881836,12600,0,0.0
2019-03-22,10.020000457763672,10.15999984741211,9.520000457763672,9.550000190734863,37000,0,0.0
2019-03-25,9.600000381469727,9.600000381469727,9.100000381469727,9.100000381469727,38000,0,0.0
2019-03-26,9.100000381469727,9.579999923706055,9.100000381469727,9.539999961853027,29200,0,0.0
2019-03-27,9.199999809265137,9.75,9.050000190734863,9.229999542236328,17300,0,0.0
2019-03-28,9.010000228881836,9.40999984741211,9.0,9.079999923706055,37900,0,0.0
2019-03-29,9.199999809265137,9.399999618530273,9.010000228881836,9.010000228881836,13100,0,0.0
2019-04-01,9.199999809265137,9.260000228881836,8.850000381469727,9.100000381469727,23300,0,0.0
2019-04-02,9.100000381469727,9.300000190734863,9.100000381469727,9.100000381469727,20600,0,0.0
2019-04-03,9.140000343322754,9.260000228881836,8.550000190734863,8.5600004196167,53600,0,0.0
2019-04-04,8.520000457763672,9.390000343322754,8.520000457763672,9.100000381469727,33800,0,0.0
2019-04-05,9.34000015258789,9.59000015258789,9.149999618530273,9.489999771118164,19600,0,0.0
2019-04-08,9.539999961853027,9.989999771118164,9.539999961853027,9.949999809265137,32900,0,0.0
2019-04-09,9.989999771118164,10.149999618530273,9.5,9.550000190734863,36900,0,0.0
2019-04-10,9.619999885559082,10.319999694824219,9.609999656677246,10.010000228881836,54200,0,0.0
2019-04-11,10.0600004196167,10.680000305175781,10.0600004196167,10.199999809265137,50300,0,0.0
2019-04-12,10.390000343322754,10.489999771118164,10.199999809265137,10.279999732971191,18300,0,0.0
2019-04-15,10.279999732971191,10.569999694824219,9.569999694824219,9.630000114440918,58400,0,0.0
2019-04-16,9.489999771118164,9.529999732971191,9.0,9.109999656677246,32700,0,0.0
2019-04-17,9.069999694824219,9.300000190734863,8.899999618530273,8.899999618530273,22300,0,0.0
2019-04-18,8.899999618530273,9.399999618530273,8.890000343322754,9.0,38300,0,0.0
2019-04-22,8.9399995803833,9.039999961853027,8.5,8.550000190734863,28600,0,0.0
2019-04-23,8.5600004196167,9.069999694824219,8.5600004196167,8.569999694824219,40800,0,0.0
2019-04-24,8.619999885559082,8.989999771118164,8.569999694824219,8.65999984741211,17500,0,0.0
2019-04-25,8.670000076293945,8.890000343322754,8.5600004196167,8.5600004196167,11600,0,0.0
2019-04-26,8.5600004196167,8.739999771118164,8.40999984741211,8.579999923706055,16800,0,0.0
2019-04-29,8.529999732971191,8.699999809265137,8.4399995803833,8.4399995803833,15900,0,0.0
2019-04-30,8.399999618530273,8.680000305175781,8.399999618530273,8.520000457763672,31200,0,0.0
2019-05-01,8.5600004196167,8.960000038146973,8.5600004196167,8.770000457763672,26200,0,0.0
2019-05-02,9.0,9.979999542236328,8.949999809265137,9.619999885559082,103900,0,0.0
2019-05-03,9.789999961853027,10.880000114440918,9.789999961853027,10.399999618530273,146700,0,0.0
2019-05-06,10.079999923706055,10.390000343322754,10.0,10.050000190734863,26500,0,0.0
2019-05-07,10.09000015258789,10.399999618530273,9.609999656677246,10.069999694824219,28600,0,0.0
2019-05-08,10.069999694824219,10.069999694824219,9.770000457763672,9.899999618530273,11100,0,0.0
2019-05-09,9.84000015258789,10.020000457763672,9.3100004196167,9.979999542236328,26400,0,0.0
2019-05-10,10.010000228881836,10.300000190734863,9.649999618530273,10.029999732971191,20400,0,0.0
2019-05-13,9.989999771118164,10.279999732971191,9.710000038146973,9.710000038146973,16200,0,0.0
2019-05-14,9.770000457763672,11.300000190734863,9.619999885559082,9.949999809265137,116700,0,0.0
2019-05-15,9.5,9.680000305175781,8.920000076293945,9.020000457763672,85100,0,0.0
2019-05-16,9.020000457763672,9.470000267028809,9.020000457763672,9.470000267028809,17500,0,0.0
2019-05-17,9.3100004196167,9.3100004196167,8.75,8.75,33000,0,0.0
2019-05-20,8.75,8.989999771118164,8.5,8.630000114440918,23300,0,0.0
2019-05-21,8.25,9.0,7.650000095367432,8.039999961853027,129200,0,0.0
2019-05-22,7.949999809265137,8.399999618530273,7.949999809265137,7.989999771118164,11700,0,0.0
2019-05-23,7.920000076293945,7.929999828338623,7.449999809265137,7.75,25900,0,0.0
2019-05-24,7.760000228881836,7.849999904632568,7.460000038146973,7.46999979019165,16400,0,0.0
2019-05-28,7.510000228881836,7.670000076293945,7.409999847412109,7.449999809265137,11200,0,0.0
2019-05-29,7.440000057220459,7.440000057220459,6.880000114440918,6.880000114440918,77400,0,0.0
2019-05-30,6.849999904632568,6.849999904632568,5.400000095367432,6.340000152587891,100200,0,0.0
2019-05-31,6.260000228881836,6.340000152587891,5.53000020980835,6.150000095367432,97200,0,0.0
2019-06-03,6.159999847412109,6.840000152587891,6.159999847412109,6.53000020980835,38100,0,0.0
2019-06-04,6.590000152587891,6.989999771118164,6.400000095367432,6.989999771118164,31900,0,0.0
2019-06-05,7.090000152587891,7.590000152587891,6.989999771118164,7.199999809265137,34700,0,0.0
2019-06-06,7.25,7.510000228881836,7.25,7.25,15600,0,0.0
2019-06-07,7.340000152587891,7.400000095367432,7.130000114440918,7.340000152587891,19200,0,0.0
2019-06-10,7.340000152587891,7.710000038146973,7.150000095367432,7.5,23300,0,0.0
2019-06-11,7.599999904632568,8.1899995803833,7.599999904632568,7.940000057220459,22000,0,0.0
2019-06-12,8.079999923706055,8.079999923706055,7.639999866485596,7.730000019073486,7700,0,0.0
2019-06-13,7.849999904632568,8.25,7.5,7.900000095367432,16000,0,0.0
2019-06-14,7.900000095367432,8.15999984741211,7.349999904632568,7.349999904632568,18400,0,0.0
2019-06-17,7.420000076293945,8.079999923706055,7.369999885559082,7.699999809265137,20800,0,0.0
2019-06-18,7.710000038146973,7.869999885559082,7.550000190734863,7.639999866485596,5100,0,0.0
2019-06-19,7.610000133514404,7.670000076293945,7.400000095367432,7.639999866485596,3700,0,0.0
2019-06-20,7.900000095367432,8.130000114440918,7.409999847412109,7.5,24900,0,0.0
2019-06-21,7.570000171661377,7.75,7.300000190734863,7.690000057220459,9900,0,0.0
2019-06-24,7.639999866485596,7.699999809265137,7.400000095367432,7.5,23500,0,0.0
2019-06-25,7.489999771118164,7.579999923706055,7.090000152587891,7.199999809265137,11900,0,0.0
2019-06-26,7.349999904632568,7.550000190734863,7.199999809265137,7.449999809265137,22500,0,0.0
2019-06-27,7.440000057220459,7.789999961853027,7.190000057220459,7.670000076293945,15700,0,0.0
2019-06-28,7.730000019073486,7.900000095367432,7.230000019073486,7.900000095367432,19200,0,0.0
2019-07-01,7.659999847412109,8.329999923706055,7.659999847412109,7.96999979019165,42200,0,0.0
2019-07-02,8.050000190734863,8.199999809265137,7.610000133514404,7.840000152587891,35800,0,0.0
2019-07-03,7.800000190734863,7.860000133514404,7.53000020980835,7.840000152587891,4300,0,0.0
2019-07-05,7.769999980926514,7.869999885559082,7.199999809265137,7.860000133514404,22900,0,0.0
2019-07-08,7.460000038146973,7.800000190734863,6.889999866485596,7.260000228881836,31700,0,0.0
2019-07-09,7.139999866485596,7.769999980926514,7.139999866485596,7.480000019073486,6300,0,0.0
2019-07-10,7.510000228881836,7.670000076293945,7.329999923706055,7.369999885559082,3300,0,0.0
2019-07-11,7.369999885559082,7.739999771118164,7.25,7.28000020980835,6400,0,0.0
2019-07-12,7.230000019073486,7.519999980926514,7.230000019073486,7.269999980926514,6600,0,0.0
2019-07-15,7.289999961853027,7.46999979019165,7.210000038146973,7.239999771118164,4900,0,0.0
2019-07-16,7.210000038146973,7.300000190734863,7.119999885559082,7.119999885559082,6100,0,0.0
2019-07-17,7.159999847412109,7.489999771118164,6.900000095367432,7.489999771118164,30200,0,0.0
2019-07-18,7.369999885559082,7.449999809265137,6.5,7.0,46800,0,0.0
2019-07-19,7.010000228881836,7.099999904632568,6.820000171661377,6.949999809265137,4600,0,0.0
2019-07-22,6.909999847412109,7.110000133514404,6.889999866485596,7.070000171661377,12100,0,0.0
2019-07-23,7.190000057220459,7.190000057220459,6.820000171661377,6.869999885559082,12000,0,0.0
2019-07-24,6.889999866485596,6.96999979019165,6.559999942779541,6.599999904632568,33700,0,0.0
2019-07-25,6.579999923706055,6.650000095367432,6.550000190734863,6.550000190734863,13900,0,0.0
2019-07-26,6.550000190734863,6.699999809265137,6.5,6.5,25200,0,0.0
2019-07-29,6.449999809265137,6.670000076293945,6.369999885559082,6.409999847412109,17400,0,0.0
2019-07-30,6.420000076293945,6.699999809265137,5.760000228881836,6.139999866485596,26500,0,0.0
2019-07-31,6.25,6.329999923706055,6.03000020980835,6.090000152587891,8400,0,0.0
2019-08-01,6.090000152587891,6.369999885559082,6.090000152587891,6.159999847412109,15500,0,0.0
2019-08-02,6.380000114440918,6.460000038146973,6.150000095367432,6.25,7100,0,0.0
2019-08-05,6.269999980926514,6.480000019073486,5.699999809265137,5.900000095367432,44300,0,0.0
2019-08-06,6.119999885559082,6.25,5.849999904632568,6.099999904632568,25700,0,0.0
2019-08-07,6.139999866485596,6.320000171661377,6.110000133514404,6.230000019073486,7600,0,0.0
2019-08-08,6.340000152587891,6.489999771118164,5.820000171661377,6.010000228881836,14500,0,0.0
2019-08-09,6.0,6.550000190734863,5.710000038146973,6.139999866485596,10800,0,0.0
2019-08-12,6.110000133514404,6.510000228881836,5.869999885559082,5.96999979019165,16800,0,0.0
2019-08-13,5.920000076293945,6.150000095367432,5.5,5.5,61300,0,0.0
2019-08-14,5.650000095367432,6.0,5.409999847412109,5.5,37400,0,0.0
2019-08-15,5.460000038146973,5.460000038146973,3.8299999237060547,4.5,274100,0,0.0
2019-08-16,4.460000038146973,4.659999847412109,4.210000038146973,4.25,76700,0,0.0
2019-08-19,4.300000190734863,4.480000019073486,3.9000000953674316,3.9700000286102295,48400,0,0.0
2019-08-20,3.9700000286102295,4.0,3.569999933242798,3.9000000953674316,78000,0,0.0
2019-08-21,3.8499999046325684,3.890000104904175,3.6500000953674316,3.7699999809265137,48800,0,0.0
2019-08-22,3.799999952316284,3.930000066757202,3.6500000953674316,3.930000066757202,31400,0,0.0
2019-08-23,3.940000057220459,4.829999923706055,3.940000057220459,4.409999847412109,55300,0,0.0
2019-08-26,4.5,4.929999828338623,4.150000095367432,4.880000114440918,41500,0,0.0
2019-08-27,4.880000114440918,4.880000114440918,4.159999847412109,4.199999809265137,49800,0,0.0
2019-08-28,4.260000228881836,4.670000076293945,3.9000000953674316,3.9000000953674316,15200,0,0.0
2019-08-29,3.930000066757202,3.990000009536743,3.700000047683716,3.990000009536743,21100,0,0.0
2019-08-30,3.859999895095825,4.090000152587891,3.859999895095825,4.090000152587891,19000,0,0.0
2019-09-03,4.199999809265137,4.199999809265137,3.7699999809265137,3.7899999618530273,23300,0,0.0
2019-09-04,3.9600000381469727,4.179999828338623,3.809999942779541,3.950000047683716,25400,0,0.0
2019-09-05,4.119999885559082,4.400000095367432,4.019999980926514,4.400000095367432,11300,0,0.0
2019-09-06,4.400000095367432,4.400000095367432,4.099999904632568,4.150000095367432,9000,0,0.0
2019-09-09,4.130000114440918,4.139999866485596,4.03000020980835,4.119999885559082,9000,0,0.0
2019-09-10,4.130000114440918,4.179999828338623,3.8499999046325684,3.9800000190734863,12600,0,0.0
2019-09-11,4.0,4.050000190734863,3.859999895095825,3.940000057220459,13400,0,0.0
2019-09-12,3.890000104904175,4.039999961853027,3.890000104904175,3.950000047683716,22700,0,0.0
2019-09-13,3.9700000286102295,3.990000009536743,3.9100000858306885,3.9700000286102295,7500,0,0.0
2019-09-16,3.9200000762939453,3.9600000381469727,3.869999885559082,3.9200000762939453,10300,0,0.0
2019-09-17,3.9600000381469727,3.9600000381469727,3.859999895095825,3.9600000381469727,12400,0,0.0
2019-09-18,3.890000104904175,3.950000047683716,3.890000104904175,3.9200000762939453,9700,0,0.0
2019-09-19,3.9700000286102295,4.360000133514404,3.890000104904175,4.269999980926514,47300,0,0.0
2019-09-20,4.309999942779541,4.309999942779541,3.9600000381469727,4.289999961853027,19700,0,0.0
2019-09-23,4.239999771118164,4.309999942779541,4.070000171661377,4.150000095367432,9200,0,0.0
2019-09-24,4.21999979019165,4.21999979019165,4.010000228881836,4.079999923706055,7800,0,0.0
2019-09-25,4.079999923706055,4.199999809265137,3.940000057220459,3.9700000286102295,13300,0,0.0
2019-09-26,3.9800000190734863,3.9800000190734863,3.7799999713897705,3.930000066757202,32900,0,0.0
2019-09-27,3.8499999046325684,3.869999885559082,3.640000104904175,3.7799999713897705,11200,0,0.0
2019-09-30,3.809999942779541,3.9000000953674316,3.559999942779541,3.869999885559082,22800,0,0.0
2019-10-01,3.7100000381469727,3.9600000381469727,3.7100000381469727,3.7300000190734863,6300,0,0.0
2019-10-02,3.7699999809265137,3.8399999141693115,3.609999895095825,3.630000114440918,4500,0,0.0
2019-10-03,3.7300000190734863,3.9000000953674316,3.5999999046325684,3.9000000953674316,9800,0,0.0
2019-10-04,3.799999952316284,3.799999952316284,3.559999942779541,3.7200000286102295,15300,0,0.0
2019-10-07,3.559999942779541,3.75,3.1500000953674316,3.5,73200,0,0.0
2019-10-08,3.549999952316284,3.700000047683716,3.3399999141693115,3.5899999141693115,15600,0,0.0
2019-10-09,3.7300000190734863,3.7300000190734863,3.3499999046325684,3.430000066757202,13600,0,0.0
2019-10-10,3.5299999713897705,3.5299999713897705,3.009999990463257,3.369999885559082,59200,0,0.0
2019-10-11,3.4000000953674316,3.7699999809265137,3.3499999046325684,3.569999933242798,13000,0,0.0
2019-10-14,3.6500000953674316,3.6500000953674316,3.180000066757202,3.3499999046325684,12200,0,0.0
2019-10-15,3.4200000762939453,3.5,3.299999952316284,3.319999933242798,17700,0,0.0
2019-10-16,3.319999933242798,3.3299999237060547,2.759999990463257,2.759999990463257,39300,0,0.0
2019-10-17,2.799999952316284,3.2799999713897705,2.799999952316284,3.109999895095825,6400,0,0.0
2019-10-18,3.190000057220459,3.25,2.9000000953674316,2.9000000953674316,25200,0,0.0
2019-10-21,2.9000000953674316,3.2300000190734863,2.890000104904175,3.0999999046325684,28600,0,0.0
2019-10-22,3.0999999046325684,3.0999999046325684,2.9000000953674316,3.0,40400,0,0.0
2019-10-23,3.0999999046325684,3.299999952316284,2.8499999046325684,2.950000047683716,47600,0,0.0
2019-10-24,3.180000066757202,3.700000047683716,3.049999952316284,3.4200000762939453,118800,0,0.0
2019-10-25,3.4700000286102295,3.75,3.200000047683716,3.4000000953674316,40700,0,0.0
2019-10-28,3.369999885559082,3.609999895095825,3.069999933242798,3.359999895095825,75500,0,0.0
2019-10-29,3.3399999141693115,3.359999895095825,3.0999999046325684,3.2799999713897705,15000,0,0.0
2019-10-30,3.319999933242798,3.319999933242798,3.0799999237060547,3.309999942779541,10900,0,0.0
2019-10-31,3.2699999809265137,3.2699999809265137,3.190000057220459,3.25,5100,0,0.0
2019-11-01,3.200000047683716,3.490000009536743,3.049999952316284,3.3399999141693115,15500,0,0.0
2019-11-04,3.390000104904175,4.0,3.299999952316284,3.549999952316284,54700,0,0.0
2019-11-05,3.549999952316284,3.799999952316284,3.4100000858306885,3.440000057220459,23900,0,0.0
2019-11-06,3.380000114440918,3.5399999618530273,3.299999952316284,3.3299999237060547,12700,0,0.0
2019-11-07,3.359999895095825,3.440000057220459,3.299999952316284,3.299999952316284,20000,0,0.0
2019-11-08,3.299999952316284,3.440000057220459,3.299999952316284,3.369999885559082,3200,0,0.0
2019-11-11,3.380000114440918,3.9000000953674316,3.299999952316284,3.9000000953674316,4900,0,0.0
2019-11-12,3.759999990463257,3.759999990463257,3.299999952316284,3.4700000286102295,29900,0,0.0
2019-11-13,3.549999952316284,3.549999952316284,3.3299999237060547,3.4200000762939453,11300,0,0.0
2019-11-14,3.569999933242798,3.9100000858306885,3.440000057220459,3.9100000858306885,27300,0,0.0
2019-11-15,3.8299999237060547,3.930000066757202,3.690000057220459,3.9200000762939453,11100,0,0.0
2019-11-18,3.990000009536743,5.96999979019165,3.950000047683716,4.989999771118164,88200,0,0.0
2019-11-19,4.989999771118164,6.230000019073486,4.989999771118164,6.03000020980835,196200,0,0.0
2019-11-20,6.010000228881836,6.639999866485596,6.010000228881836,6.019999980926514,109600,0,0.0
2019-11-21,6.010000228881836,6.099999904632568,5.599999904632568,5.78000020980835,51400,0,0.0
2019-11-22,5.650000095367432,5.760000228881836,5.070000171661377,5.170000076293945,88800,0,0.0
2019-11-25,5.159999847412109,5.579999923706055,5.159999847412109,5.480000019073486,41700,0,0.0
2019-11-26,5.5,5.550000190734863,5.019999980926514,5.269999980926514,43100,0,0.0
2019-11-27,5.070000171661377,5.260000228881836,5.050000190734863,5.099999904632568,8000,0,0.0
2019-11-29,5.420000076293945,5.420000076293945,5.099999904632568,5.099999904632568,13500,0,0.0
2019-12-02,5.019999980926514,5.400000095367432,4.820000171661377,5.0,39600,0,0.0
2019-12-03,4.829999923706055,5.429999828338623,4.710000038146973,5.090000152587891,14100,0,0.0
2019-12-04,5.0,5.079999923706055,4.75,4.820000171661377,16400,0,0.0
2019-12-05,4.880000114440918,4.949999809265137,4.849999904632568,4.900000095367432,4800,0,0.0
2019-12-06,5.0,5.0,4.849999904632568,4.849999904632568,10100,0,0.0
2019-12-09,4.849999904632568,5.309999942779541,4.849999904632568,5.010000228881836,52100,0,0.0
2019-12-10,5.090000152587891,5.239999771118164,5.090000152587891,5.199999809265137,6300,0,0.0
2019-12-11,5.110000133514404,5.449999809265137,5.110000133514404,5.210000038146973,4200,0,0.0
2019-12-12,5.25,5.25,5.039999961853027,5.099999904632568,9000,0,0.0
2019-12-13,5.0,5.380000114440918,4.880000114440918,5.079999923706055,12800,0,0.0
2019-12-16,5.110000133514404,5.820000171661377,4.929999828338623,5.309999942779541,15900,0,0.0
2019-12-17,5.460000038146973,5.460000038146973,5.150000095367432,5.199999809265137,16500,0,0.0
2019-12-18,5.309999942779541,5.369999885559082,5.159999847412109,5.159999847412109,8700,0,0.0
2019-12-19,5.130000114440918,5.269999980926514,5.130000114440918,5.190000057220459,4000,0,0.0
2019-12-20,5.5,5.5,5.0,5.130000114440918,18100,0,0.0
2019-12-23,5.070000171661377,5.139999866485596,5.070000171661377,5.090000152587891,5500,0,0.0
2019-12-24,5.090000152587891,5.130000114440918,4.949999809265137,5.0,5200,0,0.0
2019-12-26,5.0,5.010000228881836,4.949999809265137,4.980000019073486,7900,0,0.0
2019-12-27,5.0,5.019999980926514,4.400000095367432,4.75,40900,0,0.0
2019-12-30,4.699999809265137,4.949999809265137,4.510000228881836,4.599999904632568,20000,0,0.0
2019-12-31,4.630000114440918,4.829999923706055,4.5,4.690000057220459,13900,0,0.0
2020-01-02,4.679999828338623,4.960000038146973,4.679999828338623,4.900000095367432,8600,0,0.0
2020-01-03,4.849999904632568,4.849999904632568,4.579999923706055,4.579999923706055,12500,0,0.0
2020-01-06,4.730000019073486,4.949999809265137,4.519999980926514,4.949999809265137,9900,0,0.0
2020-01-07,4.900000095367432,5.110000133514404,4.699999809265137,5.019999980926514,7800,0,0.0
2020-01-08,5.050000190734863,5.050000190734863,4.900000095367432,5.039999961853027,15700,0,0.0
2020-01-09,5.150000095367432,5.440000057220459,5.150000095367432,5.150000095367432,40400,0,0.0
2020-01-10,5.170000076293945,5.170000076293945,4.889999866485596,4.980000019073486,23300,0,0.0
2020-01-13,4.920000076293945,5.369999885559082,4.860000133514404,5.349999904632568,19000,0,0.0
2020-01-14,5.300000190734863,5.309999942779541,4.989999771118164,5.0,20100,0,0.0
2020-01-15,5.019999980926514,5.03000020980835,4.78000020980835,5.03000020980835,10600,0,0.0
2020-01-16,5.059999942779541,5.099999904632568,4.71999979019165,4.730000019073486,12800,0,0.0
2020-01-17,4.840000152587891,4.840000152587891,4.590000152587891,4.650000095367432,14100,0,0.0
2020-01-21,4.880000114440918,5.150000095367432,4.880000114440918,5.119999885559082,26000,0,0.0
2020-01-22,5.239999771118164,5.409999847412109,5.119999885559082,5.400000095367432,23900,0,0.0
2020-01-23,5.420000076293945,5.789999961853027,5.25,5.300000190734863,20600,0,0.0
2020-01-24,5.300000190734863,5.300000190734863,5.099999904632568,5.130000114440918,15300,0,0.0
2020-01-27,5.059999942779541,5.070000171661377,4.809999942779541,4.829999923706055,8000,0,0.0
2020-01-28,4.909999847412109,4.940000057220459,4.639999866485596,4.710000038146973,19700,0,0.0
2020-01-29,4.820000171661377,4.849999904632568,4.699999809265137,4.849999904632568,5000,0,0.0
2020-01-30,4.78000020980835,4.809999942779541,4.659999847412109,4.659999847412109,4300,0,0.0
2020-01-31,4.75,4.989999771118164,4.75,4.929999828338623,5800,0,0.0
2020-02-03,4.96999979019165,5.119999885559082,4.900000095367432,5.0,16600,0,0.0
2020-02-04,5.050000190734863,5.199999809265137,4.909999847412109,5.0,26100,0,0.0
2020-02-05,5.099999904632568,5.099999904632568,4.610000133514404,4.699999809265137,22900,0,0.0
2020-02-06,4.710000038146973,5.179999828338623,4.659999847412109,5.170000076293945,6100,0,0.0
2020-02-07,5.050000190734863,5.369999885559082,4.71999979019165,4.96999979019165,30500,0,0.0
2020-02-10,4.940000057220459,5.199999809265137,4.889999866485596,5.099999904632568,9600,0,0.0
2020-02-11,5.119999885559082,5.260000228881836,4.860000133514404,4.949999809265137,32400,0,0.0
2020-02-12,4.889999866485596,5.019999980926514,4.889999866485596,4.900000095367432,2200,0,0.0
2020-02-13,5.0,5.099999904632568,4.869999885559082,5.0,12000,0,0.0
2020-02-14,4.880000114440918,5.099999904632568,4.880000114440918,5.079999923706055,14500,0,0.0
2020-02-18,5.079999923706055,5.099999904632568,4.710000038146973,4.71999979019165,22700,0,0.0
2020-02-19,4.71999979019165,5.0,4.71999979019165,4.860000133514404,7200,0,0.0
2020-02-20,4.820000171661377,5.0,4.820000171661377,5.0,9600,0,0.0
2020-02-21,4.840000152587891,5.019999980926514,4.840000152587891,4.980000019073486,3800,0,0.0
2020-02-24,4.829999923706055,4.96999979019165,4.820000171661377,4.880000114440918,10600,0,0.0
2020-02-25,4.860000133514404,4.860000133514404,4.53000020980835,4.539999961853027,17600,0,0.0
2020-02-26,4.559999942779541,4.599999904632568,4.079999923706055,4.170000076293945,45400,0,0.0
2020-02-27,4.090000152587891,4.400000095367432,4.0,4.050000190734863,20000,0,0.0
2020-02-28,4.010000228881836,4.050000190734863,3.7699999809265137,3.9600000381469727,33400,0,0.0
2020-03-02,4.5,4.5,3.680000066757202,3.880000114440918,37200,0,0.0
2020-03-03,3.9600000381469727,4.019999980926514,3.5399999618530273,3.819999933242798,18800,0,0.0
2020-03-04,3.9200000762939453,3.940000057220459,3.7200000286102295,3.859999895095825,9200,0,0.0
2020-03-05,3.8499999046325684,3.8499999046325684,3.7300000190734863,3.8499999046325684,16600,0,0.0
2020-03-06,3.8399999141693115,3.8399999141693115,3.5799999237060547,3.6500000953674316,13800,0,0.0
2020-03-09,3.5399999618530273,3.990000009536743,3.5,3.5,30000,0,0.0
2020-03-10,3.7799999713897705,3.890000104904175,3.509999990463257,3.559999942779541,12200,0,0.0
2020-03-11,3.609999895095825,3.609999895095825,3.4000000953674316,3.5,23500,0,0.0
2020-03-12,3.1600000858306885,3.2200000286102295,2.7899999618530273,2.7899999618530273,21400,0,0.0
2020-03-13,3.109999895095825,3.109999895095825,1.940000057220459,3.0,84500,0,0.0
2020-03-16,2.799999952316284,3.5,2.549999952316284,2.569999933242798,14700,0,0.0
2020-03-17,2.509999990463257,3.069999933242798,2.299999952316284,2.690000057220459,58400,0,0.0
2020-03-18,2.5199999809265137,2.609999895095825,2.2699999809265137,2.440000057220459,9500,0,0.0
2020-03-19,2.869999885559082,2.880000114440918,2.319999933242798,2.569999933242798,19100,0,0.0
2020-03-20,2.5999999046325684,2.619999885559082,2.319999933242798,2.3399999141693115,15000,0,0.0
2020-03-23,2.299999952316284,4.699999809265137,2.299999952316284,3.690000057220459,145000,0,0.0
2020-03-24,3.8499999046325684,4.670000076293945,3.75,4.320000171661377,81100,0,0.0
2020-03-25,4.320000171661377,4.320000171661377,4.0,4.090000152587891,28300,0,0.0
2020-03-26,4.059999942779541,4.449999809265137,4.059999942779541,4.349999904632568,32500,0,0.0
2020-03-27,4.360000133514404,4.5,4.010000228881836,4.010000228881836,27200,0,0.0
2020-03-30,4.050000190734863,4.599999904632568,4.050000190734863,4.150000095367432,13800,0,0.0
2020-03-31,4.550000190734863,4.599999904632568,4.25,4.440000057220459,22600,0,0.0
2020-04-01,4.260000228881836,4.449999809265137,3.75,4.0,21800,0,0.0
2020-04-02,3.799999952316284,4.699999809265137,3.7200000286102295,4.360000133514404,18300,0,0.0
2020-04-03,4.360000133514404,4.489999771118164,4.150000095367432,4.309999942779541,21800,0,0.0
2020-04-06,4.440000057220459,4.5,4.099999904632568,4.099999904632568,13800,0,0.0
2020-04-07,4.099999904632568,4.440000057220459,4.03000020980835,4.300000190734863,12700,0,0.0
2020-04-08,4.179999828338623,4.320000171661377,4.0,4.269999980926514,35700,0,0.0
2020-04-09,4.260000228881836,4.400000095367432,3.950000047683716,4.380000114440918,29500,0,0.0
2020-04-13,4.639999866485596,4.889999866485596,4.460000038146973,4.760000228881836,49000,0,0.0
2020-04-14,5.0,5.349999904632568,4.880000114440918,4.909999847412109,55400,0,0.0
2020-04-15,5.039999961853027,5.050000190734863,4.880000114440918,5.0,22800,0,0.0
2020-04-16,5.050000190734863,5.349999904632568,4.960000038146973,5.320000171661377,62100,0,0.0
2020-04-17,5.380000114440918,5.860000133514404,5.059999942779541,5.710000038146973,62000,0,0.0
2020-04-20,5.710000038146973,7.389999866485596,5.670000076293945,6.650000095367432,66500,0,0.0
2020-04-21,6.909999847412109,7.699999809265137,6.860000133514404,7.159999847412109,90700,0,0.0
2020-04-22,7.440000057220459,7.599999904632568,7.110000133514404,7.449999809265137,55000,0,0.0
2020-04-23,6.849999904632568,7.75,6.699999809265137,7.650000095367432,54100,0,0.0
2020-04-24,7.869999885559082,8.399999618530273,7.559999942779541,7.800000190734863,98600,0,0.0
2020-04-27,7.989999771118164,8.0,7.349999904632568,7.519999980926514,68400,0,0.0
2020-04-28,7.449999809265137,7.449999809265137,6.690000057220459,7.309999942779541,58000,0,0.0
2020-04-29,7.179999828338623,7.800000190734863,7.179999828338623,7.670000076293945,20300,0,0.0
2020-04-30,7.679999828338623,7.75,7.230000019073486,7.590000152587891,22300,0,0.0
2020-05-01,7.070000171661377,7.75,7.010000228881836,7.449999809265137,39800,0,0.0
2020-05-04,7.519999980926514,7.679999828338623,7.159999847412109,7.25,12500,0,0.0
2020-05-05,7.300000190734863,8.149999618530273,7.170000076293945,7.920000076293945,40400,0,0.0
2020-05-06,7.789999961853027,7.940000057220459,7.349999904632568,7.449999809265137,18000,0,0.0
2020-05-07,7.380000114440918,7.960000038146973,7.110000133514404,7.5,30500,0,0.0
2020-05-08,7.989999771118164,8.0,7.5,7.989999771118164,48400,0,0.0
2020-05-11,8.0,8.65999984741211,7.539999961853027,8.069999694824219,99800,0,0.0
2020-05-12,8.229999542236328,9.0,8.229999542236328,8.789999961853027,70100,0,0.0
2020-05-13,8.890000343322754,9.0,7.900000095367432,8.100000381469727,88300,0,0.0
2020-05-14,7.960000038146973,9.0,7.699999809265137,8.779999732971191,90400,0,0.0
2020-05-15,9.220000267028809,9.800000190734863,7.510000228881836,7.75,140200,0,0.0
2020-05-18,8.0600004196167,8.529999732971191,7.349999904632568,7.559999942779541,97200,0,0.0
2020-05-19,7.539999961853027,7.989999771118164,7.539999961853027,7.71999979019165,51700,0,0.0
2020-05-20,7.78000020980835,8.199999809265137,7.78000020980835,7.980000019073486,60300,0,0.0
2020-05-21,7.940000057220459,7.980000019073486,7.28000020980835,7.610000133514404,50100,0,0.0
2020-05-22,7.619999885559082,7.800000190734863,7.380000114440918,7.510000228881836,38300,0,0.0
2020-05-26,7.5,7.75,7.0,7.039999961853027,98300,0,0.0
2020-05-27,7.119999885559082,7.489999771118164,7.0,7.329999923706055,44000,0,0.0
2020-05-28,7.420000076293945,8.729999542236328,7.300000190734863,8.630000114440918,171000,0,0.0
2020-05-29,8.75,9.489999771118164,8.100000381469727,8.470000267028809,118100,0,0.0
2020-06-01,8.670000076293945,9.5,8.520000457763672,8.819999694824219,113200,0,0.0
2020-06-02,8.960000038146973,9.600000381469727,8.960000038146973,9.600000381469727,94800,0,0.0
2020-06-03,9.670000076293945,10.010000228881836,9.3100004196167,9.59000015258789,137400,0,0.0
2020-06-04,9.470000267028809,9.529999732971191,8.75,8.859999656677246,85400,0,0.0
2020-06-05,9.420000076293945,9.420000076293945,8.680000305175781,8.729999542236328,78000,0,0.0
2020-06-08,8.600000381469727,9.050000190734863,8.260000228881836,8.930000305175781,78200,0,0.0
2020-06-09,8.899999618530273,9.079999923706055,8.529999732971191,9.050000190734863,63300,0,0.0
2020-06-10,8.899999618530273,9.100000381469727,8.800000190734863,8.869999885559082,33700,0,0.0
2020-06-11,8.859999656677246,8.859999656677246,7.920000076293945,8.029999732971191,112100,0,0.0
2020-06-12,8.039999961853027,8.619999885559082,8.039999961853027,8.609999656677246,69600,0,0.0
2020-06-15,8.020000457763672,8.670000076293945,7.690000057220459,8.399999618530273,26800,0,0.0
2020-06-16,8.5600004196167,8.920000076293945,8.5600004196167,8.600000381469727,38400,0,0.0
2020-06-17,8.84000015258789,10.1899995803833,8.729999542236328,9.199999809265137,243700,0,0.0
2020-06-18,9.229999542236328,9.979999542236328,9.210000038146973,9.899999618530273,64800,0,0.0
2020-06-19,9.850000381469727,10.1899995803833,9.289999961853027,9.899999618530273,74800,0,0.0
2020-06-22,10.180000305175781,10.180000305175781,9.050000190734863,9.239999771118164,50200,0,0.0
2020-06-23,9.029999732971191,9.399999618530273,8.699999809265137,9.399999618530273,55500,0,0.0
2020-06-24,9.010000228881836,9.489999771118164,8.819999694824219,8.90999984741211,36800,0,0.0
2020-06-25,8.9399995803833,9.390000343322754,8.869999885559082,9.260000228881836,38300,0,0.0
2020-06-26,9.3100004196167,9.600000381469727,9.3100004196167,9.40999984741211,33900,0,0.0
2020-06-29,9.460000038146973,9.899999618530273,9.390000343322754,9.869999885559082,27400,0,0.0
2020-06-30,9.899999618530273,10.529999732971191,9.760000228881836,10.0,123300,0,0.0
2020-07-01,9.920000076293945,10.239999771118164,9.899999618530273,10.170000076293945,41700,0,0.0
2020-07-02,10.25,10.5,10.100000381469727,10.319999694824219,36400,0,0.0
2020-07-06,10.449999809265137,10.489999771118164,9.829999923706055,9.949999809265137,56900,0,0.0
2020-07-07,9.850000381469727,10.5,9.510000228881836,10.25,34300,0,0.0
2020-07-08,10.300000190734863,10.300000190734863,10.039999961853027,10.1899995803833,37000,0,0.0
2020-07-09,10.149999618530273,10.90999984741211,10.149999618530273,10.800000190734863,83400,0,0.0
2020-07-10,10.930000305175781,11.550000190734863,10.760000228881836,11.300000190734863,82300,0,0.0
2020-07-13,11.6899995803833,12.130000114440918,11.5,11.979999542236328,125800,0,0.0
2020-07-14,12.199999809265137,14.0,12.199999809265137,13.800000190734863,242000,0,0.0
2020-07-15,14.020000457763672,14.25,13.460000038146973,14.09000015258789,98400,0,0.0
2020-07-16,14.119999885559082,14.119999885559082,13.210000038146973,13.800000190734863,50600,0,0.0
2020-07-17,13.90999984741211,15.979999542236328,13.850000381469727,15.380000114440918,187200,0,0.0
2020-07-20,15.539999961853027,15.550000190734863,15.100000381469727,15.4399995803833,77300,0,0.0
2020-07-21,15.529999732971191,15.699999809265137,15.460000038146973,15.529999732971191,79400,0,0.0
2020-07-22,15.550000190734863,15.600000381469727,15.220000267028809,15.550000190734863,61000,0,0.0
2020-07-23,15.550000190734863,16.0,14.75,15.279999732971191,109000,0,0.0
2020-07-24,15.100000381469727,15.15999984741211,14.649999618530273,14.90999984741211,62200,0,0.0
2020-07-27,14.739999771118164,15.479999542236328,14.5,15.100000381469727,71800,0,0.0
2020-07-28,15.010000228881836,15.199999809265137,14.850000381469727,14.9399995803833,31700,0,0.0
2020-07-29,14.9399995803833,15.109999656677246,14.5,14.65999984741211,53900,0,0.0
2020-07-30,14.470000267028809,14.9399995803833,14.25,14.760000228881836,20400,0,0.0
2020-07-31,14.800000190734863,14.979999542236328,14.3100004196167,14.6899995803833,29000,0,0.0
2020-08-03,14.720000267028809,15.890000343322754,14.350000381469727,14.869999885559082,50200,0,0.0
2020-08-04,14.869999885559082,14.869999885559082,13.5,13.899999618530273,66000,0,0.0
2020-08-05,13.850000381469727,14.649999618530273,11.25,11.770000457763672,154000,0,0.0
2020-08-06,12.199999809265137,13.319999694824219,12.199999809265137,12.989999771118164,92500,0,0.0
2020-08-07,12.880000114440918,13.949999809265137,12.239999771118164,13.460000038146973,67900,0,0.0
2020-08-10,13.59000015258789,14.619999885559082,13.5,14.140000343322754,59400,0,0.0
2020-08-11,14.140000343322754,14.15999984741211,12.670000076293945,13.430000305175781,63000,0,0.0
2020-08-12,13.380000114440918,13.380000114440918,12.319999694824219,12.65999984741211,125400,0,0.0
2020-08-13,12.8100004196167,13.619999885559082,12.65999984741211,13.600000381469727,47100,0,0.0
2020-08-14,13.520000457763672,13.6899995803833,12.5,13.550000190734863,81700,0,0.0
2020-08-17,13.619999885559082,14.630000114440918,13.510000228881836,14.069999694824219,64200,0,0.0
2020-08-18,14.149999618530273,16.420000076293945,14.149999618530273,16.170000076293945,221900,0,0.0
2020-08-19,16.15999984741211,17.149999618530273,15.8100004196167,16.90999984741211,187500,0,0.0
2020-08-20,17.0,20.399999618530273,16.43000030517578,18.649999618530273,287600,0,0.0
2020-08-21,18.850000381469727,22.290000915527344,18.850000381469727,21.280000686645508,535000,0,0.0
2020-08-24,21.690000534057617,22.799999237060547,17.6200008392334,19.31999969482422,417800,0,0.0
2020-08-25,19.010000228881836,19.93000030517578,18.40999984741211,19.709999084472656,111600,0,0.0
2020-08-26,19.520000457763672,19.65999984741211,18.15999984741211,19.0,112400,0,0.0
2020-08-27,20.489999771118164,22.0,19.020000457763672,20.15999984741211,264400,0,0.0
2020-08-28,20.530000686645508,20.530000686645508,18.829999923706055,19.489999771118164,133700,0,0.0
2020-08-31,19.18000030517578,19.969999313354492,18.799999237060547,19.049999237060547,53700,0,0.0
2020-09-01,19.549999237060547,19.940000534057617,18.010000228881836,18.1200008392334,94600,0,0.0
2020-09-02,18.360000610351562,18.989999771118164,16.719999313354492,17.969999313354492,94900,0,0.0
2020-09-03,17.969999313354492,18.079999923706055,16.799999237060547,17.190000534057617,77700,0,0.0
2020-09-04,17.190000534057617,19.75,16.829999923706055,18.229999542236328,248400,0,0.0
2020-09-08,18.0,18.479999542236328,16.350000381469727,16.530000686645508,106000,0,0.0
2020-09-09,16.559999465942383,17.1200008392334,16.010000228881836,16.1299991607666,130600,0,0.0
2020-09-10,16.200000762939453,16.3700008392334,15.300000190734863,15.789999961853027,110600,0,0.0
2020-09-11,15.869999885559082,16.770000457763672,15.0600004196167,16.579999923706055,117200,0,0.0
2020-09-14,16.790000915527344,16.799999237060547,14.390000343322754,14.600000381469727,186800,0,0.0
2020-09-15,13.600000381469727,13.949999809265137,12.210000038146973,12.640000343322754,647500,0,0.0
2020-09-16,12.770000457763672,14.170000076293945,12.670000076293945,13.40999984741211,240200,0,0.0
2020-09-17,13.020000457763672,15.350000381469727,13.010000228881836,14.970000267028809,302500,0,0.0
2020-09-18,15.0,15.930000305175781,14.75,15.850000381469727,127500,0,0.0
2020-09-21,15.399999618530273,15.710000038146973,14.699999809265137,15.390000343322754,81900,0,0.0
2020-09-22,16.0,19.200000762939453,15.75,18.0,265100,0,0.0
2020-09-23,17.989999771118164,17.989999771118164,16.149999618530273,16.229999542236328,143100,0,0.0
2020-09-24,16.1200008392334,16.770000457763672,15.329999923706055,15.470000267028809,74400,0,0.0
2020-09-25,15.470000267028809,16.079999923706055,15.329999923706055,15.760000228881836,86700,0,0.0
2020-09-28,15.899999618530273,17.18000030517578,15.5,15.609999656677246,53600,0,0.0
2020-09-29,15.609999656677246,15.8100004196167,14.770000457763672,15.029999732971191,134100,0,0.0
2020-09-30,14.979999542236328,15.420000076293945,14.380000114440918,14.59000015258789,86700,0,0.0
2020-10-01,14.619999885559082,15.270000457763672,13.5600004196167,14.319999694824219,98800,0,0.0
2020-10-02,14.079999923706055,14.489999771118164,13.489999771118164,14.229999542236328,81600,0,0.0
2020-10-05,14.329999923706055,16.049999237060547,14.329999923706055,15.850000381469727,96000,0,0.0
2020-10-06,15.930000305175781,15.970000267028809,14.65999984741211,15.0,47100,0,0.0
2020-10-07,14.8100004196167,17.450000762939453,14.8100004196167,17.09000015258789,109700,0,0.0
2020-10-08,17.290000915527344,17.5,16.110000610351562,17.229999542236328,94700,0,0.0
2020-10-09,17.34000015258789,17.34000015258789,16.389999389648438,16.760000228881836,86100,0,0.0
2020-10-12,16.799999237060547,17.75,16.25,17.549999237060547,71800,0,0.0
2020-10-13,17.510000228881836,17.510000228881836,16.579999923706055,17.170000076293945,60600,0,0.0
2020-10-14,17.290000915527344,17.530000686645508,16.81999969482422,17.170000076293945,56700,0,0.0
2020-10-15,16.829999923706055,18.309999465942383,16.600000381469727,18.059999465942383,93900,0,0.0
2020-10-16,18.139999389648438,18.489999771118164,17.700000762939453,17.790000915527344,72800,0,0.0
2020-10-19,17.8799991607666,19.209999084472656,17.219999313354492,17.360000610351562,115000,0,0.0
2020-10-20,17.5,18.09000015258789,16.81999969482422,17.440000534057617,38800,0,0.0
2020-10-21,17.43000030517578,17.559999465942383,17.09000015258789,17.229999542236328,70800,0,0.0
2020-10-22,17.229999542236328,17.229999542236328,16.260000228881836,16.670000076293945,86600,0,0.0
2020-10-23,16.770000457763672,17.020000457763672,16.5,16.6200008392334,38500,0,0.0
2020-10-26,16.5,17.530000686645508,16.110000610351562,16.3799991607666,56000,0,0.0
2020-10-27,16.450000762939453,16.969999313354492,16.399999618530273,16.799999237060547,17300,0,0.0
2020-10-28,16.440000534057617,16.989999771118164,16.40999984741211,16.8700008392334,39400,0,0.0
2020-10-29,16.790000915527344,17.770000457763672,16.75,17.469999313354492,49000,0,0.0
2020-10-30,17.559999465942383,17.760000228881836,16.510000228881836,16.809999465942383,41500,0,0.0
2020-11-02,17.43000030517578,20.229999542236328,17.239999771118164,17.8700008392334,158600,0,0.0
2020-11-03,18.030000686645508,19.610000610351562,18.030000686645508,18.65999984741211,77900,0,0.0
2020-11-04,19.420000076293945,19.540000915527344,19.0,19.31999969482422,69100,0,0.0
2020-11-05,19.729999542236328,20.5,19.219999313354492,20.309999465942383,84800,0,0.0
2020-11-06,20.350000381469727,21.809999465942383,20.0,20.56999969482422,135300,0,0.0
2020-11-09,21.25,21.489999771118164,17.540000915527344,17.799999237060547,135400,0,0.0
2020-11-10,17.799999237060547,18.799999237060547,17.799999237060547,18.56999969482422,51300,0,0.0
2020-11-11,18.56999969482422,19.200000762939453,18.110000610351562,19.200000762939453,36600,0,0.0
2020-11-12,18.940000534057617,19.950000762939453,18.389999389648438,19.40999984741211,106700,0,0.0
2020-11-13,18.040000915527344,18.860000610351562,17.3799991607666,17.739999771118164,209900,0,0.0
2020-11-16,17.889999389648438,18.25,17.600000381469727,17.969999313354492,135300,0,0.0
2020-11-17,18.0,18.290000915527344,16.829999923706055,17.520000457763672,114600,0,0.0
2020-11-18,17.360000610351562,17.639999389648438,16.799999237060547,17.0,96100,0,0.0
2020-11-19,16.790000915527344,17.329999923706055,16.6200008392334,16.790000915527344,115300,0,0.0
2020-11-20,16.809999465942383,17.350000381469727,16.600000381469727,17.200000762939453,83100,0,0.0
2020-11-23,17.3799991607666,17.3799991607666,16.5,16.559999465942383,78700,0,0.0
2020-11-24,16.59000015258789,16.899999618530273,16.020000457763672,16.15999984741211,86200,0,0.0
2020-11-25,16.010000228881836,16.360000610351562,15.300000190734863,15.5600004196167,145400,0,0.0
2020-11-27,15.65999984741211,16.25,15.579999923706055,15.739999771118164,75100,0,0.0
2020-11-30,15.949999809265137,17.3799991607666,15.90999984741211,16.84000015258789,147700,0,0.0
2020-12-01,17.079999923706055,18.940000534057617,17.030000686645508,18.739999771118164,166500,0,0.0
2020-12-02,18.709999084472656,18.709999084472656,17.139999389648438,18.190000534057617,120600,0,0.0
2020-12-03,18.270000457763672,18.809999465942383,18.190000534057617,18.350000381469727,72700,0,0.0
2020-12-04,18.600000381469727,18.639999389648438,18.010000228881836,18.239999771118164,46000,0,0.0
2020-12-07,18.389999389648438,19.3700008392334,18.030000686645508,18.760000228881836,87400,0,0.0
2020-12-08,18.850000381469727,19.100000381469727,18.010000228881836,18.8700008392334,39900,0,0.0
2020-12-09,18.770000457763672,18.93000030517578,17.209999084472656,17.3700008392334,115600,0,0.0
2020-12-10,17.389999389648438,18.600000381469727,17.190000534057617,18.239999771118164,45500,0,0.0
2020-12-11,18.280000686645508,19.989999771118164,18.200000762939453,19.690000534057617,147400,0,0.0
2020-12-14,20.030000686645508,22.760000228881836,19.40999984741211,19.65999984741211,235700,0,0.0
2020-12-15,20.0,20.469999313354492,17.950000762939453,20.239999771118164,121800,0,0.0
2020-12-16,20.549999237060547,22.739999771118164,19.56999969482422,21.209999084472656,247000,0,0.0
2020-12-17,21.469999313354492,24.0,21.40999984741211,23.969999313354492,213500,0,0.0
2020-12-18,23.969999313354492,26.0,23.5,24.959999084472656,155500,0,0.0
2020-12-21,24.0,28.0,23.5,27.56999969482422,239700,0,0.0
2020-12-22,27.170000076293945,27.770000457763672,24.809999465942383,26.709999084472656,202800,0,0.0
2020-12-23,26.719999313354492,28.65999984741211,26.040000915527344,26.260000228881836,92700,0,0.0
2020-12-24,26.270000457763672,28.05500030517578,25.850000381469727,26.200000762939453,45608,0,0.0
