Date,Open,High,Low,Close,Volume,Dividends,Stock Splits
2007-07-26,12.699999809265137,12.699999809265137,11.859999656677246,12.109999656677246,239300,0,0
2007-07-27,12.199999809265137,12.59000015258789,11.899999618530273,12.300000190734863,559900,0,0
2007-07-30,12.25,12.5,11.119999885559082,12.25,386400,0,0
2007-07-31,12.25,12.399999618530273,12.0,12.0,198700,0,0
2007-08-01,12.199999809265137,12.770000457763672,12.199999809265137,12.600000381469727,300500,0,0
2007-08-02,12.600000381469727,12.779999732971191,12.600000381469727,12.699999809265137,45400,0,0
2007-08-03,12.600000381469727,12.949999809265137,12.5,12.65999984741211,59700,0,0
2007-08-06,12.649999618530273,12.680000305175781,12.180000305175781,12.300000190734863,107200,0,0
2007-08-07,12.199999809265137,12.289999961853027,11.710000038146973,11.720000267028809,278500,0,0
2007-08-08,11.4399995803833,11.9399995803833,11.100000381469727,11.350000381469727,290200,0,0
2007-08-09,11.199999809265137,11.739999771118164,10.899999618530273,11.329999923706055,130700,0,0
2007-08-10,11.199999809265137,12.300000190734863,11.199999809265137,12.0,156100,0,0
2007-08-13,12.0,12.75,11.899999618530273,11.989999771118164,173600,0,0
2007-08-14,12.050000190734863,12.100000381469727,11.140000343322754,11.829999923706055,123200,0,0
2007-08-15,12.09000015258789,12.09000015258789,10.25,11.0,228400,0,0
2007-08-16,10.800000190734863,11.960000038146973,10.770000457763672,11.5,378300,0,0
2007-08-17,11.229999542236328,11.300000190734863,9.600000381469727,10.359999656677246,101600,0,0
2007-08-20,10.350000381469727,10.84000015258789,10.25,10.600000381469727,56100,0,0
2007-08-21,10.600000381469727,10.65999984741211,10.020000457763672,10.09000015258789,39600,0,0
2007-08-22,10.09000015258789,10.09000015258789,9.260000228881836,9.829999923706055,67200,0,0
2007-08-23,9.729999542236328,10.199999809265137,9.729999542236328,10.079999923706055,185500,0,0
2007-08-24,10.079999923706055,10.289999961853027,10.0,10.0600004196167,15800,0,0
2007-08-27,10.0600004196167,10.109999656677246,9.800000190734863,9.819999694824219,970000,0,0
2007-08-28,9.819999694824219,10.0600004196167,9.600000381469727,9.630000114440918,642200,0,0
2007-08-29,9.550000190734863,9.829999923706055,9.550000190734863,9.569999694824219,101600,0,0
2007-08-30,9.729999542236328,10.789999961853027,9.6899995803833,9.800000190734863,174300,0,0
2007-08-31,10.0,10.260000228881836,9.5,9.680000305175781,216200,0,0
2007-09-04,9.800000190734863,10.050000190734863,9.479999542236328,9.59000015258789,163300,0,0
2007-09-05,9.680000305175781,10.100000381469727,9.59000015258789,9.699999809265137,69300,0,0
2007-09-06,9.6899995803833,9.829999923706055,9.229999542236328,9.279999732971191,57500,0,0
2007-09-07,9.180000305175781,9.180000305175781,8.6899995803833,8.699999809265137,153000,0,0
2007-09-10,8.699999809265137,8.699999809265137,8.350000381469727,8.470000267028809,30800,0,0
2007-09-11,8.460000038146973,8.800000190734863,8.399999618530273,8.4399995803833,26200,0,0
2007-09-12,8.4399995803833,8.600000381469727,7.929999828338623,8.069999694824219,97200,0,0
2007-09-13,8.100000381469727,8.149999618530273,7.809999942779541,7.840000152587891,153800,0,0
2007-09-14,7.820000171661377,8.020000457763672,7.670000076293945,7.809999942779541,180800,0,0
2007-09-17,7.860000133514404,8.15999984741211,7.860000133514404,8.0,39000,0,0
2007-09-18,8.0,8.390000343322754,7.889999866485596,8.350000381469727,188700,0,0
2007-09-19,8.350000381469727,9.699999809265137,8.15999984741211,9.579999923706055,170800,0,0
2007-09-20,9.5,9.899999618530273,9.34000015258789,9.800000190734863,109400,0,0
2007-09-21,9.800000190734863,9.899999618530273,9.539999961853027,9.819999694824219,124800,0,0
2007-09-24,9.6899995803833,10.300000190734863,9.6899995803833,10.180000305175781,231300,0,0
2007-09-25,10.149999618530273,10.399999618530273,9.75,9.880000114440918,196500,0,0
2007-09-26,9.890000343322754,10.300000190734863,9.859999656677246,10.239999771118164,111700,0,0
2007-09-27,10.15999984741211,10.420000076293945,9.989999771118164,10.25,210900,0,0
2007-09-28,10.229999542236328,11.100000381469727,10.020000457763672,10.279999732971191,1288100,0,0
2007-10-01,10.399999618530273,11.5600004196167,10.0,11.050000190734863,281200,0,0
2007-10-02,11.149999618530273,11.850000381469727,11.0,11.100000381469727,482600,0,0
2007-10-03,11.050000190734863,11.630000114440918,10.550000190734863,11.5,325800,0,0
2007-10-04,11.5,12.609999656677246,11.359999656677246,11.8100004196167,270900,0,0
2007-10-05,12.010000228881836,12.649999618530273,11.84000015258789,12.399999618530273,197600,0,0
2007-10-08,12.350000381469727,12.489999771118164,11.710000038146973,11.739999771118164,189200,0,0
2007-10-09,11.609999656677246,12.0,11.0,11.630000114440918,109700,0,0
2007-10-10,11.489999771118164,11.770000457763672,11.239999771118164,11.449999809265137,54200,0,0
2007-10-11,11.479999542236328,11.84000015258789,11.390000343322754,11.600000381469727,117500,0,0
2007-10-12,11.59000015258789,12.09000015258789,11.59000015258789,12.0600004196167,265700,0,0
2007-10-15,12.0600004196167,12.130000114440918,11.510000228881836,11.75,376900,0,0
2007-10-16,11.760000228881836,11.989999771118164,10.9399995803833,11.569999694824219,90500,0,0
2007-10-17,11.720000267028809,12.029999732971191,11.40999984741211,12.010000228881836,88900,0,0
2007-10-18,12.0,12.0,11.399999618530273,11.930000305175781,40800,0,0
2007-10-19,11.890000343322754,11.890000343322754,11.460000038146973,11.649999618530273,76300,0,0
2007-10-22,11.5,11.600000381469727,11.130000114440918,11.5,216900,0,0
2007-10-23,11.630000114440918,12.0600004196167,11.100000381469727,11.229999542236328,98300,0,0
2007-10-24,11.15999984741211,11.229999542236328,10.100000381469727,10.899999618530273,120000,0,0
2007-10-25,10.770000457763672,11.6899995803833,10.770000457763672,11.210000038146973,122200,0,0
2007-10-26,11.420000076293945,11.770000457763672,10.819999694824219,11.489999771118164,201400,0,0
2007-10-29,11.5,11.779999732971191,10.890000343322754,11.430000305175781,159300,0,0
2007-10-30,11.399999618530273,12.0,10.430000305175781,12.0,114800,0,0
2007-10-31,12.609999656677246,13.399999618530273,12.3100004196167,12.8100004196167,368700,0,0
2007-11-01,12.850000381469727,13.199999809265137,12.680000305175781,13.09000015258789,258300,0,0
2007-11-02,13.220000267028809,13.220000267028809,12.899999618530273,13.0,85200,0,0
2007-11-05,12.970000267028809,13.0,12.279999732971191,12.390000343322754,124600,0,0
2007-11-06,12.369999885559082,12.40999984741211,11.170000076293945,11.770000457763672,264600,0,0
2007-11-07,11.8100004196167,11.859999656677246,11.210000038146973,11.270000457763672,107100,0,0
2007-11-08,11.40999984741211,11.40999984741211,9.40999984741211,9.739999771118164,488100,0,0
2007-11-09,9.649999618530273,9.65999984741211,8.8100004196167,9.100000381469727,370800,0,0
2007-11-12,9.079999923706055,10.289999961853027,8.899999618530273,9.800000190734863,236600,0,0
2007-11-13,9.869999885559082,11.569999694824219,9.8100004196167,10.989999771118164,189100,0,0
2007-11-14,10.899999618530273,11.109999656677246,10.579999923706055,11.0600004196167,60000,0,0
2007-11-15,11.069999694824219,12.180000305175781,10.920000076293945,11.970000267028809,66200,0,0
2007-11-16,12.020000457763672,12.0600004196167,10.800000190734863,11.130000114440918,117900,0,0
2007-11-19,11.09000015258789,11.289999961853027,10.270000457763672,10.359999656677246,152300,0,0
2007-11-20,10.3100004196167,10.699999809265137,9.989999771118164,10.380000114440918,260600,0,0
2007-11-21,10.369999885559082,10.59000015258789,9.630000114440918,9.8100004196167,220700,0,0
2007-11-23,9.84000015258789,10.329999923706055,9.680000305175781,9.930000305175781,45000,0,0
2007-11-26,9.899999618530273,10.109999656677246,9.510000228881836,9.550000190734863,62900,0,0
2007-11-27,9.539999961853027,9.779999732971191,9.289999961853027,9.770000457763672,43300,0,0
2007-11-28,9.770000457763672,10.680000305175781,9.649999618530273,10.270000457763672,159400,0,0
2007-11-29,10.289999961853027,10.390000343322754,9.699999809265137,9.899999618530273,169500,0,0
2007-11-30,10.079999923706055,10.4399995803833,9.8100004196167,9.880000114440918,153200,0,0
2007-12-03,9.90999984741211,10.65999984741211,9.449999809265137,10.59000015258789,168000,0,0
2007-12-04,10.59000015258789,10.600000381469727,9.890000343322754,9.989999771118164,105200,0,0
2007-12-05,10.229999542236328,10.369999885559082,9.75,9.770000457763672,132500,0,0
2007-12-06,9.699999809265137,10.359999656677246,9.699999809265137,10.270000457763672,80800,0,0
2007-12-07,10.300000190734863,10.300000190734863,9.960000038146973,10.010000228881836,195800,0,0
2007-12-10,10.039999961853027,10.130000114440918,9.75,10.0600004196167,171700,0,0
2007-12-11,10.140000343322754,10.149999618530273,9.510000228881836,9.609999656677246,109600,0,0
2007-12-12,9.9399995803833,9.960000038146973,9.510000228881836,9.569999694824219,65000,0,0
2007-12-13,9.510000228881836,10.079999923706055,9.510000228881836,9.739999771118164,75300,0,0
2007-12-14,9.569999694824219,9.6899995803833,9.010000228881836,9.0600004196167,130300,0,0
2007-12-17,9.0,9.0,8.600000381469727,8.600000381469727,87500,0,0
2007-12-18,8.710000038146973,8.710000038146973,7.960000038146973,8.359999656677246,135500,0,0
2007-12-19,8.359999656677246,8.619999885559082,8.289999961853027,8.300000190734863,69700,0,0
2007-12-20,8.380000114440918,8.430000305175781,7.869999885559082,8.0,150100,0,0
2007-12-21,8.119999885559082,8.229999542236328,7.840000152587891,8.050000190734863,301000,0,0
2007-12-24,8.050000190734863,8.289999961853027,7.960000038146973,8.15999984741211,111800,0,0
2007-12-26,8.020000457763672,8.199999809265137,7.960000038146973,8.140000343322754,105300,0,0
2007-12-27,8.229999542236328,8.5600004196167,8.220000267028809,8.25,118600,0,0
2007-12-28,8.300000190734863,8.319999694824219,7.920000076293945,7.949999809265137,110000,0,0
2007-12-31,7.860000133514404,8.25,7.78000020980835,7.989999771118164,174700,0,0
2008-01-02,7.989999771118164,7.989999771118164,7.320000171661377,7.599999904632568,155200,0,0
2008-01-03,7.599999904632568,7.800000190734863,7.079999923706055,7.099999904632568,278800,0,0
2008-01-04,7.050000190734863,7.159999847412109,6.949999809265137,7.010000228881836,435200,0,0
2008-01-07,7.099999904632568,7.400000095367432,7.010000228881836,7.309999942779541,788200,0,0
2008-01-08,7.329999923706055,7.889999866485596,7.329999923706055,7.570000171661377,174900,0,0
2008-01-09,7.5,8.789999961853027,7.5,8.680000305175781,225300,0,0
2008-01-10,8.550000190734863,8.739999771118164,8.300000190734863,8.569999694824219,139100,0,0
2008-01-11,8.539999961853027,9.0,8.319999694824219,8.760000228881836,162000,0,0
2008-01-14,8.90999984741211,9.4399995803833,8.760000228881836,9.369999885559082,234300,0,0
2008-01-15,9.210000038146973,9.210000038146973,8.960000038146973,9.100000381469727,289500,0,0
2008-01-16,9.100000381469727,9.119999885559082,8.569999694824219,8.579999923706055,373800,0,0
2008-01-17,8.579999923706055,8.579999923706055,7.619999885559082,7.619999885559082,196100,0,0
2008-01-18,7.420000076293945,7.71999979019165,7.199999809265137,7.380000114440918,211300,0,0
2008-01-22,7.0,7.340000152587891,6.460000038146973,6.889999866485596,300000,0,0
2008-01-23,6.670000076293945,6.789999961853027,6.460000038146973,6.739999771118164,482000,0,0
2008-01-24,6.739999771118164,6.829999923706055,6.639999866485596,6.75,211000,0,0
2008-01-25,6.900000095367432,6.900000095367432,6.539999961853027,6.800000190734863,288000,0,0
2008-01-28,6.789999961853027,6.889999866485596,6.489999771118164,6.699999809265137,204400,0,0
2008-01-29,6.730000019073486,6.829999923706055,6.429999828338623,6.599999904632568,127700,0,0
2008-01-30,6.550000190734863,6.71999979019165,6.5,6.53000020980835,103100,0,0
2008-01-31,6.380000114440918,6.659999847412109,5.800000190734863,6.380000114440918,469000,0,0
2008-02-01,6.46999979019165,6.579999923706055,6.130000114440918,6.429999828338623,361900,0,0
2008-02-04,6.440000057220459,6.539999961853027,6.269999980926514,6.510000228881836,145000,0,0
2008-02-05,6.340000152587891,6.550000190734863,6.340000152587891,6.400000095367432,465700,0,0
2008-02-06,6.5,7.340000152587891,6.449999809265137,6.75,607500,0,0
2008-02-07,7.159999847412109,7.670000076293945,6.590000152587891,7.5,449200,0,0
2008-02-08,7.309999942779541,7.710000038146973,7.309999942779541,7.5,325100,0,0
2008-02-11,7.559999942779541,7.559999942779541,6.849999904632568,6.960000038146973,172500,0,0
2008-02-12,7.070000171661377,7.070000171661377,6.619999885559082,6.650000095367432,201400,0,0
2008-02-13,6.75,6.860000133514404,6.289999961853027,6.369999885559082,295200,0,0
2008-02-14,6.400000095367432,6.5,6.210000038146973,6.28000020980835,148800,0,0
2008-02-15,6.28000020980835,6.28000020980835,5.949999809265137,6.039999961853027,151600,0,0
2008-02-19,6.190000057220459,6.25,5.929999828338623,5.96999979019165,2188700,0,0
2008-02-20,5.920000076293945,6.309999942779541,5.860000133514404,6.25,74400,0,0
2008-02-21,6.28000020980835,6.309999942779541,6.199999809265137,6.269999980926514,1942600,0,0
2008-02-22,6.349999904632568,6.829999923706055,6.349999904632568,6.730000019073486,240900,0,0
2008-02-25,6.659999847412109,7.179999828338623,6.630000114440918,7.110000133514404,272400,0,0
2008-02-26,7.039999961853027,7.460000038146973,7.0,7.440000057220459,122900,0,0
2008-02-27,7.46999979019165,7.519999980926514,7.25,7.289999961853027,67900,0,0
2008-02-28,7.289999961853027,7.340000152587891,7.039999961853027,7.099999904632568,148400,0,0
2008-02-29,6.980000019073486,7.739999771118164,6.739999771118164,7.269999980926514,453500,0,0
2008-03-03,7.21999979019165,7.559999942779541,7.059999942779541,7.28000020980835,358000,0,0
2008-03-04,7.190000057220459,7.480000019073486,6.989999771118164,7.28000020980835,177300,0,0
2008-03-05,7.360000133514404,7.360000133514404,7.099999904632568,7.269999980926514,143300,0,0
2008-03-06,7.179999828338623,7.409999847412109,7.059999942779541,7.150000095367432,117700,0,0
2008-03-07,7.059999942779541,7.429999828338623,6.949999809265137,7.260000228881836,90000,0,0
2008-03-10,7.269999980926514,7.400000095367432,7.110000133514404,7.21999979019165,131800,0,0
2008-03-11,7.380000114440918,7.820000171661377,7.289999961853027,7.71999979019165,72200,0,0
2008-03-12,7.78000020980835,7.849999904632568,7.260000228881836,7.269999980926514,150600,0,0
2008-03-13,7.130000114440918,7.599999904632568,7.130000114440918,7.590000152587891,70600,0,0
2008-03-14,7.659999847412109,7.670000076293945,7.190000057220459,7.260000228881836,97600,0,0
2008-03-17,7.0,7.599999904632568,6.989999771118164,7.480000019073486,57200,0,0
2008-03-18,7.71999979019165,7.71999979019165,7.0,7.659999847412109,126700,0,0
2008-03-19,7.78000020980835,8.199999809265137,7.550000190734863,7.559999942779541,67000,0,0
2008-03-20,7.75,7.75,7.429999828338623,7.5,228900,0,0
2008-03-24,7.579999923706055,8.149999618530273,7.460000038146973,8.149999618530273,69400,0,0
2008-03-25,8.170000076293945,9.130000114440918,8.010000228881836,8.9399995803833,141400,0,0
2008-03-26,8.829999923706055,9.0,8.619999885559082,8.850000381469727,223500,0,0
2008-03-27,8.899999618530273,9.380000114440918,8.729999542236328,9.119999885559082,337100,0,0
2008-03-28,9.119999885559082,9.119999885559082,8.90999984741211,9.010000228881836,187100,0,0
2008-03-31,8.970000267028809,9.010000228881836,8.850000381469727,8.90999984741211,90900,0,0
2008-04-01,9.010000228881836,9.239999771118164,8.850000381469727,8.930000305175781,91500,0,0
2008-04-02,8.8100004196167,8.869999885559082,8.609999656677246,8.84000015258789,61300,0,0
2008-04-03,8.75,8.930000305175781,8.75,8.819999694824219,45100,0,0
2008-04-04,8.859999656677246,9.039999961853027,8.829999923706055,9.039999961853027,64900,0,0
2008-04-07,9.0,9.020000457763672,8.600000381469727,8.630000114440918,67300,0,0
2008-04-08,8.569999694824219,8.829999923706055,8.359999656677246,8.569999694824219,29200,0,0
2008-04-09,8.600000381469727,8.649999618530273,8.140000343322754,8.390000343322754,59800,0,0
2008-04-10,8.319999694824219,8.350000381469727,8.109999656677246,8.289999961853027,80000,0,0
2008-04-11,8.210000038146973,8.210000038146973,8.0,8.029999732971191,34000,0,0
2008-04-14,8.029999732971191,8.180000305175781,7.960000038146973,7.980000019073486,38100,0,0
2008-04-15,8.0,8.0,7.789999961853027,7.96999979019165,49900,0,0
2008-04-16,8.0,8.0600004196167,7.980000019073486,8.0,79200,0,0
2008-04-17,7.949999809265137,8.220000267028809,7.949999809265137,8.050000190734863,29600,0,0
2008-04-18,8.149999618530273,8.239999771118164,7.980000019073486,8.09000015258789,41000,0,0
2008-04-21,8.0,8.100000381469727,7.860000133514404,8.069999694824219,73900,0,0
2008-04-22,8.039999961853027,8.039999961853027,7.699999809265137,7.789999961853027,63100,0,0
2008-04-23,7.820000171661377,7.849999904632568,7.630000114440918,7.639999866485596,94600,0,0
2008-04-24,7.599999904632568,7.699999809265137,7.599999904632568,7.659999847412109,82800,0,0
2008-04-25,7.699999809265137,7.710000038146973,7.519999980926514,7.53000020980835,68100,0,0
2008-04-28,7.5,7.570000171661377,7.269999980926514,7.300000190734863,147700,0,0
2008-04-29,7.150000095367432,7.25,6.78000020980835,6.949999809265137,482000,0,0
2008-04-30,6.949999809265137,6.980000019073486,6.739999771118164,6.820000171661377,75100,0,0
2008-05-01,6.730000019073486,7.429999828338623,6.659999847412109,7.079999923706055,216100,0,0
2008-05-02,7.170000076293945,7.190000057220459,7.0,7.039999961853027,237400,0,0
2008-05-05,7.079999923706055,7.079999923706055,6.619999885559082,6.630000114440918,213000,0,0
2008-05-06,6.619999885559082,6.71999979019165,6.480000019073486,6.5,386600,0,0
2008-05-07,6.480000019073486,6.550000190734863,6.440000057220459,6.460000038146973,176400,0,0
2008-05-08,6.489999771118164,6.599999904632568,6.400000095367432,6.489999771118164,130000,0,0
2008-05-09,6.460000038146973,6.46999979019165,6.210000038146973,6.289999961853027,153500,0,0
2008-05-12,6.329999923706055,6.349999904632568,6.260000228881836,6.289999961853027,285500,0,0
2008-05-13,6.309999942779541,6.539999961853027,6.289999961853027,6.53000020980835,140500,0,0
2008-05-14,6.550000190734863,6.710000038146973,6.480000019073486,6.570000171661377,72300,0,0
2008-05-15,6.559999942779541,6.590000152587891,6.519999980926514,6.590000152587891,61200,0,0
2008-05-16,6.610000133514404,6.630000114440918,6.420000076293945,6.599999904632568,88900,0,0
2008-05-19,6.539999961853027,6.989999771118164,6.539999961853027,6.800000190734863,66500,0,0
2008-05-20,6.829999923706055,6.889999866485596,6.739999771118164,6.789999961853027,40300,0,0
2008-05-21,6.820000171661377,6.96999979019165,6.769999980926514,6.849999904632568,55100,0,0
2008-05-22,6.880000114440918,7.0,6.849999904632568,7.0,97900,0,0
2008-05-23,7.03000020980835,7.349999904632568,6.920000076293945,7.110000133514404,116700,0,0
2008-05-27,7.159999847412109,7.820000171661377,6.960000038146973,7.610000133514404,138900,0,0
2008-05-28,7.619999885559082,7.639999866485596,7.119999885559082,7.360000133514404,86700,0,0
2008-05-29,7.360000133514404,8.220000267028809,7.260000228881836,7.960000038146973,128000,0,0
2008-05-30,7.929999828338623,7.960000038146973,7.429999828338623,7.610000133514404,200600,0,0
2008-06-02,7.659999847412109,7.829999923706055,7.409999847412109,7.409999847412109,114400,0,0
2008-06-03,7.369999885559082,7.559999942779541,7.150000095367432,7.159999847412109,232800,0,0
2008-06-04,7.079999923706055,7.440000057220459,7.079999923706055,7.269999980926514,87000,0,0
2008-06-05,7.28000020980835,7.46999979019165,7.269999980926514,7.409999847412109,105600,0,0
2008-06-06,7.360000133514404,7.420000076293945,7.119999885559082,7.300000190734863,175900,0,0
2008-06-09,7.349999904632568,7.610000133514404,7.25,7.289999961853027,109200,0,0
2008-06-10,7.25,7.369999885559082,7.25,7.289999961853027,69000,0,0
2008-06-11,7.210000038146973,7.46999979019165,7.210000038146973,7.25,87100,0,0
2008-06-12,7.320000171661377,7.53000020980835,7.320000171661377,7.409999847412109,71200,0,0
2008-06-13,7.5,7.889999866485596,7.429999828338623,7.880000114440918,130100,0,0
2008-06-16,7.869999885559082,8.279999732971191,7.869999885559082,8.050000190734863,161400,0,0
2008-06-17,8.0600004196167,8.0600004196167,7.369999885559082,7.389999866485596,68600,0,0
2008-06-18,7.400000095367432,7.460000038146973,7.260000228881836,7.449999809265137,71400,0,0
2008-06-19,7.449999809265137,7.760000228881836,7.369999885559082,7.650000095367432,82500,0,0
2008-06-20,7.619999885559082,7.679999828338623,7.329999923706055,7.460000038146973,136300,0,0
2008-06-23,7.420000076293945,7.510000228881836,7.369999885559082,7.389999866485596,68300,0,0
2008-06-24,7.349999904632568,7.380000114440918,7.179999828338623,7.25,127400,0,0
2008-06-25,7.260000228881836,8.149999618530273,7.25,8.050000190734863,136600,0,0
2008-06-26,7.949999809265137,8.0,7.53000020980835,7.889999866485596,84800,0,0
2008-06-27,7.929999828338623,8.34000015258789,7.829999923706055,8.1899995803833,552400,0,0
2008-06-30,8.25,8.609999656677246,7.840000152587891,8.260000228881836,217300,0,0
2008-07-01,8.079999923706055,8.300000190734863,8.010000228881836,8.1899995803833,105200,0,0
2008-07-02,8.140000343322754,8.199999809265137,7.650000095367432,7.989999771118164,172500,0,0
2008-07-03,7.510000228881836,7.679999828338623,7.199999809265137,7.349999904632568,377000,0,0
2008-07-07,7.380000114440918,7.409999847412109,7.070000171661377,7.139999866485596,262900,0,0
2008-07-08,7.170000076293945,7.550000190734863,7.130000114440918,7.400000095367432,193300,0,0
2008-07-09,7.389999866485596,7.440000057220459,7.349999904632568,7.349999904632568,179100,0,0
2008-07-10,7.349999904632568,7.409999847412109,7.269999980926514,7.380000114440918,191400,0,0
2008-07-11,7.309999942779541,7.309999942779541,6.96999979019165,7.21999979019165,267100,0,0
2008-07-14,7.300000190734863,7.53000020980835,7.210000038146973,7.409999847412109,82600,0,0
2008-07-15,7.349999904632568,7.730000019073486,7.28000020980835,7.380000114440918,166100,0,0
2008-07-16,7.349999904632568,7.460000038146973,7.28000020980835,7.400000095367432,214900,0,0
2008-07-17,7.53000020980835,7.78000020980835,7.349999904632568,7.670000076293945,493700,0,0
2008-07-18,7.599999904632568,7.78000020980835,7.480000019073486,7.559999942779541,57600,0,0
2008-07-21,7.670000076293945,7.699999809265137,7.46999979019165,7.5,72600,0,0
2008-07-22,7.550000190734863,7.889999866485596,7.409999847412109,7.860000133514404,164800,0,0
2008-07-23,7.880000114440918,8.359999656677246,7.769999980926514,7.840000152587891,129200,0,0
2008-07-24,7.989999771118164,8.279999732971191,7.269999980926514,8.09000015258789,151700,0,0
2008-07-25,8.020000457763672,8.289999961853027,7.960000038146973,8.25,200900,0,0
2008-07-28,8.239999771118164,8.600000381469727,8.239999771118164,8.449999809265137,89600,0,0
2008-07-29,8.430000305175781,9.109999656677246,8.380000114440918,8.739999771118164,267300,0,0
2008-07-30,8.869999885559082,8.9399995803833,8.609999656677246,8.829999923706055,175000,0,0
2008-07-31,8.729999542236328,9.0,8.729999542236328,8.880000114440918,54700,0,0
2008-08-01,8.880000114440918,8.880000114440918,8.600000381469727,8.65999984741211,73200,0,0
2008-08-04,8.65999984741211,8.819999694824219,8.550000190734863,8.630000114440918,128200,0,0
2008-08-05,8.770000457763672,8.880000114440918,8.720000267028809,8.789999961853027,90700,0,0
2008-08-06,8.75,9.050000190734863,8.75,8.989999771118164,139400,0,0
2008-08-07,8.899999618530273,9.079999923706055,8.789999961853027,8.899999618530273,71900,0,0
2008-08-08,8.800000190734863,9.199999809265137,8.800000190734863,9.130000114440918,102900,0,0
2008-08-11,9.140000343322754,9.329999923706055,8.979999542236328,9.100000381469727,177000,0,0
2008-08-12,9.109999656677246,9.5,9.109999656677246,9.239999771118164,111500,0,0
2008-08-13,9.25,9.25,9.09000015258789,9.140000343322754,124900,0,0
2008-08-14,9.109999656677246,9.329999923706055,9.109999656677246,9.140000343322754,82100,0,0
2008-08-15,9.239999771118164,9.25,9.100000381469727,9.140000343322754,89500,0,0
2008-08-18,9.1899995803833,9.289999961853027,8.84000015258789,8.869999885559082,75700,0,0
2008-08-19,8.789999961853027,8.869999885559082,8.699999809265137,8.819999694824219,69200,0,0
2008-08-20,8.90999984741211,9.0,8.819999694824219,8.84000015258789,70300,0,0
2008-08-21,8.760000228881836,8.989999771118164,8.760000228881836,8.850000381469727,45900,0,0
2008-08-22,8.989999771118164,9.0,8.880000114440918,8.899999618530273,64300,0,0
2008-08-25,8.869999885559082,8.920000076293945,8.739999771118164,8.739999771118164,98900,0,0
2008-08-26,8.649999618530273,8.75,8.649999618530273,8.699999809265137,49700,0,0
2008-08-27,8.670000076293945,9.0,8.619999885559082,8.949999809265137,214200,0,0
2008-08-28,8.880000114440918,9.010000228881836,8.880000114440918,8.9399995803833,93700,0,0
2008-08-29,8.90999984741211,8.960000038146973,8.739999771118164,8.890000343322754,42600,0,0
2008-09-02,8.90999984741211,9.039999961853027,8.670000076293945,8.699999809265137,189600,0,0
2008-09-03,8.670000076293945,9.359999656677246,8.59000015258789,9.149999618530273,531800,0,0
2008-09-04,8.979999542236328,9.079999923706055,8.470000267028809,8.5600004196167,99100,0,0
2008-09-05,8.510000228881836,8.510000228881836,8.069999694824219,8.279999732971191,89400,0,0
2008-09-08,8.470000267028809,8.470000267028809,8.100000381469727,8.180000305175781,65900,0,0
2008-09-09,8.239999771118164,8.239999771118164,7.96999979019165,8.010000228881836,79300,0,0
2008-09-10,8.140000343322754,8.140000343322754,7.960000038146973,8.0,55900,0,0
2008-09-11,7.920000076293945,7.96999979019165,7.610000133514404,7.679999828338623,59700,0,0
2008-09-12,7.630000114440918,7.659999847412109,6.900000095367432,6.960000038146973,216900,0,0
2008-09-15,6.940000057220459,7.079999923706055,6.71999979019165,6.760000228881836,113700,0,0
2008-09-16,6.639999866485596,6.96999979019165,6.619999885559082,6.820000171661377,115200,0,0
2008-09-17,6.71999979019165,6.900000095367432,6.570000171661377,6.670000076293945,155100,0,0
2008-09-18,6.820000171661377,7.360000133514404,6.639999866485596,7.099999904632568,278600,0,0
2008-09-19,7.28000020980835,8.75,6.789999961853027,7.0,388400,0,0
2008-09-22,6.5,6.650000095367432,6.03000020980835,6.519999980926514,263400,0,0
2008-09-23,6.460000038146973,6.840000152587891,6.300000190734863,6.75,112000,0,0
2008-09-24,6.75,6.75,6.269999980926514,6.300000190734863,66900,0,0
2008-09-25,6.5,6.769999980926514,6.099999904632568,6.190000057220459,183000,0,0
2008-09-26,6.110000133514404,6.489999771118164,6.110000133514404,6.440000057220459,109000,0,0
2008-09-29,7.420000076293945,7.579999923706055,5.769999980926514,5.960000038146973,289900,0,0
2008-09-30,6.050000190734863,7.449999809265137,5.760000228881836,7.099999904632568,451800,0,0
2008-10-01,7.0,7.019999980926514,6.599999904632568,6.630000114440918,162200,0,0
2008-10-02,6.610000133514404,6.840000152587891,6.480000019073486,6.599999904632568,97800,0,0
2008-10-03,6.510000228881836,7.050000190734863,6.130000114440918,6.510000228881836,144900,0,0
2008-10-06,6.369999885559082,6.429999828338623,5.610000133514404,6.050000190734863,101200,0,0
2008-10-07,6.119999885559082,6.119999885559082,5.630000114440918,5.949999809265137,144400,0,0
2008-10-08,5.849999904632568,6.059999942779541,5.699999809265137,5.96999979019165,240700,0,0
2008-10-09,6.110000133514404,6.239999771118164,5.730000019073486,5.96999979019165,194500,0,0
2008-10-10,5.889999866485596,6.409999847412109,5.369999885559082,6.309999942779541,115900,0,0
2008-10-13,6.699999809265137,6.75,6.210000038146973,6.679999828338623,56000,0,0
2008-10-14,6.869999885559082,6.869999885559082,6.079999923706055,6.320000171661377,92300,0,0
2008-10-15,6.409999847412109,6.409999847412109,5.329999923706055,5.329999923706055,35800,0,0
2008-10-16,5.329999923706055,5.820000171661377,4.909999847412109,5.800000190734863,72200,0,0
2008-10-17,5.539999961853027,5.940000057220459,5.25,5.340000152587891,113200,0,0
2008-10-20,5.420000076293945,5.619999885559082,5.380000114440918,5.619999885559082,47400,0,0
2008-10-21,5.619999885559082,5.880000114440918,5.5,5.650000095367432,45700,0,0
2008-10-22,5.429999828338623,5.429999828338623,4.269999980926514,4.550000190734863,344700,0,0
2008-10-23,4.739999771118164,4.760000228881836,3.380000114440918,3.569999933242798,269800,0,0
2008-10-24,3.2300000190734863,3.700000047683716,3.2300000190734863,3.559999942779541,167200,0,0
2008-10-27,3.4800000190734863,3.700000047683716,3.4100000858306885,3.4700000286102295,96300,0,0
2008-10-28,3.4700000286102295,3.7300000190734863,3.2699999809265137,3.7300000190734863,133300,0,0
2008-10-29,3.759999990463257,3.7799999713897705,3.5199999809265137,3.619999885559082,195200,0,0
2008-10-30,3.700000047683716,3.7899999618530273,3.559999942779541,3.7799999713897705,95300,0,0
2008-10-31,3.75,4.190000057220459,3.6700000762939453,4.059999942779541,292600,0,0
2008-11-03,4.079999923706055,4.360000133514404,4.03000020980835,4.139999866485596,128100,0,0
2008-11-04,4.159999847412109,4.369999885559082,4.039999961853027,4.039999961853027,98400,0,0
2008-11-05,4.0,4.190000057220459,3.950000047683716,4.019999980926514,119500,0,0
2008-11-06,4.0,4.230000019073486,3.7200000286102295,3.9000000953674316,245600,0,0
2008-11-07,3.940000057220459,4.050000190734863,3.740000009536743,3.7699999809265137,182600,0,0
2008-11-10,3.8299999237060547,4.019999980926514,3.7100000381469727,3.7100000381469727,76100,0,0
2008-11-11,3.680000066757202,3.9000000953674316,3.630000114440918,3.630000114440918,81800,0,0
2008-11-12,3.640000104904175,3.740000009536743,3.2100000381469727,3.490000009536743,54700,0,0
2008-11-13,3.5,3.880000114440918,3.200000047683716,3.8499999046325684,68300,0,0
2008-11-14,3.7699999809265137,3.869999885559082,3.4200000762939453,3.440000057220459,32300,0,0
2008-11-17,3.4200000762939453,3.450000047683716,3.2200000286102295,3.440000057220459,34800,0,0
2008-11-18,3.4700000286102295,3.4700000286102295,2.940000057220459,3.0399999618530273,120400,0,0
2008-11-19,3.0399999618530273,3.2699999809265137,2.8299999237060547,2.9700000286102295,105400,0,0
2008-11-20,2.9600000381469727,3.440000057220459,2.819999933242798,2.990000009536743,195700,0,0
2008-11-21,3.049999952316284,3.069999933242798,2.680000066757202,2.7799999713897705,242400,0,0
2008-11-24,2.8399999141693115,3.130000114440918,2.759999990463257,2.8299999237060547,112800,0,0
2008-11-25,2.8499999046325684,3.0299999713897705,2.75,3.0299999713897705,84200,0,0
2008-11-26,2.990000009536743,3.1600000858306885,2.809999942779541,2.9800000190734863,105800,0,0
2008-11-28,2.950000047683716,3.190000057220459,2.9000000953674316,3.190000057220459,8500,0,0
2008-12-01,3.0799999237060547,3.0899999141693115,2.619999885559082,2.6500000953674316,402800,0,0
2008-12-02,2.7100000381469727,2.819999933242798,2.359999895095825,2.619999885559082,514700,0,0
2008-12-03,2.549999952316284,2.9100000858306885,2.5399999618530273,2.630000114440918,74400,0,0
2008-12-04,2.5799999237060547,2.799999952316284,2.450000047683716,2.740000009536743,129500,0,0
2008-12-05,2.7100000381469727,2.7699999809265137,2.5399999618530273,2.75,122600,0,0
2008-12-08,2.809999942779541,3.059999942779541,2.5399999618530273,3.059999942779541,114700,0,0
2008-12-09,3.059999942779541,3.390000104904175,2.8399999141693115,3.0199999809265137,107200,0,0
2008-12-10,3.0399999618530273,3.380000114440918,3.0399999618530273,3.109999895095825,39400,0,0
2008-12-11,3.049999952316284,3.190000057220459,2.9800000190734863,2.9800000190734863,46800,0,0
2008-12-12,2.940000057220459,3.3299999237060547,2.9200000762939453,3.3299999237060547,64300,0,0
2008-12-15,3.3399999141693115,3.3499999046325684,3.0399999618530273,3.049999952316284,47500,0,0
2008-12-16,3.0899999141693115,3.4200000762939453,3.0299999713897705,3.319999933242798,81800,0,0
2008-12-17,3.299999952316284,3.5199999809265137,3.259999990463257,3.3499999046325684,55600,0,0
2008-12-18,3.3499999046325684,3.559999942779541,3.240000009536743,3.390000104904175,183800,0,0
2008-12-19,3.509999990463257,3.9800000190734863,3.509999990463257,3.7300000190734863,154200,0,0
2008-12-22,3.7899999618530273,3.9000000953674316,3.549999952316284,3.700000047683716,110300,0,0
2008-12-23,3.7699999809265137,3.930000066757202,3.759999990463257,3.819999933242798,38300,0,0
2008-12-24,3.8299999237060547,4.329999923706055,3.7799999713897705,4.119999885559082,134000,0,0
2008-12-26,4.130000114440918,4.230000019073486,3.6600000858306885,3.809999942779541,51300,0,0
2008-12-29,3.819999933242798,3.8299999237060547,3.4000000953674316,3.4600000381469727,75900,0,0
2008-12-30,3.509999990463257,4.110000133514404,3.200000047683716,4.110000133514404,314000,0,0
2008-12-31,4.070000171661377,4.289999961853027,3.9800000190734863,4.079999923706055,105000,0,0
2009-01-02,4.059999942779541,4.329999923706055,3.990000009536743,4.010000228881836,134200,0,0
2009-01-05,3.990000009536743,3.990000009536743,3.190000057220459,3.869999885559082,121400,0,0
2009-01-06,3.9200000762939453,4.760000228881836,3.890000104904175,4.400000095367432,89900,0,0
2009-01-07,4.309999942779541,4.309999942779541,3.450000047683716,3.619999885559082,101500,0,0
2009-01-08,3.7100000381469727,4.070000171661377,3.4600000381469727,3.569999933242798,118600,0,0
2009-01-09,3.5799999237060547,3.5899999141693115,3.25,3.390000104904175,135300,0,0
2009-01-12,3.4200000762939453,3.619999885559082,3.25,3.2799999713897705,31100,0,0
2009-01-13,3.2799999713897705,3.4600000381469727,3.240000009536743,3.299999952316284,319400,0,0
2009-01-14,3.240000009536743,3.369999885559082,3.119999885559082,3.240000009536743,156500,0,0
2009-01-15,3.2300000190734863,3.369999885559082,3.0999999046325684,3.25,136900,0,0
2009-01-16,3.2100000381469727,3.359999895095825,3.130000114440918,3.2200000286102295,99300,0,0
2009-01-20,3.130000114440918,3.180000066757202,3.049999952316284,3.0999999046325684,68800,0,0
2009-01-21,3.1500000953674316,3.2699999809265137,3.0799999237060547,3.190000057220459,81500,0,0
2009-01-22,3.1500000953674316,3.319999933242798,3.0799999237060547,3.25,40200,0,0
2009-01-23,3.0999999046325684,3.180000066757202,2.9100000858306885,2.9100000858306885,57700,0,0
2009-01-26,2.950000047683716,3.0,2.7100000381469727,2.7699999809265137,609900,0,0
2009-01-27,2.7899999618530273,2.869999885559082,2.7799999713897705,2.8499999046325684,65200,0,0
2009-01-28,2.8499999046325684,3.049999952316284,2.7200000286102295,2.9800000190734863,396500,0,0
2009-01-29,2.9600000381469727,3.009999990463257,2.7699999809265137,2.799999952316284,401600,0,0
2009-01-30,2.859999895095825,2.890000104904175,2.6500000953674316,2.859999895095825,270600,0,0
2009-02-02,2.8299999237060547,3.009999990463257,2.7799999713897705,2.990000009536743,265200,0,0
2009-02-03,2.9800000190734863,3.0799999237060547,2.809999942779541,2.859999895095825,134500,0,0
2009-02-04,2.559999942779541,2.9600000381469727,2.359999895095825,2.880000114440918,105700,0,0
2009-02-05,2.5,2.9800000190734863,2.3499999046325684,2.950000047683716,139200,0,0
2009-02-06,2.930000066757202,3.5299999713897705,2.859999895095825,3.2100000381469727,144100,0,0
2009-02-09,3.1700000762939453,3.1700000762939453,2.7699999809265137,2.880000114440918,117100,0,0
2009-02-10,2.869999885559082,2.940000057220459,2.7300000190734863,2.75,81900,0,0
2009-02-11,2.759999990463257,2.7699999809265137,2.740000009536743,2.75,33300,0,0
2009-02-12,2.75,2.9000000953674316,2.609999895095825,2.880000114440918,62400,0,0
2009-02-13,2.869999885559082,2.950000047683716,2.819999933242798,2.8299999237060547,13500,0,0
2009-02-17,2.700000047683716,2.700000047683716,2.5899999141693115,2.5899999141693115,82400,0,0
2009-02-18,2.609999895095825,2.8299999237060547,2.5,2.75,80400,0,0
2009-02-19,2.7699999809265137,2.799999952316284,2.6600000858306885,2.6700000762939453,40600,0,0
2009-02-20,2.619999885559082,2.619999885559082,2.440000057220459,2.5299999713897705,104900,0,0
2009-02-23,2.5399999618530273,2.5399999618530273,2.390000104904175,2.4200000762939453,107000,0,0
2009-02-24,2.5,2.5299999713897705,2.309999942779541,2.4600000381469727,132000,0,0
2009-02-25,2.4700000286102295,2.5,2.380000114440918,2.390000104904175,68800,0,0
2009-02-26,2.490000009536743,2.5,2.2799999713897705,2.319999933242798,121900,0,0
2009-02-27,2.3299999237060547,2.5199999809265137,2.319999933242798,2.369999885559082,95500,0,0
2009-03-02,2.3399999141693115,2.3399999141693115,2.200000047683716,2.240000009536743,115300,0,0
2009-03-03,2.2899999618530273,2.309999942779541,2.2100000381469727,2.25,113800,0,0
2009-03-04,2.25,2.2699999809265137,2.1700000762939453,2.2200000286102295,81200,0,0
2009-03-05,2.1500000953674316,2.180000066757202,2.0999999046325684,2.119999885559082,59600,0,0
2009-03-06,2.140000104904175,2.2300000190734863,2.109999895095825,2.2300000190734863,39400,0,0
2009-03-09,2.2300000190734863,2.240000009536743,2.140000104904175,2.1500000953674316,34900,0,0
2009-03-10,2.2100000381469727,2.359999895095825,2.200000047683716,2.2899999618530273,50400,0,0
2009-03-11,2.2699999809265137,2.390000104904175,2.1600000858306885,2.1600000858306885,45800,0,0
2009-03-12,2.1600000858306885,2.390000104904175,2.1600000858306885,2.380000114440918,59100,0,0
2009-03-13,2.380000114440918,2.509999990463257,2.259999990463257,2.4200000762939453,78900,0,0
2009-03-16,2.450000047683716,2.559999942779541,2.430000066757202,2.490000009536743,51200,0,0
2009-03-17,2.4800000190734863,2.640000104904175,2.4000000953674316,2.640000104904175,29600,0,0
2009-03-18,2.609999895095825,2.819999933242798,2.430000066757202,2.7300000190734863,46300,0,0
2009-03-19,2.7699999809265137,2.819999933242798,2.559999942779541,2.7100000381469727,16500,0,0
2009-03-20,2.740000009536743,2.740000009536743,2.490000009536743,2.5199999809265137,48300,0,0
2009-03-23,2.609999895095825,2.9000000953674316,2.5999999046325684,2.9000000953674316,48900,0,0
2009-03-24,2.8499999046325684,2.950000047683716,2.75,2.7699999809265137,31200,0,0
2009-03-25,2.809999942779541,2.9200000762939453,2.5799999237060547,2.7300000190734863,33400,0,0
2009-03-26,2.7699999809265137,3.0899999141693115,2.7200000286102295,2.9800000190734863,71900,0,0
2009-03-27,2.9200000762939453,3.049999952316284,2.75,2.7799999713897705,22800,0,0
2009-03-30,2.7699999809265137,2.7699999809265137,2.5399999618530273,2.630000114440918,22600,0,0
2009-03-31,2.700000047683716,2.7899999618530273,2.509999990463257,2.7799999713897705,43400,0,0
2009-04-01,2.700000047683716,3.0199999809265137,2.6700000762939453,2.890000104904175,56400,0,0
2009-04-02,2.9600000381469727,3.25,2.9000000953674316,2.990000009536743,68400,0,0
2009-04-03,2.990000009536743,3.0399999618530273,2.930000066757202,3.0399999618530273,17800,0,0
2009-04-06,2.9800000190734863,2.9800000190734863,2.8399999141693115,2.890000104904175,35600,0,0
2009-04-07,2.890000104904175,2.9200000762939453,2.819999933242798,2.819999933242798,50100,0,0
2009-04-08,2.880000114440918,2.9200000762939453,2.8399999141693115,2.9200000762939453,18900,0,0
2009-04-09,2.990000009536743,3.0899999141693115,2.890000104904175,3.0299999713897705,100100,0,0
2009-04-13,3.009999990463257,3.2899999618530273,3.009999990463257,3.2300000190734863,290900,0,0
2009-04-14,3.1600000858306885,3.1600000858306885,3.0,3.059999942779541,109000,0,0
2009-04-15,3.0299999713897705,3.200000047683716,3.0299999713897705,3.200000047683716,159500,0,0
2009-04-16,3.2200000286102295,3.2300000190734863,3.049999952316284,3.2100000381469727,85500,0,0
2009-04-17,3.2200000286102295,3.240000009536743,3.0999999046325684,3.2200000286102295,76400,0,0
2009-04-20,3.119999885559082,3.1600000858306885,3.0,3.0299999713897705,51400,0,0
2009-04-21,3.0299999713897705,3.180000066757202,3.0299999713897705,3.1600000858306885,23900,0,0
2009-04-22,3.119999885559082,3.7200000286102295,3.0799999237060547,3.7200000286102295,950300,0,0
2009-04-23,3.7100000381469727,4.150000095367432,3.5,3.9000000953674316,279900,0,0
2009-04-24,3.9200000762939453,4.0,3.809999942779541,3.9700000286102295,88300,0,0
2009-04-27,3.869999885559082,3.9800000190734863,3.690000057220459,3.690000057220459,48800,0,0
2009-04-28,3.690000057220459,3.690000057220459,3.369999885559082,3.6500000953674316,40200,0,0
2009-04-29,3.6600000858306885,3.950000047683716,3.6500000953674316,3.930000066757202,52000,0,0
2009-04-30,3.950000047683716,4.03000020980835,3.9100000858306885,3.940000057220459,53400,0,0
2009-05-01,3.950000047683716,4.010000228881836,3.869999885559082,3.950000047683716,33700,0,0
2009-05-04,4.0,4.039999961853027,3.690000057220459,4.010000228881836,43500,0,0
2009-05-05,4.0,4.059999942779541,3.9000000953674316,3.940000057220459,84800,0,0
2009-05-06,4.0,4.050000190734863,3.880000114440918,3.9800000190734863,83700,0,0
2009-05-07,4.039999961853027,4.079999923706055,3.7799999713897705,3.8499999046325684,48300,0,0
2009-05-08,3.9200000762939453,4.130000114440918,3.859999895095825,4.099999904632568,73000,0,0
2009-05-11,4.019999980926514,4.039999961853027,3.880000114440918,3.990000009536743,100600,0,0
2009-05-12,4.050000190734863,4.25,3.8499999046325684,4.199999809265137,81300,0,0
2009-05-13,4.139999866485596,4.179999828338623,3.940000057220459,4.079999923706055,99100,0,0
2009-05-14,4.090000152587891,4.110000133514404,3.9800000190734863,4.0,126800,0,0
2009-05-15,4.0,4.050000190734863,3.930000066757202,3.9700000286102295,101500,0,0
2009-05-18,4.03000020980835,4.159999847412109,4.03000020980835,4.159999847412109,56400,0,0
2009-05-19,4.079999923706055,4.329999923706055,4.079999923706055,4.289999961853027,88800,0,0
2009-05-20,4.340000152587891,4.409999847412109,4.25,4.309999942779541,109200,0,0
2009-05-21,4.28000020980835,4.28000020980835,4.079999923706055,4.150000095367432,57000,0,0
2009-05-22,4.159999847412109,4.269999980926514,4.159999847412109,4.230000019073486,31900,0,0
2009-05-26,4.170000076293945,4.400000095367432,4.139999866485596,4.380000114440918,91600,0,0
2009-05-27,4.349999904632568,4.460000038146973,4.289999961853027,4.349999904632568,126600,0,0
2009-05-28,4.400000095367432,4.5,4.309999942779541,4.46999979019165,197500,0,0
2009-05-29,4.460000038146973,4.75,4.440000057220459,4.75,277200,0,0
2009-06-01,4.820000171661377,5.079999923706055,4.71999979019165,5.039999961853027,74500,0,0
2009-06-02,5.0,5.150000095367432,4.989999771118164,5.130000114440918,68400,0,0
2009-06-03,5.059999942779541,5.119999885559082,4.920000076293945,5.039999961853027,73700,0,0
2009-06-04,5.090000152587891,5.090000152587891,4.880000114440918,4.980000019073486,130400,0,0
2009-06-05,5.010000228881836,5.039999961853027,4.900000095367432,4.960000038146973,60800,0,0
2009-06-08,4.960000038146973,4.960000038146973,4.840000152587891,4.880000114440918,60100,0,0
2009-06-09,4.909999847412109,4.940000057220459,4.75,4.860000133514404,84900,0,0
2009-06-10,4.889999866485596,4.940000057220459,4.659999847412109,4.679999828338623,352200,0,0
2009-06-11,4.699999809265137,4.820000171661377,4.670000076293945,4.760000228881836,44200,0,0
2009-06-12,4.690000057220459,4.889999866485596,4.659999847412109,4.860000133514404,90600,0,0
2009-06-15,4.75,5.0,4.75,4.900000095367432,189600,0,0
2009-06-16,4.96999979019165,4.96999979019165,4.849999904632568,4.920000076293945,151200,0,0
2009-06-17,4.909999847412109,5.039999961853027,4.900000095367432,4.949999809265137,275100,0,0
2009-06-18,4.929999828338623,5.28000020980835,4.880000114440918,5.019999980926514,129300,0,0
2009-06-19,5.059999942779541,5.300000190734863,5.019999980926514,5.300000190734863,231400,0,0
2009-06-22,5.190000057220459,5.210000038146973,4.869999885559082,4.920000076293945,81000,0,0
2009-06-23,4.920000076293945,4.929999828338623,4.820000171661377,4.900000095367432,66200,0,0
2009-06-24,4.909999847412109,4.920000076293945,4.789999961853027,4.849999904632568,44600,0,0
2009-06-25,4.800000190734863,4.829999923706055,4.75,4.800000190734863,45500,0,0
2009-06-26,4.78000020980835,4.949999809265137,4.75,4.900000095367432,218300,0,0
2009-06-29,4.900000095367432,4.900000095367432,4.739999771118164,4.829999923706055,20800,0,0
2009-06-30,4.829999923706055,4.829999923706055,4.650000095367432,4.650000095367432,94200,0,0
2009-07-01,4.650000095367432,4.789999961853027,4.650000095367432,4.699999809265137,80200,0,0
2009-07-02,4.610000133514404,4.610000133514404,4.53000020980835,4.559999942779541,34100,0,0
2009-07-06,4.550000190734863,4.559999942779541,4.289999961853027,4.329999923706055,70000,0,0
2009-07-07,4.320000171661377,4.360000133514404,4.199999809265137,4.199999809265137,44500,0,0
2009-07-08,4.210000038146973,4.340000152587891,4.050000190734863,4.210000038146973,61300,0,0
2009-07-09,4.239999771118164,4.25,4.019999980926514,4.070000171661377,50900,0,0
2009-07-10,4.03000020980835,4.170000076293945,3.890000104904175,4.0,91000,0,0
2009-07-13,4.0,4.25,3.9800000190734863,4.21999979019165,54700,0,0
2009-07-14,4.199999809265137,4.269999980926514,4.090000152587891,4.25,44600,0,0
2009-07-15,4.25,4.440000057220459,4.25,4.400000095367432,45400,0,0
2009-07-16,4.360000133514404,4.360000133514404,4.25,4.309999942779541,34200,0,0
2009-07-17,4.320000171661377,4.369999885559082,4.269999980926514,4.309999942779541,20000,0,0
2009-07-20,4.309999942779541,4.329999923706055,4.21999979019165,4.28000020980835,25800,0,0
2009-07-21,4.28000020980835,4.300000190734863,4.179999828338623,4.269999980926514,18400,0,0
2009-07-22,4.269999980926514,4.329999923706055,4.25,4.309999942779541,30600,0,0
2009-07-23,4.300000190734863,4.409999847412109,4.210000038146973,4.409999847412109,88700,0,0
2009-07-24,4.400000095367432,4.650000095367432,4.239999771118164,4.510000228881836,78100,0,0
2009-07-27,4.510000228881836,4.650000095367432,4.320000171661377,4.650000095367432,114100,0,0
2009-07-28,4.650000095367432,4.699999809265137,4.53000020980835,4.650000095367432,62100,0,0
2009-07-29,4.550000190734863,4.670000076293945,4.550000190734863,4.619999885559082,76900,0,0
2009-07-30,4.679999828338623,4.730000019073486,4.610000133514404,4.690000057220459,54800,0,0
2009-07-31,4.690000057220459,4.769999980926514,4.630000114440918,4.699999809265137,117200,0,0
2009-08-03,4.75,4.75,4.46999979019165,4.730000019073486,115200,0,0
2009-08-04,4.71999979019165,4.71999979019165,4.650000095367432,4.690000057220459,37900,0,0
2009-08-05,4.690000057220459,4.71999979019165,4.639999866485596,4.679999828338623,44400,0,0
2009-08-06,4.679999828338623,4.71999979019165,4.610000133514404,4.610000133514404,54600,0,0
2009-08-07,4.690000057220459,5.039999961853027,4.599999904632568,5.019999980926514,63200,0,0
2009-08-10,4.989999771118164,5.139999866485596,4.71999979019165,5.139999866485596,42000,0,0
2009-08-11,5.139999866485596,5.139999866485596,5.019999980926514,5.050000190734863,56100,0,0
2009-08-12,5.050000190734863,5.840000152587891,5.0,5.630000114440918,106000,0,0
2009-08-13,5.670000076293945,5.670000076293945,5.389999866485596,5.400000095367432,41600,0,0
2009-08-14,5.400000095367432,5.400000095367432,5.150000095367432,5.349999904632568,54500,0,0
2009-08-17,5.25,5.360000133514404,5.090000152587891,5.300000190734863,57700,0,0
2009-08-18,5.28000020980835,5.539999961853027,5.25,5.389999866485596,55600,0,0
2009-08-19,5.349999904632568,5.349999904632568,5.130000114440918,5.21999979019165,48800,0,0
2009-08-20,5.21999979019165,5.21999979019165,5.090000152587891,5.170000076293945,30000,0,0
2009-08-21,5.230000019073486,5.329999923706055,5.179999828338623,5.260000228881836,101200,0,0
2009-08-24,5.260000228881836,5.289999961853027,5.139999866485596,5.25,34700,0,0
2009-08-25,5.260000228881836,5.420000076293945,5.170000076293945,5.369999885559082,30700,0,0
2009-08-26,5.369999885559082,5.800000190734863,5.300000190734863,5.670000076293945,94900,0,0
2009-08-27,5.699999809265137,5.75,5.449999809265137,5.75,80100,0,0
2009-08-28,5.78000020980835,5.940000057220459,5.650000095367432,5.849999904632568,120000,0,0
2009-08-31,5.820000171661377,5.949999809265137,5.630000114440918,5.849999904632568,49700,0,0
2009-09-01,5.829999923706055,6.090000152587891,5.71999979019165,5.840000152587891,218600,0,0
2009-09-02,5.880000114440918,6.010000228881836,5.699999809265137,5.960000038146973,134200,0,0
2009-09-03,5.96999979019165,6.070000171661377,5.909999847412109,6.03000020980835,62400,0,0
2009-09-04,6.03000020980835,6.090000152587891,5.920000076293945,6.010000228881836,40400,0,0
2009-09-08,6.010000228881836,6.170000076293945,6.010000228881836,6.139999866485596,253500,0,0
2009-09-09,6.139999866485596,6.210000038146973,6.050000190734863,6.119999885559082,65800,0,0
2009-09-10,6.119999885559082,6.210000038146973,6.099999904632568,6.199999809265137,87700,0,0
2009-09-11,6.199999809265137,6.420000076293945,6.159999847412109,6.21999979019165,38300,0,0
2009-09-14,6.210000038146973,6.360000133514404,6.059999942779541,6.320000171661377,53800,0,0
2009-09-15,6.289999961853027,6.400000095367432,6.25,6.320000171661377,34200,0,0
2009-09-16,6.329999923706055,6.489999771118164,6.25,6.489999771118164,31500,0,0
2009-09-17,6.5,6.599999904632568,6.440000057220459,6.5,75400,0,0
2009-09-18,6.510000228881836,6.900000095367432,6.489999771118164,6.78000020980835,122900,0,0
2009-09-21,6.699999809265137,6.699999809265137,6.53000020980835,6.650000095367432,20300,0,0
2009-09-22,6.71999979019165,6.800000190734863,6.670000076293945,6.800000190734863,22300,0,0
2009-09-23,6.800000190734863,6.96999979019165,6.760000228881836,6.78000020980835,78200,0,0
2009-09-24,6.789999961853027,6.789999961853027,6.579999923706055,6.619999885559082,36900,0,0
2009-09-25,6.690000057220459,6.690000057220459,6.53000020980835,6.570000171661377,17900,0,0
2009-09-28,6.610000133514404,6.920000076293945,6.539999961853027,6.75,69900,0,0
2009-09-29,6.619999885559082,6.739999771118164,6.480000019073486,6.559999942779541,49600,0,0
2009-09-30,6.579999923706055,6.619999885559082,6.369999885559082,6.559999942779541,41900,0,0
2009-10-01,6.550000190734863,6.610000133514404,6.25,6.28000020980835,37800,0,0
2009-10-02,6.050000190734863,6.159999847412109,5.96999979019165,6.090000152587891,24000,0,0
2009-10-05,6.119999885559082,6.119999885559082,5.769999980926514,5.829999923706055,48000,0,0
2009-10-06,5.840000152587891,6.699999809265137,5.800000190734863,6.400000095367432,138300,0,0
2009-10-07,6.400000095367432,6.440000057220459,6.309999942779541,6.400000095367432,19300,0,0
2009-10-08,6.409999847412109,6.409999847412109,6.199999809265137,6.340000152587891,68700,0,0
2009-10-09,6.329999923706055,6.420000076293945,6.320000171661377,6.389999866485596,49500,0,0
2009-10-12,6.389999866485596,6.519999980926514,6.369999885559082,6.429999828338623,36300,0,0
2009-10-13,6.440000057220459,6.440000057220459,6.21999979019165,6.309999942779541,27900,0,0
2009-10-14,6.360000133514404,6.71999979019165,6.360000133514404,6.690000057220459,55500,0,0
2009-10-15,6.659999847412109,6.820000171661377,6.619999885559082,6.710000038146973,57300,0,0
2009-10-16,6.659999847412109,6.670000076293945,6.53000020980835,6.53000020980835,36000,0,0
2009-10-19,6.570000171661377,6.630000114440918,6.510000228881836,6.619999885559082,26800,0,0
2009-10-20,6.610000133514404,6.619999885559082,6.380000114440918,6.449999809265137,48700,0,0
2009-10-21,6.650000095367432,7.130000114440918,6.639999866485596,6.769999980926514,124600,0,0
2009-10-22,6.980000019073486,7.0,6.849999904632568,6.949999809265137,76600,0,0
2009-10-23,6.980000019073486,7.0,6.800000190734863,6.800000190734863,46100,0,0
2009-10-26,6.860000133514404,6.900000095367432,6.679999828338623,6.71999979019165,152600,0,0
2009-10-27,6.75,6.789999961853027,6.599999904632568,6.639999866485596,18700,0,0
2009-10-28,6.630000114440918,6.630000114440918,6.260000228881836,6.329999923706055,80000,0,0
2009-10-29,6.369999885559082,6.539999961853027,6.230000019073486,6.289999961853027,59500,0,0
2009-10-30,6.230000019073486,6.269999980926514,6.010000228881836,6.010000228881836,79400,0,0
2009-11-02,6.019999980926514,6.139999866485596,5.889999866485596,6.050000190734863,137500,0,0
2009-11-03,6.010000228881836,6.039999961853027,5.949999809265137,5.980000019073486,203600,0,0
2009-11-04,5.960000038146973,6.079999923706055,5.949999809265137,5.96999979019165,45100,0,0
2009-11-05,6.03000020980835,6.300000190734863,6.019999980926514,6.179999828338623,302500,0,0
2009-11-06,6.139999866485596,6.159999847412109,6.010000228881836,6.070000171661377,37200,0,0
2009-11-09,6.139999866485596,6.289999961853027,6.090000152587891,6.139999866485596,37700,0,0
2009-11-10,6.099999904632568,6.199999809265137,6.019999980926514,6.050000190734863,19100,0,0
2009-11-11,6.110000133514404,6.199999809265137,6.070000171661377,6.179999828338623,60400,0,0
2009-11-12,6.179999828338623,6.230000019073486,6.010000228881836,6.059999942779541,49400,0,0
2009-11-13,6.099999904632568,6.170000076293945,6.010000228881836,6.119999885559082,19300,0,0
2009-11-16,6.190000057220459,6.329999923706055,6.090000152587891,6.199999809265137,298700,0,0
2009-11-17,6.199999809265137,6.289999961853027,6.0,6.019999980926514,46100,0,0
2009-11-18,6.010000228881836,6.139999866485596,5.550000190734863,5.880000114440918,166600,0,0
2009-11-19,5.849999904632568,5.929999828338623,5.739999771118164,5.789999961853027,144400,0,0
2009-11-20,5.75,5.949999809265137,5.699999809265137,5.739999771118164,105100,0,0
2009-11-23,5.800000190734863,5.880000114440918,5.639999866485596,5.769999980926514,361700,0,0
2009-11-24,5.760000228881836,5.760000228881836,5.519999980926514,5.650000095367432,91100,0,0
2009-11-25,5.659999847412109,5.71999979019165,5.519999980926514,5.599999904632568,92300,0,0
2009-11-27,5.440000057220459,5.570000171661377,5.380000114440918,5.409999847412109,43300,0,0
2009-11-30,5.400000095367432,5.460000038146973,5.21999979019165,5.380000114440918,237700,0,0
2009-12-01,5.440000057220459,5.659999847412109,5.269999980926514,5.380000114440918,303600,0,0
2009-12-02,5.400000095367432,5.53000020980835,5.380000114440918,5.5,122900,0,0
2009-12-03,5.5,5.679999828338623,5.5,5.539999961853027,621500,0,0
2009-12-04,5.679999828338623,6.059999942779541,5.679999828338623,6.059999942779541,387200,0,0
2009-12-07,6.050000190734863,6.139999866485596,5.980000019073486,5.989999771118164,137900,0,0
2009-12-08,5.980000019073486,6.010000228881836,5.730000019073486,5.900000095367432,69600,0,0
2009-12-09,5.900000095367432,5.920000076293945,5.78000020980835,5.889999866485596,70500,0,0
2009-12-10,5.929999828338623,6.039999961853027,5.849999904632568,5.940000057220459,183200,0,0
2009-12-11,5.989999771118164,6.130000114440918,5.909999847412109,5.980000019073486,179100,0,0
2009-12-14,5.989999771118164,6.019999980926514,5.949999809265137,6.019999980926514,67600,0,0
2009-12-15,6.019999980926514,6.150000095367432,5.980000019073486,5.989999771118164,95600,0,0
2009-12-16,6.039999961853027,6.099999904632568,6.0,6.059999942779541,55400,0,0
2009-12-17,6.039999961853027,6.059999942779541,5.889999866485596,6.019999980926514,40000,0,0
2009-12-18,6.119999885559082,6.159999847412109,5.989999771118164,6.159999847412109,201400,0,0
2009-12-21,6.179999828338623,6.239999771118164,6.059999942779541,6.190000057220459,45400,0,0
2009-12-22,6.179999828338623,6.25,6.070000171661377,6.21999979019165,45900,0,0
2009-12-23,6.239999771118164,6.300000190734863,6.03000020980835,6.260000228881836,32200,0,0
2009-12-24,6.269999980926514,6.360000133514404,6.070000171661377,6.360000133514404,38000,0,0
2009-12-28,6.349999904632568,6.579999923706055,6.320000171661377,6.559999942779541,41400,0,0
2009-12-29,6.559999942779541,6.809999942779541,6.440000057220459,6.579999923706055,98800,0,0
2009-12-30,6.559999942779541,6.710000038146973,6.449999809265137,6.619999885559082,68400,0,0
2009-12-31,6.639999866485596,6.679999828338623,6.53000020980835,6.550000190734863,43000,0,0
2010-01-04,6.659999847412109,6.679999828338623,6.519999980926514,6.639999866485596,57000,0,0
2010-01-05,6.650000095367432,6.650000095367432,6.099999904632568,6.409999847412109,99800,0,0
2010-01-06,6.409999847412109,6.550000190734863,6.309999942779541,6.510000228881836,79800,0,0
2010-01-07,6.510000228881836,6.53000020980835,6.179999828338623,6.440000057220459,58700,0,0
2010-01-08,6.400000095367432,6.550000190734863,6.349999904632568,6.5,33600,0,0
2010-01-11,6.519999980926514,6.579999923706055,6.449999809265137,6.5,107600,0,0
2010-01-12,6.46999979019165,6.590000152587891,6.440000057220459,6.449999809265137,39900,0,0
2010-01-13,6.460000038146973,6.460000038146973,6.099999904632568,6.340000152587891,89800,0,0
2010-01-14,6.340000152587891,7.03000020980835,6.340000152587891,6.960000038146973,103100,0,0
2010-01-15,7.0,7.03000020980835,6.550000190734863,6.570000171661377,117200,0,0
2010-01-19,6.570000171661377,6.650000095367432,6.53000020980835,6.559999942779541,39100,0,0
2010-01-20,6.489999771118164,6.5,6.159999847412109,6.460000038146973,95900,0,0
2010-01-21,6.449999809265137,6.510000228881836,6.179999828338623,6.199999809265137,36300,0,0
2010-01-22,6.190000057220459,6.190000057220459,5.929999828338623,5.960000038146973,65200,0,0
2010-01-25,6.0,6.099999904632568,5.920000076293945,6.059999942779541,37600,0,0
2010-01-26,6.059999942779541,6.099999904632568,6.0,6.0,29900,0,0
2010-01-27,5.949999809265137,6.090000152587891,5.929999828338623,6.010000228881836,37200,0,0
2010-01-28,6.0,6.019999980926514,5.809999942779541,5.809999942779541,58100,0,0
2010-01-29,5.820000171661377,5.929999828338623,5.550000190734863,5.710000038146973,61400,0,0
2010-02-01,5.71999979019165,6.059999942779541,5.679999828338623,5.900000095367432,40400,0,0
2010-02-02,5.989999771118164,6.579999923706055,5.960000038146973,6.460000038146973,146400,0,0
2010-02-03,6.460000038146973,6.550000190734863,6.380000114440918,6.480000019073486,67900,0,0
2010-02-04,6.420000076293945,6.449999809265137,5.96999979019165,6.050000190734863,57400,0,0
2010-02-05,6.059999942779541,6.170000076293945,5.900000095367432,6.139999866485596,36000,0,0
2010-02-08,6.119999885559082,6.21999979019165,6.050000190734863,6.079999923706055,41600,0,0
2010-02-09,6.159999847412109,6.210000038146973,6.090000152587891,6.099999904632568,68500,0,0
2010-02-10,6.03000020980835,6.110000133514404,5.949999809265137,6.079999923706055,186800,0,0
2010-02-11,6.039999961853027,6.190000057220459,5.989999771118164,6.170000076293945,41600,0,0
2010-02-12,6.119999885559082,6.340000152587891,6.119999885559082,6.309999942779541,27000,0,0
2010-02-16,6.210000038146973,6.260000228881836,6.099999904632568,6.170000076293945,40200,0,0
2010-02-17,6.230000019073486,6.230000019073486,5.980000019073486,6.099999904632568,56500,0,0
2010-02-18,6.099999904632568,6.510000228881836,6.0,6.5,55300,0,0
2010-02-19,6.5,6.519999980926514,6.400000095367432,6.46999979019165,33600,0,0
2010-02-22,6.809999942779541,6.809999942779541,6.539999961853027,6.619999885559082,114900,0,0
2010-02-23,6.550000190734863,6.650000095367432,6.329999923706055,6.610000133514404,93200,0,0
2010-02-24,6.519999980926514,6.639999866485596,6.389999866485596,6.619999885559082,52400,0,0
2010-02-25,6.519999980926514,6.590000152587891,6.289999961853027,6.579999923706055,25300,0,0
2010-02-26,6.570000171661377,6.679999828338623,6.460000038146973,6.599999904632568,51900,0,0
2010-03-01,7.230000019073486,7.230000019073486,6.610000133514404,6.849999904632568,226300,0,0
2010-03-02,6.880000114440918,6.989999771118164,6.809999942779541,6.860000133514404,55800,0,0
2010-03-03,6.889999866485596,6.940000057220459,6.610000133514404,6.849999904632568,74500,0,0
2010-03-04,6.849999904632568,7.010000228881836,6.789999961853027,7.0,25900,0,0
2010-03-05,7.019999980926514,7.670000076293945,7.0,7.610000133514404,149500,0,0
2010-03-08,7.539999961853027,7.599999904632568,7.349999904632568,7.519999980926514,99100,0,0
2010-03-09,7.510000228881836,7.710000038146973,7.5,7.699999809265137,62000,0,0
2010-03-10,7.679999828338623,7.769999980926514,7.539999961853027,7.639999866485596,40500,0,0
2010-03-11,7.650000095367432,7.71999979019165,7.460000038146973,7.710000038146973,48800,0,0
2010-03-12,7.690000057220459,7.769999980926514,7.690000057220459,7.710000038146973,24600,0,0
2010-03-15,7.71999979019165,7.730000019073486,7.420000076293945,7.699999809265137,91100,0,0
2010-03-16,7.679999828338623,7.679999828338623,7.46999979019165,7.610000133514404,30400,0,0
2010-03-17,7.610000133514404,7.710000038146973,7.599999904632568,7.690000057220459,29800,0,0
2010-03-18,7.730000019073486,7.829999923706055,7.670000076293945,7.670000076293945,36000,0,0
2010-03-19,7.599999904632568,7.71999979019165,7.400000095367432,7.599999904632568,99700,0,0
2010-03-22,7.519999980926514,7.699999809265137,7.380000114440918,7.579999923706055,182100,0,0
2010-03-23,7.559999942779541,7.619999885559082,7.429999828338623,7.429999828338623,40000,0,0
2010-03-24,7.409999847412109,7.420000076293945,7.21999979019165,7.21999979019165,35700,0,0
2010-03-25,7.289999961853027,7.300000190734863,7.210000038146973,7.210000038146973,23900,0,0
2010-03-26,7.21999979019165,7.429999828338623,7.179999828338623,7.210000038146973,47700,0,0
2010-03-29,7.25,7.360000133514404,7.090000152587891,7.199999809265137,65300,0,0
2010-03-30,7.230000019073486,7.5,7.190000057220459,7.46999979019165,25100,0,0
2010-03-31,7.420000076293945,7.599999904632568,7.420000076293945,7.599999904632568,102500,0,0
2010-04-01,7.599999904632568,7.869999885559082,7.599999904632568,7.75,47800,0,0
2010-04-05,7.75,7.789999961853027,7.630000114440918,7.75,55600,0,0
2010-04-06,7.730000019073486,7.949999809265137,7.670000076293945,7.800000190734863,62700,0,0
2010-04-07,7.71999979019165,7.78000020980835,7.630000114440918,7.760000228881836,36500,0,0
2010-04-08,7.760000228881836,7.800000190734863,7.610000133514404,7.739999771118164,52900,0,0
2010-04-09,7.75,7.840000152587891,7.739999771118164,7.820000171661377,56200,0,0
2010-04-12,7.849999904632568,7.980000019073486,7.809999942779541,7.960000038146973,77600,0,0
2010-04-13,7.96999979019165,8.050000190734863,7.900000095367432,8.0,99600,0,0
2010-04-14,8.020000457763672,8.5,8.010000228881836,8.5,173800,0,0
2010-04-15,8.5,8.609999656677246,8.449999809265137,8.5,111500,0,0
2010-04-16,8.399999618530273,8.569999694824219,8.399999618530273,8.479999542236328,130100,0,0
2010-04-19,8.380000114440918,8.4399995803833,8.140000343322754,8.220000267028809,101800,0,0
2010-04-20,8.229999542236328,8.430000305175781,8.180000305175781,8.430000305175781,91700,0,0
2010-04-21,8.5,8.529999732971191,8.229999542236328,8.329999923706055,87300,0,0
2010-04-22,8.220000267028809,8.399999618530273,8.130000114440918,8.390000343322754,68300,0,0
2010-04-23,8.420000076293945,8.479999542236328,8.210000038146973,8.420000076293945,65300,0,0
2010-04-26,8.4399995803833,8.479999542236328,8.390000343322754,8.40999984741211,19600,0,0
2010-04-27,8.350000381469727,8.5,8.260000228881836,8.319999694824219,95500,0,0
2010-04-28,8.399999618530273,9.699999809265137,8.390000343322754,9.029999732971191,157200,0,0
2010-04-29,9.289999961853027,9.5,9.0,9.3100004196167,145000,0,0
2010-04-30,9.100000381469727,9.229999542236328,8.609999656677246,8.670000076293945,124800,0,0
2010-05-03,8.6899995803833,8.869999885559082,8.59000015258789,8.720000267028809,104400,0,0
2010-05-04,8.640000343322754,8.699999809265137,8.40999984741211,8.5600004196167,99600,0,0
2010-05-05,8.420000076293945,8.649999618530273,8.420000076293945,8.600000381469727,48800,0,0
2010-05-06,8.520000457763672,8.710000038146973,8.199999809265137,8.430000305175781,144800,0,0
2010-05-07,8.390000343322754,8.40999984741211,8.1899995803833,8.369999885559082,239400,0,0
2010-05-10,8.850000381469727,8.850000381469727,8.539999961853027,8.760000228881836,89000,0,0
2010-05-11,8.649999618530273,9.069999694824219,8.649999618530273,9.020000457763672,96100,0,0
2010-05-12,9.069999694824219,9.25,8.979999542236328,9.119999885559082,96200,0,0
2010-05-13,9.119999885559082,9.140000343322754,8.699999809265137,8.819999694824219,110500,0,0
2010-05-14,8.729999542236328,8.770000457763672,8.460000038146973,8.630000114440918,126300,0,0
2010-05-17,8.670000076293945,8.829999923706055,8.449999809265137,8.670000076293945,65700,0,0
2010-05-18,8.770000457763672,8.890000343322754,8.5,8.569999694824219,61300,0,0
2010-05-19,8.520000457763672,8.600000381469727,8.3100004196167,8.520000457763672,146800,0,0
2010-05-20,8.300000190734863,8.3100004196167,7.889999866485596,7.929999828338623,114600,0,0
2010-05-21,7.78000020980835,7.989999771118164,7.590000152587891,7.590000152587891,339600,0,0
2010-05-24,7.599999904632568,7.989999771118164,7.510000228881836,7.809999942779541,106900,0,0
2010-05-25,7.519999980926514,7.800000190734863,7.5,7.78000020980835,90900,0,0
2010-05-26,7.849999904632568,8.149999618530273,7.849999904632568,7.949999809265137,71100,0,0
2010-05-27,8.149999618530273,8.220000267028809,7.849999904632568,7.960000038146973,60000,0,0
2010-05-28,7.920000076293945,8.0,7.860000133514404,7.920000076293945,77700,0,0
2010-06-01,8.020000457763672,8.359999656677246,8.020000457763672,8.229999542236328,190100,0,0
2010-06-02,8.239999771118164,8.649999618530273,8.029999732971191,8.640000343322754,717600,0,0
2010-06-03,8.600000381469727,8.640000343322754,8.34000015258789,8.600000381469727,218000,0,0
2010-06-04,8.399999618530273,8.5,8.239999771118164,8.270000457763672,376300,0,0
2010-06-07,8.34000015258789,8.34000015258789,7.730000019073486,7.760000228881836,100900,0,0
2010-06-08,7.760000228881836,7.760000228881836,7.449999809265137,7.639999866485596,113900,0,0
2010-06-09,7.739999771118164,7.75,7.619999885559082,7.679999828338623,99200,0,0
2010-06-10,7.829999923706055,7.889999866485596,7.630000114440918,7.840000152587891,88200,0,0
2010-06-11,7.739999771118164,7.860000133514404,7.739999771118164,7.860000133514404,59500,0,0
2010-06-14,7.920000076293945,8.029999732971191,7.71999979019165,7.769999980926514,58700,0,0
2010-06-15,7.809999942779541,7.860000133514404,7.71999979019165,7.840000152587891,100000,0,0
2010-06-16,7.730000019073486,7.840000152587891,7.639999866485596,7.690000057220459,93800,0,0
2010-06-17,7.690000057220459,7.860000133514404,7.670000076293945,7.710000038146973,69600,0,0
2010-06-18,7.760000228881836,7.760000228881836,7.630000114440918,7.650000095367432,81600,0,0
2010-06-21,7.75,7.820000171661377,7.630000114440918,7.659999847412109,110800,0,0
2010-06-22,7.670000076293945,7.75,7.46999979019165,7.480000019073486,38800,0,0
2010-06-23,7.440000057220459,7.489999771118164,7.28000020980835,7.369999885559082,25200,0,0
2010-06-24,7.340000152587891,7.510000228881836,7.300000190734863,7.349999904632568,28600,0,0
2010-06-25,7.360000133514404,8.260000228881836,7.289999961853027,7.710000038146973,321500,0,0
2010-06-28,7.710000038146973,7.75,7.610000133514404,7.650000095367432,58900,0,0
2010-06-29,7.5,7.5,7.079999923706055,7.130000114440918,96100,0,0
2010-06-30,7.110000133514404,7.110000133514404,6.909999847412109,6.920000076293945,265200,0,0
2010-07-01,6.96999979019165,7.0,6.739999771118164,6.96999979019165,48700,0,0
2010-07-02,7.039999961853027,7.059999942779541,6.889999866485596,6.940000057220459,80700,0,0
2010-07-06,7.050000190734863,7.070000171661377,6.809999942779541,6.829999923706055,81900,0,0
2010-07-07,6.880000114440918,6.929999828338623,6.699999809265137,6.840000152587891,118600,0,0
2010-07-08,6.880000114440918,7.190000057220459,6.880000114440918,7.179999828338623,93000,0,0
2010-07-09,7.139999866485596,7.289999961853027,7.139999866485596,7.289999961853027,15800,0,0
2010-07-12,7.289999961853027,7.340000152587891,7.130000114440918,7.150000095367432,30100,0,0
2010-07-13,7.269999980926514,7.329999923706055,7.019999980926514,7.289999961853027,91200,0,0
2010-07-14,7.190000057220459,7.340000152587891,7.179999828338623,7.340000152587891,41300,0,0
2010-07-15,7.349999904632568,7.349999904632568,7.179999828338623,7.289999961853027,57000,0,0
2010-07-16,7.25,7.349999904632568,7.0,7.0,75500,0,0
2010-07-19,7.039999961853027,7.050000190734863,6.96999979019165,7.03000020980835,38000,0,0
2010-07-20,6.96999979019165,7.050000190734863,6.929999828338623,7.03000020980835,61600,0,0
2010-07-21,7.059999942779541,7.059999942779541,6.869999885559082,6.900000095367432,35600,0,0
2010-07-22,7.019999980926514,7.269999980926514,6.909999847412109,7.230000019073486,143800,0,0
2010-07-23,7.179999828338623,7.570000171661377,7.159999847412109,7.53000020980835,112900,0,0
2010-07-26,7.53000020980835,7.960000038146973,7.519999980926514,7.860000133514404,62600,0,0
2010-07-27,7.880000114440918,8.359999656677246,7.820000171661377,8.3100004196167,84700,0,0
2010-07-28,8.25,8.25,7.889999866485596,7.920000076293945,111800,0,0
2010-07-29,8.0,8.020000457763672,7.599999904632568,7.829999923706055,55000,0,0
2010-07-30,7.800000190734863,8.25,7.800000190734863,8.199999809265137,54200,0,0
2010-08-02,8.3100004196167,8.399999618530273,8.210000038146973,8.380000114440918,65900,0,0
2010-08-03,8.369999885559082,8.5,8.229999542236328,8.329999923706055,170500,0,0
2010-08-04,8.279999732971191,8.390000343322754,8.170000076293945,8.3100004196167,49200,0,0
2010-08-05,8.229999542236328,8.289999961853027,8.109999656677246,8.229999542236328,76200,0,0
2010-08-06,8.149999618530273,8.149999618530273,7.809999942779541,7.929999828338623,64100,0,0
2010-08-09,8.010000228881836,8.180000305175781,8.010000228881836,8.15999984741211,54500,0,0
2010-08-10,8.039999961853027,8.130000114440918,8.0,8.010000228881836,36700,0,0
2010-08-11,8.0,8.0,7.389999866485596,7.420000076293945,85400,0,0
2010-08-12,7.269999980926514,7.429999828338623,7.070000171661377,7.190000057220459,67900,0,0
2010-08-13,7.139999866485596,7.25,6.960000038146973,7.150000095367432,52300,0,0
2010-08-16,7.130000114440918,7.21999979019165,6.860000133514404,6.949999809265137,33300,0,0
2010-08-17,7.039999961853027,7.099999904632568,6.900000095367432,7.050000190734863,44800,0,0
2010-08-18,7.059999942779541,7.239999771118164,6.940000057220459,7.159999847412109,43600,0,0
2010-08-19,7.110000133514404,7.210000038146973,6.989999771118164,7.0,47800,0,0
2010-08-20,6.989999771118164,7.039999961853027,6.840000152587891,6.929999828338623,45400,0,0
2010-08-23,6.949999809265137,7.010000228881836,6.699999809265137,6.75,32900,0,0
2010-08-24,6.630000114440918,6.800000190734863,6.550000190734863,6.590000152587891,32500,0,0
2010-08-25,6.559999942779541,6.610000133514404,6.380000114440918,6.559999942779541,57100,0,0
2010-08-26,6.570000171661377,6.940000057220459,6.570000171661377,6.840000152587891,39500,0,0
2010-08-27,6.920000076293945,7.139999866485596,6.829999923706055,7.119999885559082,44200,0,0
2010-08-30,6.989999771118164,7.050000190734863,6.46999979019165,6.489999771118164,164200,0,0
2010-08-31,6.5,6.539999961853027,6.119999885559082,6.380000114440918,612000,0,0
2010-09-01,6.409999847412109,6.789999961853027,6.409999847412109,6.789999961853027,84100,0,0
2010-09-02,6.760000228881836,7.010000228881836,6.699999809265137,6.949999809265137,46800,0,0
2010-09-03,7.059999942779541,7.420000076293945,7.059999942779541,7.300000190734863,155900,0,0
2010-09-07,7.289999961853027,7.320000171661377,7.0,7.010000228881836,45200,0,0
2010-09-08,7.050000190734863,7.099999904632568,7.010000228881836,7.059999942779541,21700,0,0
2010-09-09,7.179999828338623,7.239999771118164,7.0,7.110000133514404,60000,0,0
2010-09-10,7.130000114440918,7.159999847412109,7.079999923706055,7.099999904632568,219700,0,0
2010-09-13,7.179999828338623,7.369999885559082,7.099999904632568,7.309999942779541,85200,0,0
2010-09-14,7.269999980926514,7.380000114440918,7.21999979019165,7.309999942779541,106700,0,0
2010-09-15,7.300000190734863,7.550000190734863,7.170000076293945,7.449999809265137,64800,0,0
2010-09-16,7.460000038146973,7.539999961853027,7.199999809265137,7.269999980926514,30500,0,0
2010-09-17,7.340000152587891,7.400000095367432,7.210000038146973,7.269999980926514,75000,0,0
2010-09-20,7.300000190734863,7.690000057220459,7.139999866485596,7.650000095367432,72400,0,0
2010-09-21,7.670000076293945,7.769999980926514,7.349999904632568,7.369999885559082,97800,0,0
2010-09-22,7.329999923706055,7.360000133514404,7.070000171661377,7.260000228881836,100600,0,0
2010-09-23,7.199999809265137,7.28000020980835,7.099999904632568,7.159999847412109,92300,0,0
2010-09-24,7.25,7.900000095367432,7.25,7.849999904632568,109100,0,0
2010-09-27,7.869999885559082,8.149999618530273,7.760000228881836,8.09000015258789,69000,0,0
2010-09-28,8.119999885559082,8.329999923706055,8.0,8.3100004196167,145600,0,0
2010-09-29,8.25,8.40999984741211,8.1899995803833,8.40999984741211,97400,0,0
2010-09-30,8.729999542236328,8.829999923706055,8.350000381469727,8.479999542236328,159600,0,0
2010-10-01,8.569999694824219,8.710000038146973,8.4399995803833,8.5600004196167,164000,0,0
2010-10-04,8.510000228881836,8.59000015258789,8.40999984741211,8.520000457763672,74300,0,0
2010-10-05,8.59000015258789,9.0,8.529999732971191,8.949999809265137,141100,0,0
2010-10-06,8.949999809265137,9.010000228881836,8.729999542236328,8.899999618530273,87000,0,0
2010-10-07,8.989999771118164,9.050000190734863,8.800000190734863,8.819999694824219,66300,0,0
2010-10-08,8.789999961853027,9.229999542236328,8.59000015258789,9.180000305175781,61300,0,0
2010-10-11,9.180000305175781,9.180000305175781,8.979999542236328,9.0600004196167,45200,0,0
2010-10-12,9.0,9.119999885559082,8.789999961853027,9.069999694824219,22600,0,0
2010-10-13,9.079999923706055,9.270000457763672,8.989999771118164,9.119999885559082,84400,0,0
2010-10-14,9.130000114440918,9.130000114440918,8.800000190734863,9.0,80700,0,0
2010-10-15,9.09000015258789,9.3100004196167,9.0600004196167,9.109999656677246,72000,0,0
2010-10-18,9.109999656677246,9.4399995803833,9.010000228881836,9.399999618530273,36300,0,0
2010-10-19,9.229999542236328,9.3100004196167,8.949999809265137,9.109999656677246,65600,0,0
2010-10-20,9.170000076293945,9.430000305175781,9.149999618530273,9.369999885559082,51000,0,0
2010-10-21,9.399999618530273,9.420000076293945,8.899999618530273,9.130000114440918,48700,0,0
2010-10-22,9.180000305175781,9.329999923706055,9.149999618530273,9.220000267028809,33800,0,0
2010-10-25,9.289999961853027,9.40999984741211,9.260000228881836,9.300000190734863,23100,0,0
2010-10-26,9.220000267028809,9.25,9.119999885559082,9.130000114440918,36500,0,0
2010-10-27,9.039999961853027,9.149999618530273,8.859999656677246,9.0600004196167,25700,0,0
2010-10-28,9.170000076293945,9.170000076293945,8.899999618530273,9.050000190734863,19700,0,0
2010-10-29,8.970000267028809,9.170000076293945,8.829999923706055,9.050000190734863,46300,0,0
2010-11-01,9.050000190734863,9.119999885559082,8.819999694824219,9.039999961853027,68900,0,0
2010-11-02,9.430000305175781,10.920000076293945,9.279999732971191,10.75,417600,0,0
2010-11-03,10.920000076293945,11.359999656677246,10.699999809265137,10.729999542236328,174400,0,0
2010-11-04,10.699999809265137,10.699999809265137,9.579999923706055,9.720000267028809,286800,0,0
2010-11-05,9.760000228881836,10.279999732971191,9.619999885559082,10.210000038146973,147000,0,0
2010-11-08,10.130000114440918,10.670000076293945,9.9399995803833,10.65999984741211,84100,0,0
2010-11-09,10.649999618530273,10.75,10.3100004196167,10.420000076293945,108400,0,0
2010-11-10,10.5,10.829999923706055,10.319999694824219,10.760000228881836,187100,0,0
2010-11-11,10.5600004196167,11.0,10.529999732971191,10.760000228881836,110700,0,0
2010-11-12,10.710000038146973,11.5,10.710000038146973,11.300000190734863,171700,0,0
2010-11-15,11.300000190734863,11.390000343322754,10.930000305175781,10.9399995803833,90300,0,0
2010-11-16,10.8100004196167,10.8100004196167,10.180000305175781,10.300000190734863,167000,0,0
2010-11-17,10.359999656677246,10.4399995803833,10.010000228881836,10.329999923706055,96100,0,0
2010-11-18,10.470000267028809,11.039999961853027,10.329999923706055,10.949999809265137,80700,0,0
2010-11-19,10.949999809265137,11.100000381469727,10.899999618530273,11.020000457763672,30800,0,0
2010-11-22,10.920000076293945,10.949999809265137,10.75,10.9399995803833,37600,0,0
2010-11-23,10.829999923706055,10.949999809265137,10.649999618530273,10.930000305175781,51200,0,0
2010-11-24,11.050000190734863,11.510000228881836,11.050000190734863,11.510000228881836,78500,0,0
2010-11-26,11.220000267028809,11.470000267028809,11.130000114440918,11.350000381469727,46900,0,0
2010-11-29,11.319999694824219,11.829999923706055,11.199999809265137,11.550000190734863,259300,0,0
2010-11-30,11.380000114440918,11.600000381469727,11.25,11.300000190734863,322500,0,0
2010-12-01,11.489999771118164,11.680000305175781,11.350000381469727,11.520000457763672,87600,0,0
2010-12-02,11.5600004196167,11.600000381469727,11.369999885559082,11.5,126200,0,0
2010-12-03,11.430000305175781,11.470000267028809,10.75,10.960000038146973,222900,0,0
2010-12-06,10.960000038146973,11.600000381469727,10.859999656677246,11.470000267028809,333900,0,0
2010-12-07,11.640000343322754,11.800000190734863,11.369999885559082,11.449999809265137,261100,0,0
2010-12-08,11.0,11.550000190734863,11.0,11.430000305175781,310300,0,0
2010-12-09,11.399999618530273,11.739999771118164,11.25,11.619999885559082,1089200,0,0
2010-12-10,11.84000015258789,13.630000114440918,11.75,13.329999923706055,5825600,0,0
2010-12-13,13.319999694824219,13.460000038146973,12.869999885559082,13.359999656677246,536700,0,0
2010-12-14,13.449999809265137,13.5,13.140000343322754,13.350000381469727,303000,0,0
2010-12-15,13.289999961853027,14.029999732971191,13.140000343322754,13.539999961853027,599500,0,0
2010-12-16,13.460000038146973,14.270000457763672,13.170000076293945,13.9399995803833,689000,0,0
2010-12-17,13.729999542236328,13.880000114440918,13.479999542236328,13.529999732971191,901900,0,0
2010-12-20,13.59000015258789,13.75,13.430000305175781,13.6899995803833,397600,0,0
2010-12-21,13.800000190734863,14.050000190734863,13.729999542236328,13.789999961853027,177700,0,0
2010-12-22,13.819999694824219,13.859999656677246,13.180000305175781,13.5600004196167,213100,0,0
2010-12-23,13.609999656677246,13.65999984741211,13.350000381469727,13.619999885559082,97600,0,0
2010-12-27,13.630000114440918,13.680000305175781,13.350000381469727,13.649999618530273,178300,0,0
2010-12-28,13.640000343322754,13.899999618530273,13.640000343322754,13.84000015258789,302800,0,0
2010-12-29,13.899999618530273,14.149999618530273,13.800000190734863,14.079999923706055,215500,0,0
2010-12-30,14.029999732971191,14.819999694824219,13.819999694824219,14.699999809265137,237200,0,0
2010-12-31,14.6899995803833,14.8100004196167,14.119999885559082,14.350000381469727,271700,0,0
2011-01-03,14.539999961853027,14.680000305175781,14.199999809265137,14.539999961853027,333200,0,0
2011-01-04,14.75,14.75,13.699999809265137,13.899999618530273,424600,0,0
2011-01-05,13.569999694824219,14.6899995803833,13.4399995803833,14.6899995803833,408700,0,0
2011-01-06,14.680000305175781,14.819999694824219,14.100000381469727,14.25,211500,0,0
2011-01-07,14.329999923706055,14.329999923706055,13.729999542236328,14.069999694824219,245400,0,0
2011-01-10,14.0,14.279999732971191,13.520000457763672,14.170000076293945,341100,0,0
2011-01-11,14.3100004196167,14.5600004196167,14.199999809265137,14.470000267028809,214700,0,0
2011-01-12,14.600000381469727,14.600000381469727,14.25,14.470000267028809,166100,0,0
2011-01-13,14.489999771118164,14.489999771118164,14.220000267028809,14.460000038146973,177200,0,0
2011-01-14,14.40999984741211,14.430000305175781,14.09000015258789,14.119999885559082,161400,0,0
2011-01-18,14.0,14.079999923706055,13.449999809265137,13.729999542236328,247800,0,0
2011-01-19,13.6899995803833,13.729999542236328,12.979999542236328,13.109999656677246,402200,0,0
2011-01-20,13.020000457763672,13.130000114440918,12.520000457763672,12.770000457763672,331100,0,0
2011-01-21,12.880000114440918,13.359999656677246,12.800000190734863,13.270000457763672,331500,0,0
2011-01-24,13.3100004196167,13.760000228881836,13.300000190734863,13.550000190734863,201000,0,0
2011-01-25,13.4399995803833,13.960000038146973,13.390000343322754,13.9399995803833,288000,0,0
2011-01-26,13.949999809265137,14.25,13.800000190734863,14.119999885559082,147300,0,0
2011-01-27,14.119999885559082,14.140000343322754,13.34000015258789,13.4399995803833,221100,0,0
2011-01-28,13.449999809265137,13.550000190734863,12.869999885559082,12.890000343322754,485800,0,0
2011-01-31,12.930000305175781,13.149999618530273,12.760000228881836,13.0600004196167,305700,0,0
2011-02-01,12.5,15.739999771118164,12.270000457763672,14.979999542236328,2371600,0,0
2011-02-02,14.989999771118164,15.270000457763672,14.789999961853027,15.199999809265137,397700,0,0
2011-02-03,15.0600004196167,15.960000038146973,14.920000076293945,15.960000038146973,525700,0,0
2011-02-04,15.869999885559082,16.139999389648438,15.619999885559082,16.1299991607666,293300,0,0
2011-02-07,16.06999969482422,16.219999313354492,15.850000381469727,16.0,426000,0,0
2011-02-08,16.020000457763672,16.040000915527344,15.800000190734863,16.0,313300,0,0
2011-02-09,15.899999618530273,16.219999313354492,15.760000228881836,16.09000015258789,260400,0,0
2011-02-10,15.880000114440918,16.100000381469727,15.5600004196167,15.789999961853027,395800,0,0
2011-02-11,15.670000076293945,15.979999542236328,15.670000076293945,15.779999732971191,379400,0,0
2011-02-14,15.779999732971191,15.869999885559082,15.539999961853027,15.699999809265137,237700,0,0
2011-02-15,15.600000381469727,15.779999732971191,15.350000381469727,15.449999809265137,148000,0,0
2011-02-16,14.760000228881836,14.970000267028809,14.5600004196167,14.619999885559082,3168800,0,0
2011-02-17,14.529999732971191,14.949999809265137,14.350000381469727,14.859999656677246,594000,0,0
2011-02-18,14.90999984741211,14.930000305175781,14.6899995803833,14.899999618530273,321900,0,0
2011-02-22,14.65999984741211,14.850000381469727,14.369999885559082,14.460000038146973,340500,0,0
2011-02-23,14.479999542236328,14.479999542236328,13.649999618530273,13.789999961853027,457000,0,0
2011-02-24,13.789999961853027,14.079999923706055,13.699999809265137,13.979999542236328,347100,0,0
2011-02-25,14.050000190734863,14.289999961853027,13.899999618530273,13.949999809265137,256300,0,0
2011-02-28,14.069999694824219,14.069999694824219,13.630000114440918,13.729999542236328,530100,0,0
2011-03-01,13.75,13.8100004196167,12.899999618530273,13.239999771118164,829200,0,0
2011-03-02,13.260000228881836,13.600000381469727,13.15999984741211,13.539999961853027,278000,0,0
2011-03-03,13.680000305175781,14.600000381469727,13.630000114440918,14.5,684700,0,0
2011-03-04,14.489999771118164,14.800000190734863,14.329999923706055,14.75,517100,0,0
2011-03-07,14.770000457763672,14.9399995803833,14.510000228881836,14.6899995803833,612700,0,0
2011-03-08,14.640000343322754,14.949999809265137,14.5,14.789999961853027,235200,0,0
2011-03-09,14.710000038146973,14.890000343322754,14.390000343322754,14.539999961853027,147400,0,0
2011-03-10,14.260000228881836,14.279999732971191,13.75,14.0,242700,0,0
2011-03-11,13.729999542236328,14.100000381469727,13.710000038146973,13.970000267028809,230500,0,0
2011-03-14,13.760000228881836,14.140000343322754,13.75,14.0,113600,0,0
2011-03-15,13.460000038146973,13.90999984741211,13.399999618530273,13.8100004196167,116700,0,0
2011-03-16,13.8100004196167,13.920000076293945,13.390000343322754,13.460000038146973,129200,0,0
2011-03-17,13.75,13.75,13.180000305175781,13.210000038146973,233000,0,0
2011-03-18,13.399999618530273,13.4399995803833,13.170000076293945,13.420000076293945,207400,0,0
2011-03-21,13.640000343322754,13.949999809265137,13.59000015258789,13.930000305175781,119700,0,0
2011-03-22,13.9399995803833,14.050000190734863,13.710000038146973,13.770000457763672,53600,0,0
2011-03-23,13.75,14.010000228881836,13.359999656677246,14.010000228881836,185600,0,0
2011-03-24,14.130000114440918,14.8100004196167,14.079999923706055,14.630000114440918,351900,0,0
2011-03-25,14.779999732971191,15.479999542236328,14.699999809265137,15.260000228881836,504700,0,0
2011-03-28,15.260000228881836,15.34000015258789,14.979999542236328,15.069999694824219,439900,0,0
2011-03-29,15.020000457763672,15.470000267028809,14.850000381469727,15.3100004196167,259400,0,0
2011-03-30,15.420000076293945,15.5,15.229999542236328,15.270000457763672,220100,0,0
2011-03-31,15.25,15.34000015258789,15.100000381469727,15.109999656677246,468500,0,0
2011-04-01,15.329999923706055,15.670000076293945,14.880000114440918,15.65999984741211,630900,0,0
2011-04-04,15.699999809265137,16.15999984741211,15.539999961853027,15.6899995803833,300100,0,0
2011-04-05,15.6899995803833,15.6899995803833,15.279999732971191,15.470000267028809,220900,0,0
2011-04-06,15.649999618530273,15.949999809265137,15.220000267028809,15.460000038146973,359700,0,0
2011-04-07,15.5,16.40999984741211,15.359999656677246,15.989999771118164,559500,0,0
2011-04-08,16.190000534057617,16.280000686645508,15.699999809265137,15.859999656677246,330900,0,0
2011-04-11,15.930000305175781,15.9399995803833,15.180000305175781,15.520000457763672,294900,0,0
2011-04-12,15.329999923706055,15.760000228881836,15.0,15.1899995803833,251600,0,0
2011-04-13,15.3100004196167,15.569999694824219,14.899999618530273,15.5,189600,0,0
2011-04-14,15.3100004196167,16.030000686645508,15.260000228881836,15.9399995803833,289800,0,0
2011-04-15,15.899999618530273,17.5,15.899999618530273,17.100000381469727,1405500,0,0
2011-04-18,16.90999984741211,17.469999313354492,16.559999465942383,17.049999237060547,730200,0,0
2011-04-19,17.31999969482422,17.350000381469727,16.760000228881836,17.100000381469727,569200,0,0
2011-04-20,17.350000381469727,17.399999618530273,17.1200008392334,17.299999237060547,369300,0,0
2011-04-21,17.479999542236328,17.889999389648438,17.219999313354492,17.75,397600,0,0
2011-04-25,17.979999542236328,18.200000762939453,17.469999313354492,17.5,585400,0,0
2011-04-26,17.639999389648438,17.940000534057617,17.3700008392334,17.420000076293945,1000000,0,0
2011-04-27,17.5,17.889999389648438,17.170000076293945,17.549999237060547,462100,0,0
2011-04-28,17.719999313354492,18.690000534057617,17.559999465942383,18.149999618530273,757600,0,0
2011-04-29,18.690000534057617,18.75,18.229999542236328,18.329999923706055,350000,0,0
2011-05-02,17.729999542236328,18.5,17.719999313354492,18.270000457763672,582000,0,0
2011-05-03,18.15999984741211,18.40999984741211,17.040000915527344,17.139999389648438,448400,0,0
2011-05-04,17.1200008392334,17.290000915527344,16.90999984741211,17.0,427800,0,0
2011-05-05,16.81999969482422,17.43000030517578,16.700000762939453,16.969999313354492,192400,0,0
2011-05-06,17.170000076293945,17.670000076293945,17.0,17.1299991607666,238600,0,0
2011-05-09,17.040000915527344,17.350000381469727,16.950000762939453,17.15999984741211,180000,0,0
2011-05-10,16.040000915527344,16.399999618530273,15.989999771118164,16.219999313354492,3463800,0,0
2011-05-11,16.149999618530273,17.239999771118164,16.110000610351562,16.860000610351562,1331400,0,0
2011-05-12,16.850000381469727,17.270000457763672,16.649999618530273,16.969999313354492,754700,0,0
2011-05-13,17.040000915527344,17.280000686645508,16.770000457763672,16.84000015258789,476000,0,0
2011-05-16,16.700000762939453,16.739999771118164,15.170000076293945,15.239999771118164,1198300,0,0
2011-05-17,14.890000343322754,14.890000343322754,14.300000190734863,14.460000038146973,1284400,0,0
2011-05-18,14.479999542236328,15.079999923706055,14.40999984741211,15.020000457763672,1040800,0,0
2011-05-19,15.010000228881836,15.380000114440918,14.680000305175781,15.09000015258789,657100,0,0
2011-05-20,15.010000228881836,15.260000228881836,14.649999618530273,14.850000381469727,820400,0,0
2011-05-23,14.479999542236328,14.59000015258789,14.020000457763672,14.449999809265137,401300,0,0
2011-05-24,14.470000267028809,14.550000190734863,13.819999694824219,13.84000015258789,434400,0,0
2011-05-25,13.779999732971191,14.0,13.109999656677246,13.869999885559082,988700,0,0
2011-05-26,13.619999885559082,14.109999656677246,13.5,13.9399995803833,445800,0,0
2011-05-27,13.949999809265137,14.390000343322754,13.5,14.260000228881836,403800,0,0
2011-05-31,14.1899995803833,14.800000190734863,14.1899995803833,14.770000457763672,637100,0,0
2011-06-01,14.600000381469727,14.770000457763672,13.65999984741211,13.75,1422200,0,0
2011-06-02,13.75,13.90999984741211,13.539999961853027,13.770000457763672,346500,0,0
2011-06-03,13.380000114440918,13.770000457763672,13.279999732971191,13.630000114440918,560600,0,0
2011-06-06,13.5600004196167,13.600000381469727,12.890000343322754,13.0,651400,0,0
2011-06-07,13.15999984741211,13.75,12.979999542236328,13.5,615700,0,0
2011-06-08,13.380000114440918,13.699999809265137,13.15999984741211,13.3100004196167,752800,0,0
2011-06-09,13.390000343322754,13.59000015258789,13.3100004196167,13.470000267028809,760600,0,0
2011-06-10,13.430000305175781,13.539999961853027,12.880000114440918,13.0,498500,0,0
2011-06-13,13.0,13.220000267028809,12.789999961853027,13.050000190734863,479400,0,0
2011-06-14,13.270000457763672,13.6899995803833,13.09000015258789,13.489999771118164,369100,0,0
2011-06-15,13.300000190734863,13.380000114440918,13.09000015258789,13.210000038146973,421500,0,0
2011-06-16,13.220000267028809,13.539999961853027,13.029999732971191,13.239999771118164,402100,0,0
2011-06-17,13.399999618530273,13.430000305175781,12.59000015258789,12.800000190734863,850500,0,0
2011-06-20,12.380000114440918,12.380000114440918,11.359999656677246,11.899999618530273,2259400,0,0
2011-06-21,12.020000457763672,12.8100004196167,11.920000076293945,12.699999809265137,1227400,0,0
2011-06-22,12.609999656677246,13.279999732971191,12.430000305175781,13.170000076293945,693300,0,0
2011-06-23,12.640000343322754,13.300000190734863,12.640000343322754,13.15999984741211,679600,0,0
2011-06-24,13.170000076293945,13.649999618530273,13.170000076293945,13.510000228881836,3566500,0,0
2011-06-27,13.34000015258789,13.720000267028809,13.100000381469727,13.569999694824219,616800,0,0
2011-06-28,13.5,13.8100004196167,12.479999542236328,12.720000267028809,1151400,0,0
2011-06-29,12.970000267028809,13.449999809265137,12.829999923706055,13.119999885559082,1074100,0,0
2011-06-30,13.109999656677246,13.569999694824219,12.90999984741211,13.520000457763672,915400,0,0
2011-07-01,13.619999885559082,14.430000305175781,13.449999809265137,14.15999984741211,715900,0,0
2011-07-05,14.180000305175781,14.25,13.899999618530273,14.09000015258789,798200,0,0
2011-07-06,14.119999885559082,14.180000305175781,13.84000015258789,14.109999656677246,980000,0,0
2011-07-07,14.25,14.819999694824219,14.239999771118164,14.800000190734863,1038300,0,0
2011-07-08,14.449999809265137,14.5,14.15999984741211,14.460000038146973,354300,0,0
2011-07-11,14.25,14.369999885559082,13.970000267028809,14.010000228881836,462800,0,0
2011-07-12,13.890000343322754,14.029999732971191,13.779999732971191,13.869999885559082,483500,0,0
2011-07-13,13.930000305175781,14.199999809265137,13.84000015258789,13.899999618530273,607600,0,0
2011-07-14,14.010000228881836,14.130000114440918,13.289999961853027,13.460000038146973,953700,0,0
2011-07-15,13.430000305175781,13.510000228881836,12.890000343322754,12.970000267028809,595500,0,0
2011-07-18,12.949999809265137,13.180000305175781,12.109999656677246,12.1899995803833,1243000,0,0
2011-07-19,12.329999923706055,12.9399995803833,12.229999542236328,12.890000343322754,617100,0,0
2011-07-20,12.9399995803833,12.9399995803833,12.569999694824219,12.649999618530273,321100,0,0
2011-07-21,12.779999732971191,13.59000015258789,12.65999984741211,13.5,946100,0,0
2011-07-22,13.479999542236328,13.720000267028809,13.449999809265137,13.550000190734863,329700,0,0
2011-07-25,13.34000015258789,13.729999542236328,13.09000015258789,13.4399995803833,879600,0,0
2011-07-26,14.1899995803833,14.649999618530273,13.350000381469727,14.140000343322754,1482300,0,0
2011-07-27,14.069999694824219,14.390000343322754,13.899999618530273,13.979999542236328,788200,0,0
2011-07-28,13.979999542236328,14.239999771118164,13.75,13.819999694824219,498500,0,0
2011-07-29,13.609999656677246,14.109999656677246,13.40999984741211,13.789999961853027,444600,0,0
2011-08-01,13.970000267028809,13.970000267028809,12.25,12.699999809265137,1163800,0,0
2011-08-02,12.649999618530273,12.960000038146973,12.039999961853027,12.050000190734863,474500,0,0
2011-08-03,12.0600004196167,12.3100004196167,11.5,12.279999732971191,745900,0,0
2011-08-04,12.09000015258789,12.180000305175781,11.100000381469727,11.109999656677246,750800,0,0
2011-08-05,11.229999542236328,11.430000305175781,10.449999809265137,10.829999923706055,777500,0,0
2011-08-08,10.180000305175781,10.359999656677246,9.220000267028809,9.220000267028809,935800,0,0
2011-08-09,9.510000228881836,10.430000305175781,9.289999961853027,10.399999618530273,1363500,0,0
2011-08-10,9.75,10.15999984741211,9.420000076293945,9.4399995803833,1188200,0,0
2011-08-11,9.529999732971191,10.229999542236328,9.359999656677246,10.039999961853027,1194400,0,0
2011-08-12,10.180000305175781,10.720000267028809,10.020000457763672,10.5,530000,0,0
2011-08-15,10.680000305175781,10.800000190734863,10.479999542236328,10.670000076293945,281000,0,0
2011-08-16,10.510000228881836,10.699999809265137,10.229999542236328,10.489999771118164,647100,0,0
2011-08-17,10.59000015258789,10.720000267028809,10.199999809265137,10.270000457763672,268100,0,0
2011-08-18,9.880000114440918,9.880000114440918,8.930000305175781,9.050000190734863,680100,0,0
2011-08-19,8.829999923706055,9.130000114440918,8.510000228881836,8.550000190734863,1213500,0,0
2011-08-22,8.90999984741211,9.210000038146973,8.84000015258789,9.09000015258789,1454400,0,0
2011-08-23,9.0,9.420000076293945,8.949999809265137,9.399999618530273,1450200,0,0
2011-08-24,9.359999656677246,9.59000015258789,9.210000038146973,9.5,680800,0,0
2011-08-25,9.59000015258789,9.720000267028809,9.239999771118164,9.260000228881836,284600,0,0
2011-08-26,9.140000343322754,9.729999542236328,8.970000267028809,9.6899995803833,259900,0,0
2011-08-29,9.850000381469727,10.199999809265137,9.739999771118164,10.180000305175781,358200,0,0
2011-08-30,10.079999923706055,10.479999542236328,9.970000267028809,10.399999618530273,432600,0,0
2011-08-31,10.479999542236328,10.5,9.930000305175781,10.09000015258789,619200,0,0
2011-09-01,10.0600004196167,10.670000076293945,9.699999809265137,9.789999961853027,856600,0,0
2011-09-02,9.449999809265137,9.5600004196167,9.09000015258789,9.229999542236328,543000,0,0
2011-09-06,8.729999542236328,9.329999923706055,8.729999542236328,9.289999961853027,432900,0,0
2011-09-07,9.529999732971191,10.109999656677246,9.529999732971191,10.020000457763672,370900,0,0
2011-09-08,9.90999984741211,10.140000343322754,9.34000015258789,9.390000343322754,431000,0,0
2011-09-09,9.220000267028809,9.279999732971191,8.800000190734863,9.0,653000,0,0
2011-09-12,8.800000190734863,9.229999542236328,8.760000228881836,9.130000114440918,467200,0,0
2011-09-13,9.149999618530273,9.369999885559082,9.0,9.279999732971191,682200,0,0
2011-09-14,9.430000305175781,9.630000114440918,9.100000381469727,9.489999771118164,581500,0,0
2011-09-15,9.619999885559082,10.0,9.479999542236328,9.930000305175781,424900,0,0
2011-09-16,10.069999694824219,10.630000114440918,9.989999771118164,10.609999656677246,1097000,0,0
2011-09-19,10.270000457763672,10.289999961853027,9.850000381469727,10.0600004196167,469700,0,0
2011-09-20,10.109999656677246,10.25,9.470000267028809,9.489999771118164,416800,0,0
2011-09-21,9.479999542236328,9.699999809265137,8.890000343322754,8.899999618530273,597600,0,0
2011-09-22,8.489999771118164,9.130000114440918,8.449999809265137,8.920000076293945,1015700,0,0
2011-09-23,8.890000343322754,9.430000305175781,8.829999923706055,9.359999656677246,441800,0,0
2011-09-26,9.550000190734863,9.59000015258789,8.84000015258789,9.300000190734863,439000,0,0
2011-09-27,9.5,9.75,8.800000190734863,8.90999984741211,1065100,0,0
2011-09-28,8.9399995803833,8.970000267028809,8.359999656677246,8.399999618530273,397400,0,0
2011-09-29,8.649999618530273,8.739999771118164,7.739999771118164,8.0,929000,0,0
2011-09-30,7.800000190734863,8.029999732971191,7.619999885559082,7.820000171661377,1251200,0,0
2011-10-03,7.699999809265137,8.069999694824219,7.570000171661377,7.579999923706055,828400,0,0
2011-10-04,7.480000019073486,8.369999885559082,7.480000019073486,8.270000457763672,763600,0,0
2011-10-05,8.329999923706055,8.989999771118164,8.15999984741211,8.920000076293945,587400,0,0
2011-10-06,8.880000114440918,9.029999732971191,8.670000076293945,9.0,453900,0,0
2011-10-07,9.0,9.050000190734863,8.5,8.569999694824219,551800,0,0
2011-10-10,8.84000015258789,9.020000457763672,8.640000343322754,9.0,426400,0,0
2011-10-11,8.890000343322754,9.069999694824219,8.789999961853027,8.90999984741211,429300,0,0
2011-10-12,9.0,9.1899995803833,8.970000267028809,8.989999771118164,673800,0,0
2011-10-13,8.899999618530273,9.210000038146973,8.829999923706055,9.109999656677246,304800,0,0
2011-10-14,9.289999961853027,9.8100004196167,9.289999961853027,9.779999732971191,543700,0,0
2011-10-17,9.710000038146973,9.8100004196167,9.010000228881836,9.0600004196167,317800,0,0
2011-10-18,9.100000381469727,9.329999923706055,8.670000076293945,9.180000305175781,418000,0,0
2011-10-19,9.180000305175781,9.180000305175781,8.729999542236328,8.760000228881836,330000,0,0
2011-10-20,8.779999732971191,8.970000267028809,8.489999771118164,8.59000015258789,469800,0,0
2011-10-21,8.649999618530273,8.75,8.479999542236328,8.600000381469727,486200,0,0
2011-10-24,8.670000076293945,9.5,8.550000190734863,9.40999984741211,485900,0,0
2011-10-25,9.34000015258789,9.760000228881836,9.010000228881836,9.539999961853027,811300,0,0
2011-10-26,9.8100004196167,9.930000305175781,9.3100004196167,9.720000267028809,638200,0,0
2011-10-27,10.270000457763672,10.65999984741211,9.989999771118164,10.630000114440918,1191300,0,0
2011-10-28,10.539999961853027,11.010000228881836,10.460000038146973,11.0,525600,0,0
2011-10-31,10.75,10.75,10.15999984741211,10.180000305175781,629700,0,0
2011-11-01,9.5600004196167,9.960000038146973,9.470000267028809,9.489999771118164,1156500,0,0
2011-11-02,9.5,9.680000305175781,8.4399995803833,8.680000305175781,1744400,0,0
2011-11-03,8.869999885559082,9.0,8.239999771118164,8.279999732971191,1438800,0,0
2011-11-04,8.15999984741211,8.489999771118164,8.100000381469727,8.399999618530273,1176900,0,0
2011-11-07,8.390000343322754,8.6899995803833,8.270000457763672,8.4399995803833,705900,0,0
2011-11-08,8.5600004196167,8.5600004196167,8.100000381469727,8.449999809265137,712700,0,0
2011-11-09,8.149999618530273,8.279999732971191,7.989999771118164,8.0600004196167,789700,0,0
2011-11-10,8.239999771118164,8.239999771118164,7.829999923706055,7.960000038146973,781300,0,0
2011-11-11,8.069999694824219,8.260000228881836,8.029999732971191,8.180000305175781,727600,0,0
2011-11-14,8.109999656677246,8.359999656677246,8.100000381469727,8.289999961853027,335100,0,0
2011-11-15,8.25,8.470000267028809,8.229999542236328,8.380000114440918,592000,0,0
2011-11-16,8.25,8.420000076293945,8.039999961853027,8.100000381469727,598500,0,0
2011-11-17,8.109999656677246,8.180000305175781,7.909999847412109,8.029999732971191,1049000,0,0
2011-11-18,8.0600004196167,8.100000381469727,7.849999904632568,7.900000095367432,422800,0,0
2011-11-21,7.699999809265137,7.829999923706055,7.579999923706055,7.71999979019165,708600,0,0
2011-11-22,7.670000076293945,7.800000190734863,7.429999828338623,7.539999961853027,416300,0,0
2011-11-23,7.449999809265137,7.519999980926514,7.239999771118164,7.289999961853027,352200,0,0
2011-11-25,7.21999979019165,7.349999904632568,7.019999980926514,7.050000190734863,137200,0,0
2011-11-28,7.349999904632568,7.510000228881836,7.269999980926514,7.440000057220459,478700,0,0
2011-11-29,7.440000057220459,7.440000057220459,7.190000057220459,7.230000019073486,1034500,0,0
2011-11-30,7.679999828338623,7.900000095367432,7.510000228881836,7.769999980926514,1430800,0,0
2011-12-01,7.710000038146973,7.860000133514404,7.630000114440918,7.630000114440918,581500,0,0
2011-12-02,7.809999942779541,7.889999866485596,7.679999828338623,7.860000133514404,1127900,0,0
2011-12-05,8.039999961853027,8.489999771118164,8.0,8.390000343322754,752200,0,0
2011-12-06,8.390000343322754,8.420000076293945,8.210000038146973,8.3100004196167,622600,0,0
2011-12-07,8.25,8.34000015258789,8.100000381469727,8.199999809265137,775200,0,0
2011-12-08,8.100000381469727,8.180000305175781,7.949999809265137,7.980000019073486,466900,0,0
2011-12-09,8.029999732971191,8.539999961853027,7.960000038146973,8.529999732971191,502900,0,0
2011-12-12,8.329999923706055,8.420000076293945,8.25,8.369999885559082,686800,0,0
2011-12-13,8.5,8.670000076293945,8.210000038146973,8.3100004196167,625200,0,0
2011-12-14,8.210000038146973,8.279999732971191,7.949999809265137,8.149999618530273,522000,0,0
2011-12-15,8.329999923706055,8.529999732971191,8.260000228881836,8.40999984741211,363900,0,0
2011-12-16,8.479999542236328,8.680000305175781,8.390000343322754,8.529999732971191,456900,0,0
2011-12-19,8.59000015258789,8.640000343322754,8.149999618530273,8.170000076293945,335300,0,0
2011-12-20,8.369999885559082,8.630000114440918,8.329999923706055,8.5600004196167,347200,0,0
2011-12-21,8.5,8.609999656677246,8.260000228881836,8.5,390600,0,0
2011-12-22,8.539999961853027,8.649999618530273,8.420000076293945,8.510000228881836,358000,0,0
2011-12-23,8.5600004196167,8.600000381469727,8.420000076293945,8.430000305175781,308800,0,0
2011-12-27,8.390000343322754,8.600000381469727,8.390000343322754,8.520000457763672,205400,0,0
2011-12-28,8.510000228881836,8.510000228881836,8.239999771118164,8.260000228881836,329300,0,0
2011-12-29,8.300000190734863,8.460000038146973,8.199999809265137,8.430000305175781,265400,0,0
2011-12-30,8.399999618530273,8.4399995803833,8.260000228881836,8.289999961853027,690500,0,0
2012-01-03,8.609999656677246,8.789999961853027,8.520000457763672,8.619999885559082,449400,0,0
2012-01-04,8.539999961853027,8.710000038146973,8.359999656677246,8.449999809265137,326700,0,0
2012-01-05,8.350000381469727,8.710000038146973,8.329999923706055,8.630000114440918,310800,0,0
2012-01-06,8.6899995803833,8.880000114440918,8.65999984741211,8.720000267028809,499500,0,0
2012-01-09,8.75,8.859999656677246,8.520000457763672,8.75,398500,0,0
2012-01-10,8.930000305175781,9.09000015258789,8.8100004196167,8.850000381469727,546100,0,0
2012-01-11,8.789999961853027,9.0,8.760000228881836,8.979999542236328,300600,0,0
2012-01-12,9.0,9.100000381469727,8.949999809265137,9.029999732971191,233900,0,0
2012-01-13,8.949999809265137,9.199999809265137,8.949999809265137,9.069999694824219,627000,0,0
2012-01-17,9.180000305175781,9.779999732971191,9.119999885559082,9.699999809265137,669400,0,0
2012-01-18,9.699999809265137,9.90999984741211,9.640000343322754,9.90999984741211,422100,0,0
2012-01-19,9.930000305175781,10.0,9.75,9.8100004196167,272300,0,0
2012-01-20,9.779999732971191,10.0,9.770000457763672,9.779999732971191,245700,0,0
2012-01-23,9.760000228881836,9.920000076293945,9.680000305175781,9.899999618530273,335000,0,0
2012-01-24,9.84000015258789,10.079999923706055,9.729999542236328,10.079999923706055,563000,0,0
2012-01-25,10.050000190734863,10.260000228881836,9.920000076293945,10.210000038146973,388000,0,0
2012-01-26,10.25,10.260000228881836,9.680000305175781,9.770000457763672,462700,0,0
2012-01-27,9.6899995803833,9.869999885559082,9.65999984741211,9.859999656677246,290400,0,0
2012-01-30,9.739999771118164,9.800000190734863,9.369999885559082,9.399999618530273,397500,0,0
2012-01-31,9.479999542236328,9.699999809265137,9.3100004196167,9.470000267028809,343200,0,0
2012-02-01,9.59000015258789,10.100000381469727,9.369999885559082,9.989999771118164,609100,0,0
2012-02-02,9.930000305175781,9.930000305175781,8.149999618530273,8.270000457763672,2709800,0,0
2012-02-03,8.470000267028809,8.859999656677246,8.369999885559082,8.789999961853027,1551700,0,0
2012-02-06,8.720000267028809,8.720000267028809,8.34000015258789,8.529999732971191,493500,0,0
2012-02-07,8.529999732971191,8.729999542236328,8.489999771118164,8.65999984741211,394800,0,0
2012-02-08,8.729999542236328,8.829999923706055,8.579999923706055,8.75,320800,0,0
2012-02-09,8.75,8.970000267028809,8.6899995803833,8.90999984741211,455100,0,0
2012-02-10,8.760000228881836,8.949999809265137,8.6899995803833,8.859999656677246,482700,0,0
2012-02-13,8.949999809265137,8.949999809265137,8.699999809265137,8.8100004196167,221800,0,0
2012-02-14,8.800000190734863,8.930000305175781,8.720000267028809,8.84000015258789,266600,0,0
2012-02-15,8.880000114440918,8.899999618530273,8.579999923706055,8.720000267028809,375300,0,0
2012-02-16,8.729999542236328,9.050000190734863,8.680000305175781,9.029999732971191,545900,0,0
2012-02-17,9.039999961853027,9.130000114440918,8.930000305175781,8.949999809265137,348400,0,0
2012-02-21,8.949999809265137,9.020000457763672,8.880000114440918,8.949999809265137,316700,0,0
2012-02-22,8.920000076293945,8.989999771118164,8.880000114440918,8.899999618530273,216200,0,0
2012-02-23,8.9399995803833,9.069999694824219,8.869999885559082,9.029999732971191,305700,0,0
2012-02-24,9.010000228881836,9.149999618530273,8.970000267028809,9.050000190734863,195400,0,0
2012-02-27,8.899999618530273,9.010000228881836,8.399999618530273,8.970000267028809,831300,0,0
2012-02-28,8.970000267028809,9.029999732971191,8.880000114440918,8.970000267028809,1679400,0,0
2012-02-29,9.039999961853027,9.050000190734863,8.789999961853027,8.880000114440918,343300,0,0
2012-03-01,8.960000038146973,9.390000343322754,8.960000038146973,9.220000267028809,388700,0,0
2012-03-02,9.239999771118164,9.270000457763672,8.930000305175781,8.960000038146973,354700,0,0
2012-03-05,9.069999694824219,9.180000305175781,8.920000076293945,9.0600004196167,449500,0,0
2012-03-06,8.930000305175781,9.039999961853027,8.819999694824219,9.010000228881836,452000,0,0
2012-03-07,9.050000190734863,9.079999923706055,8.949999809265137,9.039999961853027,252700,0,0
2012-03-08,9.199999809265137,9.75,9.1899995803833,9.5,796000,0,0
2012-03-09,9.539999961853027,9.920000076293945,9.470000267028809,9.760000228881836,631400,0,0
2012-03-12,9.739999771118164,9.84000015258789,9.550000190734863,9.579999923706055,198600,0,0
2012-03-13,9.680000305175781,9.829999923706055,9.619999885559082,9.829999923706055,211200,0,0
2012-03-14,9.779999732971191,9.800000190734863,9.470000267028809,9.529999732971191,176300,0,0
2012-03-15,9.550000190734863,9.65999984741211,9.420000076293945,9.600000381469727,144000,0,0
2012-03-16,9.609999656677246,9.710000038146973,9.5,9.630000114440918,235600,0,0
2012-03-19,9.640000343322754,10.050000190734863,9.550000190734863,10.020000457763672,439400,0,0
2012-03-20,9.890000343322754,9.890000343322754,9.510000228881836,9.600000381469727,198900,0,0
2012-03-21,9.649999618530273,9.75,9.510000228881836,9.649999618530273,190300,0,0
2012-03-22,9.520000457763672,9.539999961853027,9.369999885559082,9.529999732971191,460200,0,0
2012-03-23,9.550000190734863,9.630000114440918,9.300000190734863,9.5,351000,0,0
2012-03-26,9.640000343322754,10.010000228881836,9.600000381469727,9.9399995803833,303800,0,0
2012-03-27,9.9399995803833,10.039999961853027,9.880000114440918,9.920000076293945,318400,0,0
2012-03-28,9.90999984741211,9.920000076293945,9.420000076293945,9.4399995803833,319800,0,0
2012-03-29,9.4399995803833,9.539999961853027,9.300000190734863,9.449999809265137,333800,0,0
2012-03-30,9.569999694824219,9.569999694824219,9.25,9.329999923706055,323700,0,0
2012-04-02,9.300000190734863,9.539999961853027,9.229999542236328,9.489999771118164,353600,0,0
2012-04-03,9.479999542236328,9.649999618530273,9.300000190734863,9.489999771118164,331600,0,0
2012-04-04,9.390000343322754,9.420000076293945,9.279999732971191,9.420000076293945,554100,0,0
2012-04-05,9.399999618530273,9.550000190734863,9.350000381469727,9.460000038146973,511600,0,0
2012-04-09,9.260000228881836,9.399999618530273,9.149999618530273,9.380000114440918,585600,0,0
2012-04-10,9.350000381469727,9.40999984741211,9.1899995803833,9.25,644900,0,0
2012-04-11,9.390000343322754,9.710000038146973,9.270000457763672,9.710000038146973,480800,0,0
2012-04-12,9.710000038146973,10.020000457763672,9.630000114440918,9.920000076293945,463200,0,0
2012-04-13,9.84000015258789,9.84000015258789,9.520000457763672,9.529999732971191,296300,0,0
2012-04-16,9.59000015258789,9.619999885559082,9.449999809265137,9.529999732971191,261900,0,0
2012-04-17,9.600000381469727,9.789999961853027,9.569999694824219,9.619999885559082,210800,0,0
2012-04-18,9.550000190734863,9.670000076293945,9.470000267028809,9.510000228881836,263900,0,0
2012-04-19,9.520000457763672,9.699999809265137,9.390000343322754,9.460000038146973,237600,0,0
2012-04-20,9.569999694824219,9.6899995803833,9.4399995803833,9.470000267028809,266300,0,0
2012-04-23,9.319999694824219,9.329999923706055,9.020000457763672,9.300000190734863,454400,0,0
2012-04-24,9.300000190734863,9.630000114440918,9.199999809265137,9.609999656677246,596700,0,0
2012-04-25,9.729999542236328,10.449999809265137,9.649999618530273,10.300000190734863,776900,0,0
2012-04-26,10.300000190734863,10.520000457763672,10.300000190734863,10.520000457763672,633100,0,0
2012-04-27,10.520000457763672,10.989999771118164,10.479999542236328,10.979999542236328,609300,0,0
2012-04-30,10.930000305175781,10.9399995803833,10.539999961853027,10.779999732971191,561100,0,0
2012-05-01,10.729999542236328,10.850000381469727,10.510000228881836,10.510000228881836,858100,0,0
2012-05-02,10.40999984741211,10.520000457763672,10.300000190734863,10.5,291000,0,0
2012-05-03,10.510000228881836,10.520000457763672,10.180000305175781,10.260000228881836,256000,0,0
2012-05-04,10.170000076293945,10.1899995803833,9.960000038146973,10.050000190734863,436700,0,0
2012-05-07,9.979999542236328,10.170000076293945,9.850000381469727,10.050000190734863,241000,0,0
2012-05-08,9.899999618530273,10.010000228881836,9.710000038146973,9.979999542236328,580900,0,0
2012-05-09,9.819999694824219,10.039999961853027,9.789999961853027,10.029999732971191,806700,0,0
2012-05-10,10.130000114440918,10.59000015258789,10.109999656677246,10.529999732971191,670400,0,0
2012-05-11,10.399999618530273,10.640000343322754,10.350000381469727,10.380000114440918,1079100,0,0
2012-05-14,10.220000267028809,10.670000076293945,9.9399995803833,10.399999618530273,642900,0,0
2012-05-15,10.380000114440918,10.510000228881836,10.270000457763672,10.380000114440918,270000,0,0
2012-05-16,10.449999809265137,10.510000228881836,10.260000228881836,10.350000381469727,247900,0,0
2012-05-17,10.369999885559082,10.40999984741211,9.949999809265137,9.970000267028809,378200,0,0
2012-05-18,9.949999809265137,10.039999961853027,9.619999885559082,9.649999618530273,414100,0,0
2012-05-21,9.6899995803833,10.140000343322754,9.510000228881836,10.119999885559082,350600,0,0
2012-05-22,10.130000114440918,10.270000457763672,10.020000457763672,10.149999618530273,316600,0,0
2012-05-23,10.069999694824219,10.199999809265137,9.880000114440918,10.170000076293945,277000,0,0
2012-05-24,10.180000305175781,10.319999694824219,9.899999618530273,10.020000457763672,292600,0,0
2012-05-25,10.0,10.149999618530273,9.930000305175781,10.010000228881836,353100,0,0
2012-05-29,10.149999618530273,10.270000457763672,9.8100004196167,10.020000457763672,859600,0,0
2012-05-30,9.899999618530273,9.989999771118164,9.59000015258789,9.779999732971191,1499100,0,0
2012-05-31,9.84000015258789,9.989999771118164,9.699999809265137,9.829999923706055,617100,0,0
2012-06-01,9.630000114440918,9.699999809265137,9.420000076293945,9.5,715900,0,0
2012-06-04,9.5,9.600000381469727,9.319999694824219,9.5600004196167,510600,0,0
2012-06-05,9.569999694824219,9.720000267028809,9.470000267028809,9.5600004196167,527400,0,0
2012-06-06,9.6899995803833,9.890000343322754,9.609999656677246,9.850000381469727,304500,0,0
2012-06-07,10.020000457763672,10.229999542236328,9.970000267028809,9.989999771118164,457500,0,0
2012-06-08,9.9399995803833,10.140000343322754,9.899999618530273,10.109999656677246,230300,0,0
2012-06-11,10.220000267028809,10.390000343322754,9.800000190734863,9.8100004196167,521200,0,0
2012-06-12,9.8100004196167,9.880000114440918,9.399999618530273,9.5,696900,0,0
2012-06-13,9.470000267028809,9.609999656677246,9.300000190734863,9.449999809265137,433900,0,0
2012-06-14,9.479999542236328,9.619999885559082,9.40999984741211,9.539999961853027,289900,0,0
2012-06-15,9.550000190734863,9.619999885559082,9.479999542236328,9.529999732971191,384500,0,0
2012-06-18,9.460000038146973,9.550000190734863,9.270000457763672,9.329999923706055,592000,0,0
2012-06-19,9.40999984741211,9.649999618530273,9.390000343322754,9.619999885559082,691700,0,0
2012-06-20,9.640000343322754,9.890000343322754,9.600000381469727,9.75,397000,0,0
2012-06-21,9.779999732971191,9.779999732971191,9.130000114440918,9.210000038146973,490700,0,0
2012-06-22,9.289999961853027,9.4399995803833,9.239999771118164,9.420000076293945,678800,0,0
2012-06-25,9.220000267028809,9.319999694824219,9.079999923706055,9.25,238400,0,0
2012-06-26,9.270000457763672,9.279999732971191,9.069999694824219,9.1899995803833,295100,0,0
2012-06-27,9.239999771118164,9.430000305175781,9.220000267028809,9.319999694824219,295100,0,0
2012-06-28,9.199999809265137,9.34000015258789,8.869999885559082,9.029999732971191,602100,0,0
2012-06-29,9.300000190734863,9.479999542236328,9.279999732971191,9.390000343322754,346000,0,0
2012-07-02,9.470000267028809,9.5,9.239999771118164,9.4399995803833,384700,0,0
2012-07-03,9.430000305175781,9.720000267028809,9.430000305175781,9.649999618530273,149300,0,0
2012-07-05,9.609999656677246,9.770000457763672,9.449999809265137,9.59000015258789,369800,0,0
2012-07-06,9.449999809265137,9.5,9.199999809265137,9.270000457763672,333000,0,0
2012-07-09,9.220000267028809,9.270000457763672,8.899999618530273,8.949999809265137,364200,0,0
2012-07-10,9.020000457763672,9.079999923706055,8.520000457763672,8.59000015258789,675500,0,0
2012-07-11,8.65999984741211,8.779999732971191,8.600000381469727,8.680000305175781,463400,0,0
2012-07-12,8.609999656677246,8.90999984741211,8.5,8.779999732971191,381600,0,0
2012-07-13,8.819999694824219,8.979999542236328,8.789999961853027,8.90999984741211,149200,0,0
2012-07-16,8.829999923706055,8.859999656677246,8.600000381469727,8.65999984741211,162100,0,0
2012-07-17,8.720000267028809,8.720000267028809,8.40999984741211,8.569999694824219,283900,0,0
2012-07-18,8.550000190734863,8.779999732971191,8.470000267028809,8.699999809265137,221400,0,0
2012-07-19,8.729999542236328,8.829999923706055,8.579999923706055,8.710000038146973,169300,0,0
2012-07-20,8.59000015258789,8.59000015258789,8.380000114440918,8.539999961853027,326600,0,0
2012-07-23,8.34000015258789,8.59000015258789,8.239999771118164,8.510000228881836,331600,0,0
2012-07-24,8.5600004196167,8.5600004196167,8.229999542236328,8.229999542236328,662900,0,0
2012-07-25,8.319999694824219,8.319999694824219,6.949999809265137,7.190000057220459,3693200,0,0
2012-07-26,7.309999942779541,7.349999904632568,7.03000020980835,7.099999904632568,1696300,0,0
2012-07-27,7.139999866485596,7.920000076293945,7.130000114440918,7.800000190734863,1016800,0,0
2012-07-30,7.800000190734863,7.880000114440918,7.46999979019165,7.480000019073486,985100,0,0
2012-07-31,7.46999979019165,7.590000152587891,7.460000038146973,7.539999961853027,480200,0,0
2012-08-01,7.539999961853027,7.730000019073486,7.440000057220459,7.440000057220459,544400,0,0
2012-08-02,8.15999984741211,8.40999984741211,7.460000038146973,7.579999923706055,2184700,0,0
2012-08-03,7.699999809265137,8.029999732971191,7.650000095367432,7.909999847412109,6550200,0,0
2012-08-06,7.949999809265137,8.180000305175781,7.940000057220459,8.029999732971191,818900,0,0
2012-08-07,8.109999656677246,8.270000457763672,7.989999771118164,8.1899995803833,653200,0,0
2012-08-08,8.15999984741211,8.220000267028809,8.039999961853027,8.170000076293945,485300,0,0
2012-08-09,8.149999618530273,8.279999732971191,8.100000381469727,8.229999542236328,226700,0,0
2012-08-10,8.180000305175781,8.390000343322754,8.15999984741211,8.319999694824219,318000,0,0
2012-08-13,8.3100004196167,8.3100004196167,8.149999618530273,8.25,273700,0,0
2012-08-14,8.279999732971191,8.3100004196167,7.989999771118164,8.029999732971191,348500,0,0
2012-08-15,8.149999618530273,8.260000228881836,8.0,8.199999809265137,566000,0,0
2012-08-16,8.199999809265137,8.260000228881836,8.050000190734863,8.239999771118164,379400,0,0
2012-08-17,8.229999542236328,8.300000190734863,8.15999984741211,8.180000305175781,624500,0,0
2012-08-20,8.140000343322754,8.170000076293945,8.039999961853027,8.079999923706055,420200,0,0
2012-08-21,8.09000015258789,8.119999885559082,7.880000114440918,7.900000095367432,1297100,0,0
2012-08-22,7.909999847412109,8.069999694824219,7.869999885559082,8.0,761300,0,0
2012-08-23,7.980000019073486,8.130000114440918,7.909999847412109,8.09000015258789,304300,0,0
2012-08-24,8.029999732971191,8.229999542236328,8.010000228881836,8.109999656677246,147800,0,0
2012-08-27,8.149999618530273,8.149999618530273,7.940000057220459,7.96999979019165,302000,0,0
2012-08-28,7.980000019073486,8.069999694824219,7.929999828338623,8.0,350800,0,0
2012-08-29,8.069999694824219,8.069999694824219,7.889999866485596,7.980000019073486,311700,0,0
2012-08-30,7.949999809265137,8.020000457763672,7.860000133514404,7.909999847412109,802900,0,0
2012-08-31,7.96999979019165,8.029999732971191,7.829999923706055,7.980000019073486,388700,0,0
2012-09-04,7.900000095367432,8.0,7.659999847412109,7.829999923706055,670000,0,0
2012-09-05,7.809999942779541,8.050000190734863,7.599999904632568,7.670000076293945,1575200,0,0
2012-09-06,7.769999980926514,8.15999984741211,7.71999979019165,8.0,984500,0,0
2012-09-07,7.909999847412109,8.079999923706055,7.909999847412109,7.989999771118164,523300,0,0
2012-09-10,8.0,8.319999694824219,7.96999979019165,8.130000114440918,511900,0,0
2012-09-11,8.140000343322754,8.399999618530273,8.069999694824219,8.390000343322754,222400,0,0
2012-09-12,8.4399995803833,8.529999732971191,8.180000305175781,8.270000457763672,312000,0,0
2012-09-13,8.279999732971191,8.6899995803833,8.279999732971191,8.600000381469727,448900,0,0
2012-09-14,8.609999656677246,8.84000015258789,8.529999732971191,8.529999732971191,420200,0,0
2012-09-17,8.520000457763672,8.520000457763672,8.300000190734863,8.399999618530273,270200,0,0
2012-09-18,8.399999618530273,8.479999542236328,8.289999961853027,8.34000015258789,313400,0,0
2012-09-19,8.399999618530273,8.5600004196167,8.350000381469727,8.449999809265137,242300,0,0
2012-09-20,8.369999885559082,8.390000343322754,8.25,8.329999923706055,224400,0,0
2012-09-21,8.470000267028809,8.5600004196167,8.329999923706055,8.390000343322754,524700,0,0
2012-09-24,8.319999694824219,8.5,8.300000190734863,8.329999923706055,321900,0,0
2012-09-25,8.420000076293945,8.65999984741211,8.34000015258789,8.359999656677246,340700,0,0
2012-09-26,8.369999885559082,8.40999984741211,8.300000190734863,8.319999694824219,370100,0,0
2012-09-27,8.399999618530273,8.5600004196167,8.350000381469727,8.5,358200,0,0
2012-09-28,8.430000305175781,8.479999542236328,8.3100004196167,8.420000076293945,342200,0,0
2012-10-01,8.460000038146973,8.65999984741211,8.4399995803833,8.539999961853027,278500,0,0
2012-10-02,8.569999694824219,8.710000038146973,8.380000114440918,8.699999809265137,334100,0,0
2012-10-03,8.699999809265137,8.760000228881836,8.539999961853027,8.609999656677246,243700,0,0
2012-10-04,8.630000114440918,8.779999732971191,8.5,8.770000457763672,490200,0,0
2012-10-05,8.800000190734863,9.050000190734863,8.789999961853027,8.880000114440918,314200,0,0
2012-10-08,8.800000190734863,8.899999618530273,8.670000076293945,8.739999771118164,259500,0,0
2012-10-09,8.720000267028809,8.770000457763672,8.489999771118164,8.539999961853027,188200,0,0
2012-10-10,8.529999732971191,8.65999984741211,8.40999984741211,8.460000038146973,190000,0,0
2012-10-11,8.5600004196167,8.680000305175781,8.470000267028809,8.5600004196167,136500,0,0
2012-10-12,8.59000015258789,8.640000343322754,8.449999809265137,8.460000038146973,143900,0,0
2012-10-15,8.470000267028809,8.539999961853027,8.369999885559082,8.489999771118164,172600,0,0
2012-10-16,8.550000190734863,8.880000114440918,8.479999542236328,8.880000114440918,300500,0,0
2012-10-17,8.869999885559082,8.970000267028809,8.59000015258789,8.619999885559082,323500,0,0
2012-10-18,8.600000381469727,8.680000305175781,8.300000190734863,8.300000190734863,279800,0,0
2012-10-19,8.270000457763672,8.529999732971191,8.25,8.5,520900,0,0
2012-10-22,8.470000267028809,8.529999732971191,8.34000015258789,8.390000343322754,344800,0,0
2012-10-23,8.25,8.359999656677246,8.130000114440918,8.260000228881836,404800,0,0
2012-10-24,8.40999984741211,9.489999771118164,8.40999984741211,9.199999809265137,1406300,0,0
2012-10-25,9.300000190734863,9.300000190734863,8.59000015258789,8.890000343322754,617300,0,0
2012-10-26,8.90999984741211,8.949999809265137,8.640000343322754,8.789999961853027,367400,0,0
2012-10-31,8.819999694824219,8.930000305175781,8.720000267028809,8.829999923706055,293700,0,0
2012-11-01,8.84000015258789,9.020000457763672,8.720000267028809,8.949999809265137,344000,0,0
2012-11-02,9.020000457763672,9.020000457763672,8.6899995803833,8.770000457763672,603000,0,0
2012-11-05,8.789999961853027,8.789999961853027,8.489999771118164,8.699999809265137,736500,0,0
2012-11-06,8.75,8.84000015258789,8.520000457763672,8.760000228881836,360800,0,0
2012-11-07,8.619999885559082,8.729999542236328,8.460000038146973,8.489999771118164,686500,0,0
2012-11-08,8.5,8.680000305175781,8.420000076293945,8.4399995803833,336600,0,0
2012-11-09,8.380000114440918,8.520000457763672,8.260000228881836,8.40999984741211,332800,0,0
2012-11-12,8.420000076293945,8.5,8.170000076293945,8.329999923706055,226800,0,0
2012-11-13,8.25,8.319999694824219,8.0600004196167,8.260000228881836,225400,0,0
2012-11-14,8.289999961853027,8.369999885559082,8.0600004196167,8.239999771118164,553200,0,0
2012-11-15,8.220000267028809,8.270000457763672,8.069999694824219,8.199999809265137,225400,0,0
2012-11-16,8.180000305175781,8.350000381469727,7.889999866485596,8.109999656677246,340400,0,0
2012-11-19,8.229999542236328,8.420000076293945,8.140000343322754,8.40999984741211,234800,0,0
2012-11-20,8.40999984741211,8.40999984741211,8.199999809265137,8.319999694824219,443000,0,0
2012-11-21,8.319999694824219,8.489999771118164,8.260000228881836,8.479999542236328,355400,0,0
2012-11-23,8.529999732971191,8.5600004196167,8.390000343322754,8.5,182700,0,0
2012-11-26,8.489999771118164,8.619999885559082,8.399999618530273,8.579999923706055,764200,0,0
2012-11-27,8.579999923706055,8.680000305175781,8.359999656677246,8.449999809265137,846300,0,0
2012-11-28,8.40999984741211,8.640000343322754,8.369999885559082,8.59000015258789,631200,0,0
2012-11-29,8.680000305175781,8.8100004196167,8.609999656677246,8.680000305175781,734800,0,0
2012-11-30,8.710000038146973,8.710000038146973,8.479999542236328,8.600000381469727,406900,0,0
2012-12-03,8.649999618530273,8.699999809265137,8.380000114440918,8.59000015258789,511200,0,0
2012-12-04,8.600000381469727,8.619999885559082,8.4399995803833,8.5600004196167,376500,0,0
2012-12-05,8.569999694824219,8.640000343322754,8.470000267028809,8.489999771118164,413700,0,0
2012-12-06,8.479999542236328,8.569999694824219,8.300000190734863,8.4399995803833,311600,0,0
2012-12-07,8.470000267028809,8.520000457763672,8.279999732971191,8.420000076293945,495700,0,0
2012-12-10,8.430000305175781,8.550000190734863,8.390000343322754,8.479999542236328,233600,0,0
2012-12-11,8.550000190734863,8.670000076293945,8.470000267028809,8.529999732971191,320700,0,0
2012-12-12,8.529999732971191,8.539999961853027,8.4399995803833,8.489999771118164,356600,0,0
2012-12-13,8.460000038146973,8.510000228881836,8.350000381469727,8.489999771118164,288800,0,0
2012-12-14,8.5,8.550000190734863,8.420000076293945,8.479999542236328,212700,0,0
2012-12-17,8.5,8.630000114440918,8.390000343322754,8.609999656677246,291400,0,0
2012-12-18,8.65999984741211,9.220000267028809,8.550000190734863,9.149999618530273,788400,0,0
2012-12-19,9.130000114440918,9.229999542236328,8.949999809265137,9.0600004196167,592100,0,0
2012-12-20,9.0600004196167,9.15999984741211,8.949999809265137,9.029999732971191,180600,0,0
2012-12-21,8.930000305175781,9.029999732971191,8.789999961853027,8.90999984741211,1155200,0,0
2012-12-24,8.930000305175781,9.1899995803833,8.6899995803833,9.010000228881836,258700,0,0
2012-12-26,9.010000228881836,9.199999809265137,8.920000076293945,8.989999771118164,275000,0,0
2012-12-27,8.979999542236328,9.069999694824219,8.819999694824219,8.949999809265137,348300,0,0
2012-12-28,8.869999885559082,9.09000015258789,8.800000190734863,8.890000343322754,291500,0,0
2012-12-31,8.890000343322754,9.220000267028809,8.84000015258789,9.180000305175781,268500,0,0
2013-01-02,9.380000114440918,9.550000190734863,9.119999885559082,9.170000076293945,636800,0,0
2013-01-03,9.210000038146973,9.649999618530273,9.1899995803833,9.359999656677246,276400,0,0
2013-01-04,9.40999984741211,9.569999694824219,9.289999961853027,9.520000457763672,234700,0,0
2013-01-07,9.4399995803833,9.470000267028809,9.220000267028809,9.319999694824219,203300,0,0
2013-01-08,9.329999923706055,9.460000038146973,9.210000038146973,9.319999694824219,279600,0,0
2013-01-09,9.369999885559082,9.430000305175781,9.199999809265137,9.260000228881836,233000,0,0
2013-01-10,9.329999923706055,9.5,9.199999809265137,9.470000267028809,243700,0,0
2013-01-11,9.5,9.720000267028809,9.350000381469727,9.520000457763672,245800,0,0
2013-01-14,9.5,9.670000076293945,9.470000267028809,9.5600004196167,247200,0,0
2013-01-15,9.460000038146973,9.609999656677246,9.390000343322754,9.520000457763672,158100,0,0
2013-01-16,9.470000267028809,9.5,9.350000381469727,9.399999618530273,204100,0,0
2013-01-17,9.430000305175781,9.539999961853027,9.380000114440918,9.479999542236328,243500,0,0
2013-01-18,9.470000267028809,9.5600004196167,9.359999656677246,9.399999618530273,177500,0,0
2013-01-22,9.420000076293945,9.539999961853027,9.359999656677246,9.520000457763672,233400,0,0
2013-01-23,9.489999771118164,9.65999984741211,9.489999771118164,9.550000190734863,187700,0,0
2013-01-24,9.539999961853027,9.9399995803833,9.489999771118164,9.850000381469727,316600,0,0
2013-01-25,9.899999618530273,9.989999771118164,9.630000114440918,9.770000457763672,325400,0,0
2013-01-28,9.760000228881836,9.960000038146973,9.680000305175781,9.819999694824219,221200,0,0
2013-01-29,9.819999694824219,9.890000343322754,9.619999885559082,9.770000457763672,367800,0,0
2013-01-30,9.760000228881836,10.229999542236328,9.40999984741211,9.600000381469727,521000,0,0
2013-01-31,9.489999771118164,9.510000228881836,9.069999694824219,9.40999984741211,494800,0,0
2013-02-01,9.460000038146973,9.619999885559082,9.399999618530273,9.569999694824219,208800,0,0
2013-02-04,9.470000267028809,9.579999923706055,9.319999694824219,9.34000015258789,359500,0,0
2013-02-05,9.390000343322754,9.520000457763672,9.260000228881836,9.4399995803833,203000,0,0
2013-02-06,9.369999885559082,9.520000457763672,9.260000228881836,9.520000457763672,175300,0,0
2013-02-07,9.510000228881836,9.600000381469727,9.289999961853027,9.569999694824219,429400,0,0
2013-02-08,9.5600004196167,9.699999809265137,9.399999618530273,9.6899995803833,425500,0,0
2013-02-11,9.640000343322754,9.729999542236328,9.569999694824219,9.619999885559082,165800,0,0
2013-02-12,9.600000381469727,9.739999771118164,9.5600004196167,9.609999656677246,137900,0,0
2013-02-13,9.630000114440918,9.739999771118164,9.579999923706055,9.600000381469727,246600,0,0
2013-02-14,9.550000190734863,9.720000267028809,9.539999961853027,9.710000038146973,157700,0,0
2013-02-15,9.779999732971191,9.8100004196167,9.670000076293945,9.770000457763672,205700,0,0
2013-02-19,9.760000228881836,10.0,9.739999771118164,9.970000267028809,230100,0,0
2013-02-20,9.970000267028809,10.0,9.8100004196167,9.819999694824219,237800,0,0
2013-02-21,9.779999732971191,9.800000190734863,9.520000457763672,9.539999961853027,195500,0,0
2013-02-22,9.609999656677246,9.65999984741211,9.5,9.640000343322754,138200,0,0
2013-02-25,9.6899995803833,9.760000228881836,9.579999923706055,9.630000114440918,285000,0,0
2013-02-26,9.680000305175781,9.699999809265137,9.5,9.600000381469727,234000,0,0
2013-02-27,9.579999923706055,9.729999542236328,9.520000457763672,9.5600004196167,156700,0,0
2013-02-28,9.539999961853027,9.850000381469727,9.479999542236328,9.640000343322754,210000,0,0
2013-03-01,9.510000228881836,9.5600004196167,9.380000114440918,9.470000267028809,173200,0,0
2013-03-04,9.420000076293945,9.5,9.220000267028809,9.489999771118164,207400,0,0
2013-03-05,9.550000190734863,9.680000305175781,9.5,9.59000015258789,184700,0,0
2013-03-06,9.59000015258789,9.619999885559082,9.520000457763672,9.550000190734863,87500,0,0
2013-03-07,9.539999961853027,9.609999656677246,9.449999809265137,9.449999809265137,276900,0,0
2013-03-08,9.550000190734863,9.65999984741211,9.449999809265137,9.449999809265137,407300,0,0
2013-03-11,9.449999809265137,9.550000190734863,9.4399995803833,9.489999771118164,187400,0,0
2013-03-12,9.5,9.510000228881836,9.350000381469727,9.489999771118164,181200,0,0
2013-03-13,9.520000457763672,9.65999984741211,9.399999618530273,9.640000343322754,609800,0,0
2013-03-14,9.6899995803833,10.039999961853027,9.65999984741211,9.970000267028809,448000,0,0
2013-03-15,9.979999542236328,10.069999694824219,9.930000305175781,10.010000228881836,897300,0,0
2013-03-18,9.90999984741211,10.180000305175781,9.859999656677246,10.029999732971191,731700,0,0
2013-03-19,10.079999923706055,10.079999923706055,9.9399995803833,10.039999961853027,562900,0,0
2013-03-20,10.109999656677246,10.25,10.100000381469727,10.109999656677246,268000,0,0
2013-03-21,10.039999961853027,10.220000267028809,9.979999542236328,10.180000305175781,249000,0,0
2013-03-22,10.199999809265137,10.300000190734863,10.149999618530273,10.220000267028809,235800,0,0
2013-03-25,10.25,10.430000305175781,10.199999809265137,10.25,135700,0,0
2013-03-26,10.3100004196167,10.380000114440918,10.079999923706055,10.170000076293945,148600,0,0
2013-03-27,10.100000381469727,10.34000015258789,10.069999694824219,10.149999618530273,124800,0,0
2013-03-28,10.180000305175781,10.180000305175781,10.0,10.130000114440918,207600,0,0
2013-04-01,10.109999656677246,10.119999885559082,9.789999961853027,9.859999656677246,245900,0,0
2013-04-02,9.960000038146973,10.039999961853027,9.680000305175781,9.680000305175781,152700,0,0
2013-04-03,9.739999771118164,9.779999732971191,9.430000305175781,9.430000305175781,173900,0,0
2013-04-04,9.460000038146973,9.529999732971191,9.34000015258789,9.4399995803833,142700,0,0
2013-04-05,9.270000457763672,9.420000076293945,9.239999771118164,9.34000015258789,173300,0,0
2013-04-08,9.390000343322754,9.40999984741211,9.220000267028809,9.369999885559082,213400,0,0
2013-04-09,9.359999656677246,9.5,9.319999694824219,9.390000343322754,158800,0,0
2013-04-10,9.199999809265137,9.520000457763672,9.079999923706055,9.479999542236328,317100,0,0
2013-04-11,9.430000305175781,9.489999771118164,9.34000015258789,9.369999885559082,200000,0,0
2013-04-12,9.34000015258789,9.449999809265137,9.25,9.380000114440918,177300,0,0
2013-04-15,9.289999961853027,9.359999656677246,9.109999656677246,9.119999885559082,315000,0,0
2013-04-16,9.199999809265137,9.279999732971191,9.130000114440918,9.199999809265137,148600,0,0
2013-04-17,9.09000015258789,9.229999542236328,8.979999542236328,9.140000343322754,400100,0,0
2013-04-18,9.180000305175781,9.270000457763672,9.010000228881836,9.050000190734863,191300,0,0
2013-04-19,9.0600004196167,9.270000457763672,9.039999961853027,9.1899995803833,141600,0,0
2013-04-22,9.229999542236328,9.229999542236328,8.859999656677246,9.09000015258789,300400,0,0
2013-04-23,8.6899995803833,9.170000076293945,8.569999694824219,9.15999984741211,585000,0,0
2013-04-24,8.420000076293945,8.970000267028809,8.420000076293945,8.59000015258789,566200,0,0
2013-04-25,8.59000015258789,8.710000038146973,8.479999542236328,8.600000381469727,399800,0,0
2013-04-26,8.569999694824219,8.699999809265137,8.479999542236328,8.609999656677246,226200,0,0
2013-04-29,8.630000114440918,8.6899995803833,8.489999771118164,8.489999771118164,350900,0,0
2013-04-30,8.5,8.550000190734863,8.420000076293945,8.4399995803833,375800,0,0
2013-05-01,8.390000343322754,8.470000267028809,8.25,8.34000015258789,768600,0,0
2013-05-02,8.350000381469727,8.449999809265137,8.3100004196167,8.380000114440918,468400,0,0
2013-05-03,8.380000114440918,8.710000038146973,8.380000114440918,8.59000015258789,335600,0,0
2013-05-06,8.569999694824219,8.6899995803833,8.489999771118164,8.600000381469727,203000,0,0
2013-05-07,8.640000343322754,8.739999771118164,8.5600004196167,8.619999885559082,257600,0,0
2013-05-08,8.640000343322754,8.819999694824219,8.569999694824219,8.800000190734863,250000,0,0
2013-05-09,8.789999961853027,8.819999694824219,8.59000015258789,8.729999542236328,196100,0,0
2013-05-10,8.75,8.869999885559082,8.680000305175781,8.829999923706055,123200,0,0
2013-05-13,8.779999732971191,8.850000381469727,8.720000267028809,8.739999771118164,124800,0,0
2013-05-14,8.729999542236328,8.949999809265137,8.729999542236328,8.789999961853027,317100,0,0
2013-05-15,8.789999961853027,8.9399995803833,8.770000457763672,8.8100004196167,195800,0,0
2013-05-16,8.75,8.9399995803833,8.710000038146973,8.729999542236328,220600,0,0
2013-05-17,8.770000457763672,8.880000114440918,8.710000038146973,8.850000381469727,385200,0,0
2013-05-20,8.8100004196167,8.90999984741211,8.729999542236328,8.8100004196167,233800,0,0
2013-05-21,8.8100004196167,9.5,8.800000190734863,9.1899995803833,753500,0,0
2013-05-22,9.680000305175781,9.770000457763672,9.130000114440918,9.1899995803833,798400,0,0
2013-05-23,9.069999694824219,9.239999771118164,9.020000457763672,9.140000343322754,373100,0,0
2013-05-24,9.069999694824219,9.149999618530273,8.970000267028809,9.020000457763672,441600,0,0
2013-05-28,9.109999656677246,9.270000457763672,9.029999732971191,9.09000015258789,365400,0,0
2013-05-29,9.029999732971191,9.069999694824219,8.970000267028809,9.029999732971191,139700,0,0
2013-05-30,9.039999961853027,9.109999656677246,8.970000267028809,9.109999656677246,167600,0,0
2013-05-31,9.069999694824219,9.119999885559082,9.0,9.020000457763672,242500,0,0
2013-06-03,9.050000190734863,9.1899995803833,8.989999771118164,9.15999984741211,438000,0,0
2013-06-04,9.1899995803833,9.25,9.050000190734863,9.109999656677246,227800,0,0
2013-06-05,9.15999984741211,9.260000228881836,9.079999923706055,9.079999923706055,253000,0,0
2013-06-06,9.109999656677246,9.199999809265137,9.100000381469727,9.199999809265137,250100,0,0
2013-06-07,9.220000267028809,9.25,9.130000114440918,9.180000305175781,240100,0,0
2013-06-10,9.180000305175781,9.300000190734863,9.180000305175781,9.300000190734863,190400,0,0
2013-06-11,9.229999542236328,9.3100004196167,9.109999656677246,9.119999885559082,254100,0,0
2013-06-12,9.15999984741211,9.199999809265137,9.0,9.0600004196167,205200,0,0
2013-06-13,9.09000015258789,9.300000190734863,9.0600004196167,9.270000457763672,221100,0,0
2013-06-14,9.279999732971191,9.399999618530273,9.210000038146973,9.25,255900,0,0
2013-06-17,9.3100004196167,9.319999694824219,9.050000190734863,9.170000076293945,261000,0,0
2013-06-18,9.1899995803833,9.289999961853027,9.1899995803833,9.25,198100,0,0
2013-06-19,9.260000228881836,9.319999694824219,9.170000076293945,9.170000076293945,168500,0,0
2013-06-20,9.0600004196167,9.119999885559082,8.920000076293945,8.989999771118164,242600,0,0
2013-06-21,8.989999771118164,9.119999885559082,8.869999885559082,8.930000305175781,537200,0,0
2013-06-24,8.84000015258789,8.9399995803833,8.600000381469727,8.729999542236328,303000,0,0
2013-06-25,8.789999961853027,8.829999923706055,8.710000038146973,8.770000457763672,243400,0,0
2013-06-26,8.84000015258789,8.920000076293945,8.770000457763672,8.8100004196167,217800,0,0
2013-06-27,8.880000114440918,9.170000076293945,8.859999656677246,9.119999885559082,272500,0,0
2013-06-28,9.079999923706055,9.289999961853027,9.029999732971191,9.210000038146973,456100,0,0
2013-07-01,9.279999732971191,9.279999732971191,9.050000190734863,9.130000114440918,391400,0,0
2013-07-02,9.100000381469727,9.229999542236328,9.069999694824219,9.170000076293945,323200,0,0
2013-07-03,9.109999656677246,9.4399995803833,9.109999656677246,9.260000228881836,170700,0,0
2013-07-05,9.369999885559082,9.430000305175781,9.25,9.369999885559082,151300,0,0
2013-07-08,9.359999656677246,9.470000267028809,9.3100004196167,9.40999984741211,249400,0,0
2013-07-09,9.5,9.59000015258789,9.390000343322754,9.449999809265137,267300,0,0
2013-07-10,9.430000305175781,9.5600004196167,9.430000305175781,9.479999542236328,207400,0,0
2013-07-11,9.579999923706055,9.630000114440918,9.5,9.569999694824219,207600,0,0
2013-07-12,9.539999961853027,9.75,9.479999542236328,9.720000267028809,200800,0,0
2013-07-15,9.739999771118164,9.800000190734863,9.5600004196167,9.579999923706055,189800,0,0
2013-07-16,9.5600004196167,9.609999656677246,9.510000228881836,9.5600004196167,152800,0,0
2013-07-17,9.600000381469727,9.6899995803833,9.550000190734863,9.65999984741211,149700,0,0
2013-07-18,9.65999984741211,9.84000015258789,9.649999618530273,9.6899995803833,126100,0,0
2013-07-19,9.649999618530273,9.770000457763672,9.619999885559082,9.729999542236328,190500,0,0
2013-07-22,9.729999542236328,9.829999923706055,9.680000305175781,9.739999771118164,154200,0,0
2013-07-23,9.789999961853027,9.859999656677246,9.710000038146973,9.850000381469727,221500,0,0
2013-07-24,8.829999923706055,9.739999771118164,8.829999923706055,9.270000457763672,537200,0,0
2013-07-25,9.229999542236328,9.229999542236328,8.819999694824219,8.899999618530273,350900,0,0
2013-07-26,8.890000343322754,8.890000343322754,8.609999656677246,8.859999656677246,231800,0,0
2013-07-29,8.859999656677246,8.859999656677246,8.510000228881836,8.520000457763672,310600,0,0
2013-07-30,8.5600004196167,8.600000381469727,8.430000305175781,8.529999732971191,304700,0,0
2013-07-31,8.579999923706055,8.6899995803833,8.5,8.670000076293945,178300,0,0
2013-08-01,8.739999771118164,8.859999656677246,8.739999771118164,8.84000015258789,222100,0,0
2013-08-02,8.84000015258789,8.850000381469727,8.6899995803833,8.829999923706055,196400,0,0
2013-08-05,8.819999694824219,8.880000114440918,8.680000305175781,8.850000381469727,212200,0,0
2013-08-06,8.850000381469727,8.850000381469727,8.649999618530273,8.670000076293945,506400,0,0
2013-08-07,8.6899995803833,8.6899995803833,8.59000015258789,8.649999618530273,113100,0,0
2013-08-08,8.699999809265137,8.760000228881836,8.640000343322754,8.729999542236328,202700,0,0
2013-08-09,8.739999771118164,8.789999961853027,8.630000114440918,8.65999984741211,107100,0,0
2013-08-12,8.609999656677246,8.770000457763672,8.609999656677246,8.75,107500,0,0
2013-08-13,8.75,8.869999885559082,8.65999984741211,8.819999694824219,132800,0,0
2013-08-14,8.800000190734863,8.859999656677246,8.739999771118164,8.760000228881836,173200,0,0
2013-08-15,8.680000305175781,8.699999809265137,8.529999732971191,8.619999885559082,251100,0,0
2013-08-16,8.5600004196167,8.640000343322754,8.5,8.520000457763672,280400,0,0
2013-08-19,8.520000457763672,8.649999618530273,8.489999771118164,8.609999656677246,187500,0,0
2013-08-20,8.600000381469727,8.609999656677246,8.529999732971191,8.59000015258789,160600,0,0
2013-08-21,8.579999923706055,8.600000381469727,8.489999771118164,8.489999771118164,67800,0,0
2013-08-22,8.489999771118164,8.609999656677246,8.40999984741211,8.59000015258789,76400,0,0
2013-08-23,8.619999885559082,8.680000305175781,8.569999694824219,8.640000343322754,106100,0,0
2013-08-26,8.670000076293945,8.670000076293945,8.550000190734863,8.569999694824219,101000,0,0
2013-08-27,8.479999542236328,8.510000228881836,8.420000076293945,8.4399995803833,141900,0,0
2013-08-28,8.460000038146973,8.470000267028809,8.350000381469727,8.4399995803833,94200,0,0
2013-08-29,8.449999809265137,8.5600004196167,8.430000305175781,8.510000228881836,61300,0,0
2013-08-30,8.479999542236328,8.479999542236328,8.3100004196167,8.329999923706055,143400,0,0
2013-09-03,8.470000267028809,8.5,8.239999771118164,8.3100004196167,221100,0,0
2013-09-04,8.34000015258789,8.510000228881836,8.3100004196167,8.470000267028809,208300,0,0
2013-09-05,8.510000228881836,8.630000114440918,8.430000305175781,8.4399995803833,132300,0,0
2013-09-06,8.489999771118164,8.489999771118164,8.149999618530273,8.220000267028809,335900,0,0
2013-09-09,8.220000267028809,8.569999694824219,8.220000267028809,8.569999694824219,186200,0,0
2013-09-10,8.600000381469727,8.609999656677246,8.420000076293945,8.460000038146973,222400,0,0
2013-09-11,8.460000038146973,8.569999694824219,8.40999984741211,8.520000457763672,418700,0,0
2013-09-12,8.510000228881836,8.779999732971191,8.5,8.670000076293945,548200,0,0
2013-09-13,8.710000038146973,8.710000038146973,8.510000228881836,8.569999694824219,229400,0,0
2013-09-16,8.649999618530273,8.649999618530273,8.34000015258789,8.399999618530273,450900,0,0
2013-09-17,8.399999618530273,8.569999694824219,8.369999885559082,8.479999542236328,251400,0,0
2013-09-18,8.5,8.609999656677246,8.329999923706055,8.4399995803833,265200,0,0
2013-09-19,8.510000228881836,8.630000114440918,8.40999984741211,8.4399995803833,221400,0,0
2013-09-20,8.479999542236328,8.479999542236328,8.289999961853027,8.3100004196167,1062200,0,0
2013-09-23,8.300000190734863,8.520000457763672,8.229999542236328,8.460000038146973,271100,0,0
2013-09-24,8.4399995803833,8.640000343322754,8.350000381469727,8.520000457763672,208600,0,0
2013-09-25,8.550000190734863,8.600000381469727,8.399999618530273,8.460000038146973,151700,0,0
2013-09-26,8.489999771118164,8.529999732971191,8.390000343322754,8.470000267028809,134500,0,0
2013-09-27,8.5,8.619999885559082,8.399999618530273,8.579999923706055,242200,0,0
2013-09-30,8.550000190734863,8.59000015258789,8.420000076293945,8.510000228881836,336400,0,0
2013-10-01,8.5,8.649999618530273,8.5,8.579999923706055,271100,0,0
2013-10-02,8.550000190734863,8.600000381469727,8.449999809265137,8.5,457600,0,0
2013-10-03,8.5,8.5,8.319999694824219,8.319999694824219,411100,0,0
2013-10-04,8.350000381469727,8.510000228881836,8.300000190734863,8.5,483600,0,0
2013-10-07,8.470000267028809,8.630000114440918,8.40999984741211,8.510000228881836,295800,0,0
2013-10-08,8.510000228881836,8.569999694824219,8.119999885559082,8.130000114440918,476200,0,0
2013-10-09,8.130000114440918,8.399999618530273,8.130000114440918,8.3100004196167,574200,0,0
2013-10-10,8.399999618530273,8.479999542236328,8.300000190734863,8.319999694824219,450700,0,0
2013-10-11,8.289999961853027,8.550000190734863,8.260000228881836,8.539999961853027,237500,0,0
2013-10-14,8.489999771118164,8.760000228881836,8.40999984741211,8.699999809265137,343100,0,0
2013-10-15,8.699999809265137,8.75,8.520000457763672,8.600000381469727,414000,0,0
2013-10-16,8.649999618530273,8.760000228881836,8.600000381469727,8.75,387300,0,0
2013-10-17,8.729999542236328,8.729999542236328,8.609999656677246,8.670000076293945,295900,0,0
2013-10-18,8.729999542236328,8.729999542236328,8.529999732971191,8.609999656677246,309900,0,0
2013-10-21,8.609999656677246,8.760000228881836,8.609999656677246,8.6899995803833,398400,0,0
2013-10-22,8.729999542236328,8.75,8.59000015258789,8.6899995803833,404000,0,0
2013-10-23,8.699999809265137,8.760000228881836,8.680000305175781,8.710000038146973,551700,0,0
2013-10-24,8.720000267028809,8.819999694824219,8.699999809265137,8.729999542236328,521500,0,0
2013-10-25,8.75,8.760000228881836,8.65999984741211,8.729999542236328,356600,0,0
2013-10-28,8.729999542236328,8.760000228881836,8.529999732971191,8.710000038146973,703400,0,0
2013-10-29,8.569999694824219,8.569999694824219,7.170000076293945,7.519999980926514,1728300,0,0
2013-10-30,7.489999771118164,7.559999942779541,7.369999885559082,7.510000228881836,724800,0,0
2013-10-31,7.489999771118164,7.489999771118164,7.309999942779541,7.380000114440918,800300,0,0
2013-11-01,7.360000133514404,7.449999809265137,7.309999942779541,7.409999847412109,723900,0,0
2013-11-04,7.449999809265137,7.599999904632568,7.360000133514404,7.579999923706055,418100,0,0
2013-11-05,7.53000020980835,7.53000020980835,7.400000095367432,7.429999828338623,228400,0,0
2013-11-06,7.440000057220459,7.610000133514404,7.409999847412109,7.489999771118164,292700,0,0
2013-11-07,7.519999980926514,7.550000190734863,7.349999904632568,7.46999979019165,310800,0,0
2013-11-08,7.460000038146973,7.630000114440918,7.369999885559082,7.5,407400,0,0
2013-11-11,7.480000019073486,7.650000095367432,7.429999828338623,7.5,2444600,0,0
2013-11-12,7.5,7.579999923706055,7.449999809265137,7.579999923706055,1014700,0,0
2013-11-13,7.559999942779541,7.619999885559082,7.449999809265137,7.550000190734863,1523000,0,0
2013-11-14,7.550000190734863,7.71999979019165,7.5,7.679999828338623,651400,0,0
2013-11-15,7.710000038146973,7.730000019073486,7.46999979019165,7.489999771118164,464800,0,0
2013-11-18,7.519999980926514,7.550000190734863,7.380000114440918,7.380000114440918,359900,0,0
2013-11-19,7.400000095367432,7.420000076293945,7.190000057220459,7.239999771118164,488200,0,0
2013-11-20,7.239999771118164,7.25,7.039999961853027,7.119999885559082,526200,0,0
2013-11-21,7.130000114440918,7.170000076293945,7.059999942779541,7.079999923706055,500900,0,0
2013-11-22,7.099999904632568,7.159999847412109,7.019999980926514,7.150000095367432,1023200,0,0
2013-11-25,7.170000076293945,7.199999809265137,7.099999904632568,7.119999885559082,426000,0,0
2013-11-26,7.119999885559082,7.150000095367432,7.079999923706055,7.119999885559082,309000,0,0
2013-11-27,7.119999885559082,7.170000076293945,7.079999923706055,7.159999847412109,347400,0,0
2013-11-29,7.210000038146973,7.349999904632568,7.210000038146973,7.28000020980835,176800,0,0
2013-12-02,7.269999980926514,7.289999961853027,7.090000152587891,7.110000133514404,209700,0,0
2013-12-03,7.079999923706055,7.150000095367432,7.039999961853027,7.070000171661377,269100,0,0
2013-12-04,7.079999923706055,7.28000020980835,7.070000171661377,7.119999885559082,243900,0,0
2013-12-05,7.090000152587891,7.150000095367432,6.980000019073486,7.03000020980835,301700,0,0
2013-12-06,7.099999904632568,7.199999809265137,7.010000228881836,7.070000171661377,217200,0,0
2013-12-09,7.070000171661377,7.25,7.010000228881836,7.230000019073486,221200,0,0
2013-12-10,7.210000038146973,7.269999980926514,7.159999847412109,7.239999771118164,370200,0,0
2013-12-11,7.230000019073486,7.230000019073486,6.880000114440918,6.96999979019165,288200,0,0
2013-12-12,6.96999979019165,7.010000228881836,6.849999904632568,6.860000133514404,257700,0,0
2013-12-13,6.900000095367432,7.170000076293945,6.829999923706055,7.010000228881836,422600,0,0
2013-12-16,7.019999980926514,7.090000152587891,6.920000076293945,6.96999979019165,194100,0,0
2013-12-17,6.989999771118164,6.989999771118164,6.869999885559082,6.949999809265137,158400,0,0
2013-12-18,7.039999961853027,7.309999942779541,6.949999809265137,7.039999961853027,591400,0,0
2013-12-19,7.03000020980835,7.210000038146973,7.03000020980835,7.159999847412109,409300,0,0
2013-12-20,7.190000057220459,7.400000095367432,7.03000020980835,7.050000190734863,1393000,0,0
2013-12-23,7.059999942779541,7.260000228881836,7.059999942779541,7.210000038146973,608300,0,0
2013-12-24,7.25,7.320000171661377,7.159999847412109,7.21999979019165,632400,0,0
2013-12-26,7.269999980926514,7.460000038146973,7.25,7.349999904632568,285000,0,0
2013-12-27,7.380000114440918,7.400000095367432,7.320000171661377,7.380000114440918,314100,0,0
2013-12-30,7.409999847412109,7.429999828338623,7.260000228881836,7.320000171661377,507100,0,0
2013-12-31,7.320000171661377,7.369999885559082,7.190000057220459,7.25,733400,0,0
2014-01-02,7.260000228881836,7.349999904632568,7.190000057220459,7.300000190734863,310900,0,0
2014-01-03,7.340000152587891,7.389999866485596,7.260000228881836,7.340000152587891,558300,0,0
2014-01-06,7.400000095367432,7.429999828338623,7.300000190734863,7.340000152587891,1012900,0,0
2014-01-07,7.380000114440918,7.409999847412109,7.210000038146973,7.309999942779541,605900,0,0
2014-01-08,7.300000190734863,7.409999847412109,7.300000190734863,7.380000114440918,1590000,0,0
2014-01-09,7.409999847412109,7.420000076293945,7.300000190734863,7.320000171661377,684500,0,0
2014-01-10,7.300000190734863,7.400000095367432,7.300000190734863,7.389999866485596,395800,0,0
2014-01-13,7.349999904632568,7.380000114440918,7.300000190734863,7.320000171661377,381000,0,0
2014-01-14,7.320000171661377,7.570000171661377,7.300000190734863,7.510000228881836,969600,0,0
2014-01-15,7.519999980926514,7.550000190734863,7.420000076293945,7.449999809265137,347900,0,0
2014-01-16,7.449999809265137,7.619999885559082,7.409999847412109,7.429999828338623,342200,0,0
2014-01-17,7.440000057220459,7.5,7.329999923706055,7.389999866485596,219900,0,0
2014-01-21,7.449999809265137,7.519999980926514,7.400000095367432,7.480000019073486,333300,0,0
2014-01-22,7.510000228881836,7.639999866485596,7.460000038146973,7.559999942779541,319600,0,0
2014-01-23,7.510000228881836,7.550000190734863,7.429999828338623,7.46999979019165,223000,0,0
2014-01-24,7.449999809265137,7.5,7.300000190734863,7.300000190734863,351500,0,0
2014-01-27,7.309999942779541,7.329999923706055,6.960000038146973,7.050000190734863,578000,0,0
2014-01-28,7.079999923706055,7.179999828338623,6.940000057220459,7.130000114440918,608600,0,0
2014-01-29,7.090000152587891,7.139999866485596,6.960000038146973,7.0,281400,0,0
2014-01-30,7.050000190734863,7.170000076293945,6.989999771118164,7.079999923706055,320900,0,0
2014-01-31,6.989999771118164,7.099999904632568,6.920000076293945,7.0,369500,0,0
2014-02-03,7.010000228881836,7.050000190734863,6.690000057220459,6.690000057220459,570400,0,0
2014-02-04,6.800000190734863,7.320000171661377,6.5,7.159999847412109,1215700,0,0
2014-02-05,7.099999904632568,7.150000095367432,6.699999809265137,6.829999923706055,958400,0,0
2014-02-06,6.849999904632568,7.0,6.809999942779541,6.809999942779541,533200,0,0
2014-02-07,6.820000171661377,6.889999866485596,6.710000038146973,6.710000038146973,667900,0,0
2014-02-10,6.739999771118164,6.739999771118164,6.619999885559082,6.679999828338623,383200,0,0
2014-02-11,6.690000057220459,6.769999980926514,6.599999904632568,6.75,609500,0,0
2014-02-12,6.789999961853027,6.809999942779541,6.690000057220459,6.769999980926514,870600,0,0
2014-02-13,6.730000019073486,6.929999828338623,6.730000019073486,6.920000076293945,248200,0,0
2014-02-14,6.929999828338623,7.039999961853027,6.860000133514404,7.010000228881836,826900,0,0
2014-02-18,7.0,7.199999809265137,7.0,7.079999923706055,569700,0,0
2014-02-19,7.059999942779541,7.190000057220459,7.059999942779541,7.130000114440918,299800,0,0
2014-02-20,7.110000133514404,7.170000076293945,7.039999961853027,7.139999866485596,321200,0,0
2014-02-21,7.159999847412109,7.21999979019165,7.059999942779541,7.159999847412109,333200,0,0
2014-02-24,7.170000076293945,7.420000076293945,7.170000076293945,7.369999885559082,338900,0,0
2014-02-25,7.349999904632568,7.409999847412109,7.320000171661377,7.360000133514404,380200,0,0
2014-02-26,7.369999885559082,7.53000020980835,7.369999885559082,7.460000038146973,269000,0,0
2014-02-27,7.429999828338623,7.570000171661377,7.409999847412109,7.489999771118164,1070900,0,0
2014-02-28,7.510000228881836,7.550000190734863,7.329999923706055,7.360000133514404,212000,0,0
2014-03-03,7.260000228881836,7.289999961853027,7.019999980926514,7.130000114440918,407100,0,0
2014-03-04,7.179999828338623,7.289999961853027,7.159999847412109,7.210000038146973,408400,0,0
2014-03-05,7.210000038146973,7.260000228881836,7.119999885559082,7.239999771118164,246700,0,0
2014-03-06,7.239999771118164,7.400000095367432,7.230000019073486,7.320000171661377,267500,0,0
2014-03-07,7.389999866485596,7.389999866485596,7.21999979019165,7.25,403300,0,0
2014-03-10,7.199999809265137,7.260000228881836,7.099999904632568,7.139999866485596,313700,0,0
2014-03-11,7.139999866485596,7.179999828338623,7.050000190734863,7.090000152587891,260100,0,0
2014-03-12,7.03000020980835,7.070000171661377,6.96999979019165,7.059999942779541,210600,0,0
2014-03-13,7.050000190734863,7.119999885559082,6.96999979019165,7.0,265100,0,0
2014-03-14,6.949999809265137,7.03000020980835,6.929999828338623,7.010000228881836,189600,0,0
2014-03-17,7.03000020980835,7.079999923706055,6.920000076293945,7.019999980926514,223600,0,0
2014-03-18,7.010000228881836,7.28000020980835,7.010000228881836,7.239999771118164,280000,0,0
2014-03-19,7.25,7.309999942779541,7.150000095367432,7.199999809265137,255300,0,0
2014-03-20,7.199999809265137,7.349999904632568,7.170000076293945,7.300000190734863,244100,0,0
2014-03-21,7.360000133514404,7.570000171661377,7.360000133514404,7.5,655300,0,0
2014-03-24,7.510000228881836,7.590000152587891,7.289999961853027,7.340000152587891,309200,0,0
2014-03-25,7.360000133514404,7.420000076293945,7.199999809265137,7.25,253000,0,0
2014-03-26,7.260000228881836,7.300000190734863,7.03000020980835,7.050000190734863,270200,0,0
2014-03-27,7.079999923706055,7.21999979019165,7.019999980926514,7.110000133514404,188100,0,0
2014-03-28,7.110000133514404,7.360000133514404,7.110000133514404,7.179999828338623,159300,0,0
2014-03-31,7.199999809265137,7.46999979019165,7.199999809265137,7.460000038146973,305300,0,0
2014-04-01,7.460000038146973,7.610000133514404,7.429999828338623,7.519999980926514,350300,0,0
2014-04-02,7.510000228881836,7.53000020980835,7.449999809265137,7.5,228300,0,0
2014-04-03,7.480000019073486,7.480000019073486,7.230000019073486,7.289999961853027,294700,0,0
2014-04-04,7.349999904632568,7.349999904632568,7.050000190734863,7.110000133514404,333800,0,0
2014-04-07,7.070000171661377,7.099999904632568,6.880000114440918,7.019999980926514,729800,0,0
2014-04-08,7.0,7.230000019073486,7.0,7.190000057220459,324300,0,0
2014-04-09,7.230000019073486,7.25,7.099999904632568,7.210000038146973,217600,0,0
2014-04-10,7.190000057220459,7.190000057220459,6.989999771118164,7.0,305800,0,0
2014-04-11,6.949999809265137,7.0,6.860000133514404,6.960000038146973,390700,0,0
2014-04-14,7.010000228881836,7.079999923706055,6.949999809265137,7.019999980926514,251600,0,0
2014-04-15,7.019999980926514,7.070000171661377,6.929999828338623,7.050000190734863,349400,0,0
2014-04-16,7.099999904632568,7.150000095367432,7.019999980926514,7.090000152587891,121600,0,0
2014-04-17,7.079999923706055,7.199999809265137,7.059999942779541,7.150000095367432,131500,0,0
2014-04-21,7.210000038146973,7.28000020980835,7.139999866485596,7.25,214900,0,0
2014-04-22,7.28000020980835,7.400000095367432,7.260000228881836,7.329999923706055,198100,0,0
2014-04-23,7.340000152587891,7.46999979019165,7.210000038146973,7.340000152587891,512200,0,0
2014-04-24,7.360000133514404,7.360000133514404,7.110000133514404,7.110000133514404,207900,0,0
2014-04-25,7.050000190734863,7.099999904632568,6.949999809265137,6.960000038146973,279000,0,0
2014-04-28,6.949999809265137,7.059999942779541,6.909999847412109,6.989999771118164,317500,0,0
2014-04-29,7.050000190734863,7.099999904632568,6.929999828338623,7.03000020980835,309500,0,0
2014-04-30,6.940000057220459,7.650000095367432,6.900000095367432,7.650000095367432,723100,0,0
2014-05-01,7.5,7.5,7.199999809265137,7.260000228881836,628200,0,0
2014-05-02,7.25,7.369999885559082,7.25,7.289999961853027,290300,0,0
2014-05-05,7.210000038146973,7.210000038146973,6.949999809265137,7.0,410700,0,0
2014-05-06,6.949999809265137,7.010000228881836,6.880000114440918,6.949999809265137,406700,0,0
2014-05-07,6.949999809265137,7.010000228881836,6.909999847412109,6.960000038146973,359500,0,0
2014-05-08,6.920000076293945,7.099999904632568,6.900000095367432,6.949999809265137,343400,0,0
2014-05-09,6.909999847412109,7.059999942779541,6.880000114440918,7.019999980926514,229300,0,0
2014-05-12,7.010000228881836,7.369999885559082,7.010000228881836,7.360000133514404,323100,0,0
2014-05-13,7.360000133514404,7.360000133514404,7.239999771118164,7.239999771118164,172100,0,0
2014-05-14,7.199999809265137,7.21999979019165,6.989999771118164,6.989999771118164,152700,0,0
2014-05-15,6.920000076293945,6.980000019073486,6.840000152587891,6.949999809265137,339400,0,0
2014-05-16,6.929999828338623,6.980000019073486,6.869999885559082,6.980000019073486,217700,0,0
2014-05-19,6.929999828338623,7.099999904632568,6.929999828338623,7.019999980926514,143500,0,0
2014-05-20,6.989999771118164,7.0,6.869999885559082,6.920000076293945,256000,0,0
2014-05-21,6.929999828338623,7.050000190734863,6.900000095367432,6.960000038146973,154800,0,0
2014-05-22,6.949999809265137,7.03000020980835,6.909999847412109,6.980000019073486,188900,0,0
2014-05-23,6.989999771118164,7.03000020980835,6.909999847412109,7.0,213200,0,0
2014-05-27,7.059999942779541,7.230000019073486,7.050000190734863,7.119999885559082,197800,0,0
2014-05-28,7.090000152587891,7.090000152587891,6.980000019073486,7.039999961853027,204100,0,0
2014-05-29,7.03000020980835,7.070000171661377,6.949999809265137,7.039999961853027,192900,0,0
2014-05-30,7.010000228881836,7.059999942779541,6.960000038146973,7.059999942779541,211800,0,0
2014-06-02,7.059999942779541,7.090000152587891,6.889999866485596,6.940000057220459,221100,0,0
2014-06-03,6.880000114440918,6.920000076293945,6.800000190734863,6.860000133514404,272900,0,0
2014-06-04,6.800000190734863,6.849999904632568,6.730000019073486,6.820000171661377,201700,0,0
2014-06-05,6.789999961853027,6.980000019073486,6.789999961853027,6.96999979019165,190900,0,0
2014-06-06,7.050000190734863,7.150000095367432,6.940000057220459,7.059999942779541,205700,0,0
2014-06-09,7.039999961853027,7.199999809265137,7.03000020980835,7.119999885559082,114700,0,0
2014-06-10,7.070000171661377,7.179999828338623,7.070000171661377,7.119999885559082,110600,0,0
2014-06-11,7.050000190734863,7.139999866485596,7.019999980926514,7.059999942779541,125500,0,0
2014-06-12,7.03000020980835,7.079999923706055,6.949999809265137,7.0,124600,0,0
2014-06-13,7.039999961853027,7.070000171661377,6.980000019073486,7.0,134800,0,0
2014-06-16,6.949999809265137,7.039999961853027,6.920000076293945,7.010000228881836,249100,0,0
2014-06-17,6.989999771118164,7.119999885559082,6.920000076293945,7.090000152587891,319800,0,0
2014-06-18,7.099999904632568,7.150000095367432,7.039999961853027,7.099999904632568,194300,0,0
2014-06-19,7.130000114440918,7.190000057220459,7.090000152587891,7.150000095367432,174600,0,0
2014-06-20,7.230000019073486,7.230000019073486,7.079999923706055,7.139999866485596,232800,0,0
2014-06-23,7.150000095367432,7.269999980926514,7.110000133514404,7.25,169000,0,0
2014-06-24,7.210000038146973,7.349999904632568,7.179999828338623,7.199999809265137,254600,0,0
2014-06-25,7.130000114440918,7.289999961853027,7.110000133514404,7.28000020980835,162300,0,0
2014-06-26,7.320000171661377,7.409999847412109,7.269999980926514,7.400000095367432,220200,0,0
2014-06-27,7.329999923706055,7.550000190734863,7.329999923706055,7.550000190734863,896800,0,0
2014-06-30,7.5,7.619999885559082,7.449999809265137,7.610000133514404,377600,0,0
2014-07-01,7.599999904632568,7.820000171661377,7.489999771118164,7.800000190734863,1112400,0,0
2014-07-02,7.760000228881836,7.940000057220459,7.71999979019165,7.739999771118164,303800,0,0
2014-07-03,7.800000190734863,7.880000114440918,7.75,7.800000190734863,86800,0,0
2014-07-07,7.78000020980835,7.78000020980835,7.659999847412109,7.739999771118164,213800,0,0
2014-07-08,7.71999979019165,7.789999961853027,7.679999828338623,7.71999979019165,302700,0,0
2014-07-09,7.739999771118164,7.769999980926514,7.590000152587891,7.699999809265137,241600,0,0
2014-07-10,7.5,7.599999904632568,7.460000038146973,7.53000020980835,156100,0,0
2014-07-11,7.5,7.739999771118164,7.400000095367432,7.71999979019165,283700,0,0
2014-07-14,7.78000020980835,7.860000133514404,7.630000114440918,7.659999847412109,239800,0,0
2014-07-15,7.639999866485596,7.679999828338623,7.489999771118164,7.570000171661377,218000,0,0
2014-07-16,7.610000133514404,7.699999809265137,7.550000190734863,7.690000057220459,204300,0,0
2014-07-17,7.670000076293945,7.71999979019165,7.579999923706055,7.579999923706055,217600,0,0
2014-07-18,7.570000171661377,7.829999923706055,7.550000190734863,7.800000190734863,195800,0,0
2014-07-21,7.71999979019165,7.730000019073486,7.599999904632568,7.679999828338623,177500,0,0
2014-07-22,7.71999979019165,7.900000095367432,7.710000038146973,7.880000114440918,299000,0,0
2014-07-23,7.880000114440918,7.929999828338623,7.789999961853027,7.809999942779541,268500,0,0
2014-07-24,7.849999904632568,8.0,7.800000190734863,7.96999979019165,482200,0,0
2014-07-25,7.980000019073486,8.010000228881836,7.860000133514404,7.989999771118164,383200,0,0
2014-07-28,8.0,8.0,7.730000019073486,7.730000019073486,268800,0,0
2014-07-29,7.760000228881836,7.820000171661377,7.659999847412109,7.769999980926514,286300,0,0
2014-07-30,8.4399995803833,8.90999984741211,8.279999732971191,8.729999542236328,1485900,0,0
2014-07-31,8.800000190734863,9.300000190734863,8.75,9.15999984741211,1217000,0,0
2014-08-01,9.0600004196167,9.100000381469727,8.569999694824219,8.729999542236328,1001700,0,0
2014-08-04,8.729999542236328,8.859999656677246,8.609999656677246,8.739999771118164,765500,0,0
2014-08-05,8.739999771118164,8.880000114440918,8.600000381469727,8.640000343322754,707400,0,0
2014-08-06,8.539999961853027,8.649999618530273,8.479999542236328,8.520000457763672,608900,0,0
2014-08-07,8.5600004196167,8.59000015258789,8.34000015258789,8.430000305175781,429700,0,0
2014-08-08,8.460000038146973,8.609999656677246,8.380000114440918,8.479999542236328,600400,0,0
2014-08-11,8.550000190734863,8.609999656677246,8.4399995803833,8.449999809265137,497900,0,0
2014-08-12,8.4399995803833,8.5,8.350000381469727,8.399999618530273,711900,0,0
2014-08-13,8.399999618530273,8.399999618530273,8.149999618530273,8.270000457763672,787000,0,0
2014-08-14,8.350000381469727,8.479999542236328,8.25,8.399999618530273,729300,0,0
2014-08-15,8.479999542236328,8.529999732971191,8.329999923706055,8.5,692600,0,0
2014-08-18,8.609999656677246,8.710000038146973,8.579999923706055,8.619999885559082,402900,0,0
2014-08-19,8.630000114440918,8.65999984741211,8.470000267028809,8.479999542236328,451800,0,0
2014-08-20,8.479999542236328,8.529999732971191,8.329999923706055,8.4399995803833,326700,0,0
2014-08-21,8.470000267028809,8.619999885559082,8.359999656677246,8.600000381469727,325700,0,0
2014-08-22,8.579999923706055,8.729999542236328,8.510000228881836,8.59000015258789,374400,0,0
2014-08-25,8.59000015258789,8.680000305175781,8.520000457763672,8.550000190734863,211200,0,0
2014-08-26,8.600000381469727,8.649999618530273,8.529999732971191,8.59000015258789,329500,0,0
2014-08-27,8.640000343322754,8.65999984741211,8.550000190734863,8.59000015258789,213800,0,0
2014-08-28,8.520000457763672,8.640000343322754,8.479999542236328,8.5,282800,0,0
2014-08-29,8.5,8.539999961853027,8.390000343322754,8.489999771118164,324800,0,0
2014-09-02,8.479999542236328,8.479999542236328,8.170000076293945,8.40999984741211,530800,0,0
2014-09-03,8.460000038146973,8.510000228881836,8.34000015258789,8.470000267028809,522000,0,0
2014-09-04,8.479999542236328,8.529999732971191,8.470000267028809,8.489999771118164,340600,0,0
2014-09-05,8.460000038146973,8.789999961853027,8.199999809265137,8.739999771118164,4115300,0,0
2014-09-08,8.779999732971191,8.800000190734863,8.5600004196167,8.640000343322754,444200,0,0
2014-09-09,8.640000343322754,8.640000343322754,8.470000267028809,8.479999542236328,257600,0,0
2014-09-10,8.460000038146973,8.619999885559082,8.460000038146973,8.619999885559082,346500,0,0
2014-09-11,8.600000381469727,8.65999984741211,8.539999961853027,8.640000343322754,342400,0,0
2014-09-12,8.609999656677246,8.65999984741211,8.5600004196167,8.59000015258789,317600,0,0
2014-09-15,8.539999961853027,8.550000190734863,8.229999542236328,8.350000381469727,464600,0,0
2014-09-16,8.3100004196167,8.470000267028809,8.3100004196167,8.420000076293945,347000,0,0
2014-09-17,8.449999809265137,8.5,8.380000114440918,8.399999618530273,304000,0,0
2014-09-18,8.40999984741211,8.5600004196167,8.390000343322754,8.470000267028809,285400,0,0
2014-09-19,8.479999542236328,8.520000457763672,8.380000114440918,8.430000305175781,478900,0,0
2014-09-22,8.399999618530273,8.449999809265137,8.289999961853027,8.390000343322754,676400,0,0
2014-09-23,8.40999984741211,8.460000038146973,8.319999694824219,8.359999656677246,391700,0,0
2014-09-24,8.380000114440918,8.4399995803833,8.319999694824219,8.390000343322754,260300,0,0
2014-09-25,8.399999618530273,8.430000305175781,8.260000228881836,8.350000381469727,482200,0,0
2014-09-26,8.380000114440918,8.470000267028809,8.34000015258789,8.399999618530273,228600,0,0
2014-09-29,8.350000381469727,8.479999542236328,8.34000015258789,8.369999885559082,303100,0,0
2014-09-30,8.399999618530273,8.470000267028809,8.3100004196167,8.380000114440918,336100,0,0
2014-10-01,8.34000015258789,8.420000076293945,8.289999961853027,8.359999656677246,491900,0,0
2014-10-02,8.34000015258789,8.529999732971191,8.279999732971191,8.510000228881836,531600,0,0
2014-10-03,8.550000190734863,8.630000114440918,8.460000038146973,8.460000038146973,350700,0,0
2014-10-06,8.479999542236328,8.59000015258789,8.470000267028809,8.489999771118164,507700,0,0
2014-10-07,8.420000076293945,8.420000076293945,8.199999809265137,8.210000038146973,704700,0,0
2014-10-08,8.210000038146973,8.4399995803833,8.15999984741211,8.399999618530273,617000,0,0
2014-10-09,8.399999618530273,8.399999618530273,8.199999809265137,8.239999771118164,352000,0,0
2014-10-10,8.199999809265137,8.319999694824219,8.020000457763672,8.069999694824219,683500,0,0
2014-10-13,8.119999885559082,8.270000457763672,8.09000015258789,8.119999885559082,529600,0,0
2014-10-14,8.180000305175781,8.300000190734863,8.170000076293945,8.25,511200,0,0
2014-10-15,8.229999542236328,8.34000015258789,8.130000114440918,8.329999923706055,633000,0,0
2014-10-16,8.229999542236328,8.399999618530273,8.180000305175781,8.34000015258789,915700,0,0
2014-10-17,8.449999809265137,8.449999809265137,8.180000305175781,8.180000305175781,583800,0,0
2014-10-20,8.170000076293945,8.350000381469727,8.170000076293945,8.300000190734863,605300,0,0
2014-10-21,8.34000015258789,8.420000076293945,8.319999694824219,8.380000114440918,622300,0,0
2014-10-22,8.40999984741211,8.430000305175781,8.279999732971191,8.300000190734863,411400,0,0
2014-10-23,8.380000114440918,8.420000076293945,8.34000015258789,8.399999618530273,763700,0,0
2014-10-24,8.430000305175781,8.470000267028809,8.399999618530273,8.460000038146973,410700,0,0
2014-10-27,8.430000305175781,8.430000305175781,8.319999694824219,8.380000114440918,214400,0,0
2014-10-28,8.430000305175781,8.670000076293945,8.399999618530273,8.670000076293945,678600,0,0
2014-10-29,8.6899995803833,8.6899995803833,8.579999923706055,8.609999656677246,408200,0,0
2014-10-30,9.0,9.430000305175781,8.880000114440918,9.430000305175781,1607900,0,0
2014-10-31,9.5,9.979999542236328,9.460000038146973,9.970000267028809,1220700,0,0
2014-11-03,9.960000038146973,9.970000267028809,9.640000343322754,9.8100004196167,1221700,0,0
2014-11-04,9.84000015258789,10.520000457763672,9.819999694824219,10.449999809265137,1368000,0,0
2014-11-05,10.569999694824219,10.569999694824219,10.279999732971191,10.319999694824219,1434700,0,0
2014-11-06,10.300000190734863,10.5,10.300000190734863,10.489999771118164,517000,0,0
2014-11-07,10.5,10.5600004196167,10.449999809265137,10.529999732971191,681000,0,0
2014-11-10,10.550000190734863,10.970000267028809,10.520000457763672,10.9399995803833,939900,0,0
2014-11-11,11.0,11.050000190734863,10.859999656677246,10.920000076293945,697800,0,0
2014-11-12,10.920000076293945,11.25,10.789999961853027,11.1899995803833,786100,0,0
2014-11-13,11.229999542236328,11.34000015258789,11.130000114440918,11.3100004196167,511800,0,0
2014-11-14,11.300000190734863,11.399999618530273,11.220000267028809,11.399999618530273,410100,0,0
2014-11-17,11.34000015258789,11.470000267028809,11.039999961853027,11.260000228881836,921100,0,0
2014-11-18,11.34000015258789,11.489999771118164,11.260000228881836,11.279999732971191,474000,0,0
2014-11-19,11.239999771118164,11.279999732971191,10.859999656677246,10.880000114440918,456500,0,0
2014-11-20,10.890000343322754,11.109999656677246,10.8100004196167,11.069999694824219,398100,0,0
2014-11-21,11.199999809265137,11.25,10.880000114440918,10.979999542236328,344800,0,0
2014-11-24,10.979999542236328,11.029999732971191,10.949999809265137,11.0,334200,0,0
2014-11-25,11.020000457763672,11.170000076293945,10.930000305175781,11.0,385300,0,0
2014-11-26,11.0,11.020000457763672,10.90999984741211,10.970000267028809,307000,0,0
2014-11-28,10.989999771118164,11.020000457763672,10.869999885559082,10.869999885559082,222200,0,0
2014-12-01,10.779999732971191,10.800000190734863,10.449999809265137,10.5600004196167,649900,0,0
2014-12-02,10.65999984741211,11.0,10.649999618530273,10.989999771118164,539800,0,0
2014-12-03,11.029999732971191,11.289999961853027,10.710000038146973,10.970000267028809,562100,0,0
2014-12-04,10.989999771118164,11.010000228881836,10.6899995803833,10.699999809265137,299300,0,0
2014-12-05,10.75,10.850000381469727,10.5,10.579999923706055,440700,0,0
2014-12-08,10.520000457763672,10.59000015258789,10.289999961853027,10.399999618530273,487700,0,0
2014-12-09,10.25,10.579999923706055,10.079999923706055,10.539999961853027,454300,0,0
2014-12-10,10.470000267028809,10.600000381469727,10.079999923706055,10.140000343322754,370800,0,0
2014-12-11,10.229999542236328,10.529999732971191,10.229999542236328,10.300000190734863,311400,0,0
2014-12-12,10.15999984741211,10.34000015258789,10.069999694824219,10.180000305175781,202600,0,0
2014-12-15,10.170000076293945,10.390000343322754,10.109999656677246,10.130000114440918,393400,0,0
2014-12-16,10.359999656677246,10.359999656677246,10.119999885559082,10.140000343322754,467400,0,0
2014-12-17,10.15999984741211,10.210000038146973,9.670000076293945,9.989999771118164,658700,0,0
2014-12-18,10.109999656677246,10.25,10.09000015258789,10.199999809265137,391600,0,0
2014-12-19,10.199999809265137,10.300000190734863,10.109999656677246,10.279999732971191,738200,0,0
2014-12-22,10.3100004196167,10.420000076293945,10.130000114440918,10.239999771118164,454500,0,0
2014-12-23,10.359999656677246,10.359999656677246,10.149999618530273,10.199999809265137,194500,0,0
2014-12-24,10.1899995803833,10.359999656677246,10.180000305175781,10.279999732971191,95600,0,0
2014-12-26,10.359999656677246,10.359999656677246,10.25,10.279999732971191,86000,0,0
2014-12-29,10.270000457763672,10.3100004196167,10.050000190734863,10.140000343322754,217200,0,0
2014-12-30,10.09000015258789,10.220000267028809,10.09000015258789,10.130000114440918,186100,0,0
2014-12-31,10.130000114440918,10.270000457763672,9.989999771118164,10.010000228881836,327000,0,0
2015-01-02,10.020000457763672,10.199999809265137,9.90999984741211,10.0600004196167,392300,0,0
2015-01-05,10.029999732971191,10.15999984741211,9.90999984741211,10.079999923706055,616800,0,0
2015-01-06,10.130000114440918,10.130000114440918,9.670000076293945,9.800000190734863,325100,0,0
2015-01-07,9.84000015258789,9.890000343322754,9.539999961853027,9.720000267028809,496300,0,0
2015-01-08,9.779999732971191,10.149999618530273,9.699999809265137,10.039999961853027,827600,0,0
2015-01-09,10.079999923706055,10.180000305175781,9.829999923706055,10.079999923706055,621900,0,0
2015-01-12,10.09000015258789,10.09000015258789,9.920000076293945,10.0,262100,0,0
2015-01-13,10.029999732971191,10.199999809265137,9.880000114440918,10.029999732971191,470800,0,0
2015-01-14,9.90999984741211,10.029999732971191,9.84000015258789,9.899999618530273,223000,0,0
2015-01-15,9.890000343322754,9.90999984741211,9.369999885559082,9.5600004196167,439200,0,0
2015-01-16,9.489999771118164,9.729999542236328,9.479999542236328,9.6899995803833,402900,0,0
2015-01-20,9.699999809265137,9.930000305175781,9.65999984741211,9.84000015258789,339600,0,0
2015-01-21,9.84000015258789,9.84000015258789,9.520000457763672,9.569999694824219,294200,0,0
2015-01-22,9.649999618530273,9.979999542236328,9.510000228881836,9.960000038146973,247700,0,0
2015-01-23,9.989999771118164,10.0,9.789999961853027,9.960000038146973,171700,0,0
2015-01-26,9.979999542236328,10.029999732971191,9.800000190734863,9.859999656677246,179500,0,0
2015-01-27,9.739999771118164,9.979999542236328,9.65999984741211,9.869999885559082,236200,0,0
2015-01-28,9.949999809265137,9.949999809265137,9.520000457763672,9.600000381469727,448300,0,0
2015-01-29,8.729999542236328,9.199999809265137,7.840000152587891,8.800000190734863,2182700,0,0
2015-01-30,8.600000381469727,8.680000305175781,8.130000114440918,8.270000457763672,1560300,0,0
2015-02-02,8.300000190734863,8.300000190734863,8.0,8.229999542236328,955900,0,0
2015-02-03,8.260000228881836,8.319999694824219,8.119999885559082,8.289999961853027,761100,0,0
2015-02-04,8.220000267028809,8.279999732971191,8.140000343322754,8.229999542236328,1515100,0,0
2015-02-05,8.229999542236328,8.319999694824219,8.210000038146973,8.25,471800,0,0
2015-02-06,8.270000457763672,8.489999771118164,8.199999809265137,8.239999771118164,724800,0,0
2015-02-09,8.229999542236328,8.65999984741211,8.210000038146973,8.529999732971191,840400,0,0
2015-02-10,8.579999923706055,8.619999885559082,8.210000038146973,8.510000228881836,519900,0,0
2015-02-11,8.520000457763672,8.5600004196167,8.359999656677246,8.539999961853027,417700,0,0
2015-02-12,8.569999694824219,8.649999618530273,8.529999732971191,8.5600004196167,346300,0,0
2015-02-13,8.579999923706055,8.640000343322754,8.279999732971191,8.5600004196167,630800,0,0
2015-02-17,8.5600004196167,8.65999984741211,8.550000190734863,8.579999923706055,401400,0,0
2015-02-18,8.59000015258789,8.670000076293945,8.539999961853027,8.609999656677246,340200,0,0
2015-02-19,8.609999656677246,8.680000305175781,8.59000015258789,8.600000381469727,258900,0,0
2015-02-20,8.600000381469727,8.640000343322754,8.5,8.609999656677246,465100,0,0
2015-02-23,8.609999656677246,8.649999618530273,8.4399995803833,8.579999923706055,546900,0,0
2015-02-24,8.59000015258789,8.680000305175781,8.520000457763672,8.59000015258789,265200,0,0
2015-02-25,8.5600004196167,8.65999984741211,8.520000457763672,8.59000015258789,305800,0,0
2015-02-26,8.630000114440918,8.649999618530273,8.4399995803833,8.5600004196167,835600,0,0
2015-02-27,8.569999694824219,8.850000381469727,8.550000190734863,8.760000228881836,353000,0,0
2015-03-02,8.739999771118164,8.880000114440918,8.619999885559082,8.800000190734863,411100,0,0
2015-03-03,8.819999694824219,8.920000076293945,8.710000038146973,8.829999923706055,376000,0,0
2015-03-04,8.699999809265137,8.920000076293945,8.65999984741211,8.859999656677246,566800,0,0
2015-03-05,8.899999618530273,8.899999618530273,8.739999771118164,8.890000343322754,312900,0,0
2015-03-06,8.789999961853027,8.949999809265137,8.789999961853027,8.920000076293945,334200,0,0
2015-03-09,8.949999809265137,8.970000267028809,8.84000015258789,8.920000076293945,172500,0,0
2015-03-10,8.829999923706055,8.920000076293945,8.819999694824219,8.90999984741211,224500,0,0
2015-03-11,8.920000076293945,9.050000190734863,8.920000076293945,9.020000457763672,252500,0,0
2015-03-12,9.050000190734863,9.369999885559082,9.050000190734863,9.34000015258789,371700,0,0
2015-03-13,9.34000015258789,9.34000015258789,9.109999656677246,9.25,365300,0,0
2015-03-16,9.3100004196167,9.3100004196167,9.1899995803833,9.220000267028809,217000,0,0
2015-03-17,9.170000076293945,9.1899995803833,9.050000190734863,9.100000381469727,231200,0,0
2015-03-18,9.0600004196167,9.09000015258789,8.869999885559082,9.079999923706055,324100,0,0
2015-03-19,9.010000228881836,9.119999885559082,8.979999542236328,9.050000190734863,221400,0,0
2015-03-20,9.100000381469727,9.270000457763672,8.989999771118164,9.149999618530273,309400,0,0
2015-03-23,9.15999984741211,9.180000305175781,8.989999771118164,9.0,384000,0,0
2015-03-24,8.970000267028809,9.050000190734863,8.949999809265137,8.989999771118164,238700,0,0
2015-03-25,9.010000228881836,9.020000457763672,8.829999923706055,8.850000381469727,310300,0,0
2015-03-26,8.819999694824219,8.899999618530273,8.65999984741211,8.75,182400,0,0
2015-03-27,8.729999542236328,8.84000015258789,8.619999885559082,8.819999694824219,175500,0,0
2015-03-30,8.850000381469727,9.020000457763672,8.819999694824219,8.960000038146973,257600,0,0
2015-03-31,8.9399995803833,8.960000038146973,8.819999694824219,8.920000076293945,253200,0,0
2015-04-01,8.9399995803833,9.020000457763672,8.800000190734863,8.859999656677246,275900,0,0
2015-04-02,8.880000114440918,8.960000038146973,8.779999732971191,8.930000305175781,249200,0,0
2015-04-06,8.859999656677246,9.010000228881836,8.859999656677246,8.869999885559082,288300,0,0
2015-04-07,8.890000343322754,9.020000457763672,8.880000114440918,8.890000343322754,220200,0,0
2015-04-08,8.890000343322754,9.100000381469727,8.859999656677246,8.970000267028809,875000,0,0
2015-04-09,8.960000038146973,9.119999885559082,8.869999885559082,8.989999771118164,213200,0,0
2015-04-10,9.050000190734863,9.069999694824219,8.979999542236328,9.0,242400,0,0
2015-04-13,8.979999542236328,9.100000381469727,8.960000038146973,9.050000190734863,347800,0,0
2015-04-14,9.0600004196167,9.119999885559082,9.020000457763672,9.069999694824219,189400,0,0
2015-04-15,9.079999923706055,9.079999923706055,8.930000305175781,8.970000267028809,280300,0,0
2015-04-16,8.9399995803833,9.020000457763672,8.9399995803833,8.970000267028809,185600,0,0
2015-04-17,8.90999984741211,8.90999984741211,8.520000457763672,8.649999618530273,511200,0,0
2015-04-20,8.699999809265137,9.010000228881836,8.65999984741211,8.960000038146973,256700,0,0
2015-04-21,9.0,9.0600004196167,8.829999923706055,8.829999923706055,178600,0,0
2015-04-22,8.850000381469727,9.010000228881836,8.800000190734863,8.899999618530273,320100,0,0
2015-04-23,8.869999885559082,9.010000228881836,8.84000015258789,8.930000305175781,191500,0,0
2015-04-24,8.930000305175781,9.0,8.850000381469727,8.869999885559082,157900,0,0
2015-04-27,8.800000190734863,8.989999771118164,8.670000076293945,8.680000305175781,224300,0,0
2015-04-28,8.65999984741211,8.899999618530273,8.649999618530273,8.869999885559082,286800,0,0
2015-04-29,8.619999885559082,8.619999885559082,7.5,7.75,3609500,0,0
2015-04-30,7.710000038146973,7.739999771118164,7.519999980926514,7.599999904632568,734000,0,0
2015-05-01,7.590000152587891,7.71999979019165,7.53000020980835,7.659999847412109,543500,0,0
2015-05-04,7.690000057220459,7.940000057220459,7.690000057220459,7.840000152587891,1309400,0,0
2015-05-05,7.699999809265137,7.840000152587891,7.699999809265137,7.78000020980835,495300,0,0
2015-05-06,7.840000152587891,7.900000095367432,7.769999980926514,7.900000095367432,465700,0,0
2015-05-07,7.980000019073486,8.050000190734863,7.869999885559082,8.029999732971191,351500,0,0
2015-05-08,8.09000015258789,8.130000114440918,8.0,8.050000190734863,195200,0,0
2015-05-11,8.050000190734863,8.350000381469727,8.050000190734863,8.199999809265137,295500,0,0
2015-05-12,8.15999984741211,8.15999984741211,7.980000019073486,8.119999885559082,216400,0,0
2015-05-13,8.170000076293945,8.369999885559082,8.119999885559082,8.319999694824219,499700,0,0
2015-05-14,8.319999694824219,8.550000190734863,8.300000190734863,8.369999885559082,502600,0,0
2015-05-15,8.34000015258789,8.449999809265137,8.260000228881836,8.430000305175781,474700,0,0
2015-05-18,8.390000343322754,8.5600004196167,8.390000343322754,8.460000038146973,429700,0,0
2015-05-19,8.4399995803833,8.59000015258789,8.420000076293945,8.539999961853027,622300,0,0
2015-05-20,8.539999961853027,8.6899995803833,8.479999542236328,8.670000076293945,845800,0,0
2015-05-21,8.6899995803833,8.699999809265137,8.479999542236328,8.609999656677246,655300,0,0
2015-05-22,8.59000015258789,8.630000114440918,8.529999732971191,8.550000190734863,255600,0,0
2015-05-26,8.520000457763672,8.609999656677246,8.420000076293945,8.529999732971191,361100,0,0
2015-05-27,8.529999732971191,8.65999984741211,8.449999809265137,8.630000114440918,385600,0,0
2015-05-28,8.630000114440918,8.739999771118164,8.609999656677246,8.65999984741211,293700,0,0
2015-05-29,8.640000343322754,8.640000343322754,8.449999809265137,8.470000267028809,844000,0,0
2015-06-01,8.529999732971191,8.600000381469727,8.279999732971191,8.539999961853027,522100,0,0
2015-06-02,8.479999542236328,8.800000190734863,8.479999542236328,8.760000228881836,369900,0,0
2015-06-03,8.8100004196167,8.960000038146973,8.760000228881836,8.869999885559082,281400,0,0
2015-06-04,8.770000457763672,8.869999885559082,8.640000343322754,8.680000305175781,214300,0,0
2015-06-05,8.680000305175781,8.760000228881836,8.550000190734863,8.75,205400,0,0
2015-06-08,8.710000038146973,8.850000381469727,8.710000038146973,8.75,219600,0,0
2015-06-09,8.770000457763672,8.949999809265137,8.720000267028809,8.869999885559082,227700,0,0
2015-06-10,8.899999618530273,9.069999694824219,8.770000457763672,9.0600004196167,458100,0,0
2015-06-11,9.050000190734863,9.1899995803833,9.029999732971191,9.180000305175781,674300,0,0
2015-06-12,9.130000114440918,9.1899995803833,9.0600004196167,9.149999618530273,263500,0,0
2015-06-15,9.359999656677246,9.359999656677246,8.880000114440918,9.180000305175781,587300,0,0
2015-06-16,9.149999618530273,9.1899995803833,9.020000457763672,9.09000015258789,429200,0,0
2015-06-17,9.149999618530273,9.149999618530273,8.869999885559082,8.930000305175781,250800,0,0
2015-06-18,8.869999885559082,9.0,8.800000190734863,8.989999771118164,295700,0,0
2015-06-19,9.039999961853027,9.149999618530273,8.9399995803833,9.119999885559082,318600,0,0
2015-06-22,9.119999885559082,9.119999885559082,8.880000114440918,8.90999984741211,372300,0,0
2015-06-23,8.899999618530273,9.119999885559082,8.84000015258789,9.119999885559082,340100,0,0
2015-06-24,9.119999885559082,9.119999885559082,8.920000076293945,8.979999542236328,203900,0,0
2015-06-25,8.979999542236328,9.100000381469727,8.949999809265137,9.079999923706055,207400,0,0
2015-06-26,9.069999694824219,9.100000381469727,8.960000038146973,9.010000228881836,410900,0,0
2015-06-29,8.899999618530273,9.0,8.710000038146973,8.739999771118164,168000,0,0
2015-06-30,8.800000190734863,8.920000076293945,8.760000228881836,8.890000343322754,239800,0,0
2015-07-01,8.949999809265137,9.020000457763672,8.569999694824219,8.600000381469727,482600,0,0
2015-07-02,8.569999694824219,8.6899995803833,8.5,8.520000457763672,137900,0,0
2015-07-06,8.4399995803833,8.59000015258789,8.380000114440918,8.479999542236328,274800,0,0
2015-07-07,8.479999542236328,8.630000114440918,8.420000076293945,8.619999885559082,218300,0,0
2015-07-08,8.569999694824219,8.989999771118164,8.569999694824219,8.949999809265137,474400,0,0
2015-07-09,9.0600004196167,9.119999885559082,9.039999961853027,9.079999923706055,272600,0,0
2015-07-10,9.119999885559082,9.119999885559082,9.029999732971191,9.109999656677246,159800,0,0
2015-07-13,9.109999656677246,9.109999656677246,9.010000228881836,9.09000015258789,144200,0,0
2015-07-14,9.069999694824219,9.119999885559082,9.0600004196167,9.119999885559082,110800,0,0
2015-07-15,9.109999656677246,9.109999656677246,8.880000114440918,8.930000305175781,224800,0,0
2015-07-16,8.970000267028809,9.050000190734863,8.949999809265137,9.0,185100,0,0
2015-07-17,8.979999542236328,9.109999656677246,8.979999542236328,9.039999961853027,214300,0,0
2015-07-20,9.020000457763672,9.0600004196167,8.880000114440918,8.979999542236328,317300,0,0
2015-07-21,8.9399995803833,9.020000457763672,8.869999885559082,8.920000076293945,168300,0,0
2015-07-22,8.859999656677246,8.989999771118164,8.760000228881836,8.9399995803833,224100,0,0
2015-07-23,8.920000076293945,8.930000305175781,8.770000457763672,8.800000190734863,169400,0,0
2015-07-24,8.779999732971191,8.800000190734863,8.579999923706055,8.65999984741211,230500,0,0
2015-07-27,8.649999618530273,8.760000228881836,8.5,8.670000076293945,279500,0,0
2015-07-28,8.489999771118164,8.600000381469727,8.100000381469727,8.520000457763672,244000,0,0
2015-07-29,8.420000076293945,8.4399995803833,8.140000343322754,8.25,308800,0,0
2015-07-30,8.1899995803833,8.210000038146973,7.869999885559082,7.920000076293945,525500,0,0
2015-07-31,7.920000076293945,8.010000228881836,7.869999885559082,7.96999979019165,341200,0,0
2015-08-03,7.980000019073486,7.980000019073486,7.78000020980835,7.789999961853027,277700,0,0
2015-08-04,7.78000020980835,7.829999923706055,7.71999979019165,7.800000190734863,206500,0,0
2015-08-05,7.809999942779541,8.020000457763672,7.809999942779541,7.980000019073486,170000,0,0
2015-08-06,8.0,8.100000381469727,7.980000019073486,8.0600004196167,183900,0,0
2015-08-07,8.020000457763672,8.220000267028809,8.0,8.149999618530273,181100,0,0
2015-08-10,8.220000267028809,8.510000228881836,8.130000114440918,8.399999618530273,502400,0,0
2015-08-11,8.350000381469727,8.5,8.270000457763672,8.449999809265137,246500,0,0
2015-08-12,8.369999885559082,8.460000038146973,8.289999961853027,8.380000114440918,186100,0,0
2015-08-13,8.34000015258789,8.399999618530273,8.210000038146973,8.270000457763672,206200,0,0
2015-08-14,8.220000267028809,8.369999885559082,8.109999656677246,8.25,235200,0,0
2015-08-17,8.25,8.390000343322754,8.210000038146973,8.329999923706055,125600,0,0
2015-08-18,8.270000457763672,8.289999961853027,8.050000190734863,8.119999885559082,176000,0,0
2015-08-19,8.0600004196167,8.15999984741211,7.949999809265137,8.09000015258789,236000,0,0
2015-08-20,7.96999979019165,8.149999618530273,7.929999828338623,8.09000015258789,220400,0,0
2015-08-21,7.940000057220459,8.170000076293945,7.829999923706055,8.130000114440918,404000,0,0
2015-08-24,7.820000171661377,8.109999656677246,7.670000076293945,7.670000076293945,451500,0,0
2015-08-25,7.849999904632568,7.860000133514404,7.420000076293945,7.460000038146973,357500,0,0
2015-08-26,7.579999923706055,7.730000019073486,7.460000038146973,7.690000057220459,325300,0,0
2015-08-27,7.730000019073486,7.800000190734863,7.53000020980835,7.550000190734863,293500,0,0
2015-08-28,7.559999942779541,7.849999904632568,7.539999961853027,7.820000171661377,191600,0,0
2015-08-31,7.820000171661377,7.829999923706055,7.730000019073486,7.800000190734863,163500,0,0
2015-09-01,7.679999828338623,7.75,7.380000114440918,7.420000076293945,206900,0,0
2015-09-02,7.5,7.539999961853027,7.380000114440918,7.460000038146973,131000,0,0
2015-09-03,7.519999980926514,7.639999866485596,7.519999980926514,7.599999904632568,121600,0,0
2015-09-04,7.460000038146973,7.559999942779541,7.440000057220459,7.53000020980835,106400,0,0
2015-09-08,7.590000152587891,7.659999847412109,7.380000114440918,7.400000095367432,248900,0,0
2015-09-09,7.46999979019165,7.610000133514404,7.440000057220459,7.46999979019165,224500,0,0
2015-09-10,7.449999809265137,7.510000228881836,7.389999866485596,7.420000076293945,117700,0,0
2015-09-11,7.349999904632568,7.400000095367432,7.28000020980835,7.389999866485596,128000,0,0
2015-09-14,7.400000095367432,7.46999979019165,7.320000171661377,7.369999885559082,140100,0,0
2015-09-15,7.369999885559082,7.519999980926514,7.349999904632568,7.449999809265137,149400,0,0
2015-09-16,7.480000019073486,7.559999942779541,7.429999828338623,7.519999980926514,164700,0,0
2015-09-17,7.550000190734863,7.590000152587891,7.460000038146973,7.480000019073486,237700,0,0
2015-09-18,7.400000095367432,7.480000019073486,7.190000057220459,7.199999809265137,651500,0,0
2015-09-21,7.309999942779541,7.400000095367432,7.21999979019165,7.349999904632568,350500,0,0
2015-09-22,7.289999961853027,7.400000095367432,7.130000114440918,7.139999866485596,298300,0,0
2015-09-23,7.190000057220459,7.230000019073486,7.090000152587891,7.159999847412109,304500,0,0
2015-09-24,7.130000114440918,7.340000152587891,7.099999904632568,7.340000152587891,352700,0,0
2015-09-25,7.380000114440918,7.480000019073486,7.28000020980835,7.400000095367432,373300,0,0
2015-09-28,7.369999885559082,7.480000019073486,7.269999980926514,7.28000020980835,379200,0,0
2015-09-29,7.28000020980835,7.360000133514404,7.210000038146973,7.25,265800,0,0
2015-09-30,7.28000020980835,7.369999885559082,7.269999980926514,7.309999942779541,289600,0,0
2015-10-01,7.309999942779541,7.53000020980835,7.309999942779541,7.510000228881836,303900,0,0
2015-10-02,7.440000057220459,7.519999980926514,7.139999866485596,7.380000114440918,235600,0,0
2015-10-05,7.440000057220459,7.71999979019165,7.429999828338623,7.710000038146973,248600,0,0
2015-10-06,7.690000057220459,7.809999942779541,7.480000019073486,7.489999771118164,233600,0,0
2015-10-07,7.510000228881836,7.869999885559082,7.510000228881836,7.789999961853027,463500,0,0
2015-10-08,7.769999980926514,7.989999771118164,7.769999980926514,7.900000095367432,208500,0,0
2015-10-09,7.920000076293945,8.069999694824219,7.869999885559082,7.96999979019165,207500,0,0
2015-10-12,7.940000057220459,7.96999979019165,7.829999923706055,7.909999847412109,244600,0,0
2015-10-13,7.889999866485596,7.940000057220459,7.820000171661377,7.820000171661377,320500,0,0
2015-10-14,7.809999942779541,7.909999847412109,7.71999979019165,7.739999771118164,169900,0,0
2015-10-15,7.78000020980835,7.940000057220459,7.739999771118164,7.909999847412109,196100,0,0
2015-10-16,7.940000057220459,7.989999771118164,7.71999979019165,7.860000133514404,168000,0,0
2015-10-19,7.800000190734863,7.889999866485596,7.769999980926514,7.860000133514404,162700,0,0
2015-10-20,7.880000114440918,8.0600004196167,7.880000114440918,8.0600004196167,215300,0,0
2015-10-21,8.0600004196167,8.0600004196167,7.650000095367432,7.659999847412109,301200,0,0
2015-10-22,7.670000076293945,8.0,7.670000076293945,7.889999866485596,252500,0,0
2015-10-23,7.96999979019165,8.119999885559082,7.909999847412109,7.96999979019165,270000,0,0
2015-10-26,7.900000095367432,8.029999732971191,7.900000095367432,8.029999732971191,183500,0,0
2015-10-27,8.039999961853027,8.0600004196167,7.840000152587891,7.909999847412109,247600,0,0
2015-10-28,8.0,9.109999656677246,7.909999847412109,9.0,715000,0,0
2015-10-29,9.050000190734863,9.300000190734863,8.770000457763672,8.989999771118164,527100,0,0
2015-10-30,8.979999542236328,9.279999732971191,8.9399995803833,9.050000190734863,471300,0,0
2015-11-02,9.039999961853027,9.380000114440918,8.949999809265137,9.329999923706055,417500,0,0
2015-11-03,9.279999732971191,9.819999694824219,9.210000038146973,9.800000190734863,434700,0,0
2015-11-04,9.84000015258789,10.0,9.729999542236328,9.979999542236328,438400,0,0
2015-11-05,9.979999542236328,10.079999923706055,9.859999656677246,9.989999771118164,390100,0,0
2015-11-06,9.930000305175781,10.180000305175781,9.850000381469727,9.930000305175781,419300,0,0
2015-11-09,9.899999618530273,9.899999618530273,9.630000114440918,9.630000114440918,197300,0,0
2015-11-10,9.640000343322754,9.800000190734863,9.600000381469727,9.710000038146973,200400,0,0
2015-11-11,9.75,9.789999961853027,9.569999694824219,9.600000381469727,178500,0,0
2015-11-12,9.510000228881836,9.579999923706055,9.369999885559082,9.399999618530273,120800,0,0
2015-11-13,8.880000114440918,9.140000343322754,8.65999984741211,8.6899995803833,519700,0,0
2015-11-16,8.710000038146973,8.789999961853027,8.59000015258789,8.720000267028809,557600,0,0
2015-11-17,8.739999771118164,8.90999984741211,8.65999984741211,8.800000190734863,429100,0,0
2015-11-18,8.899999618530273,9.029999732971191,8.760000228881836,8.979999542236328,492500,0,0
2015-11-19,9.0,9.279999732971191,8.899999618530273,9.270000457763672,521300,0,0
2015-11-20,9.270000457763672,9.529999732971191,9.229999542236328,9.289999961853027,257600,0,0
2015-11-23,9.239999771118164,9.359999656677246,9.210000038146973,9.279999732971191,179200,0,0
2015-11-24,9.25,9.380000114440918,9.220000267028809,9.25,352700,0,0
2015-11-25,9.25,9.369999885559082,9.239999771118164,9.319999694824219,274200,0,0
2015-11-27,9.130000114440918,9.399999618530273,9.130000114440918,9.279999732971191,135800,0,0
2015-11-30,9.270000457763672,9.399999618530273,9.25,9.319999694824219,341000,0,0
2015-12-01,9.380000114440918,9.630000114440918,9.369999885559082,9.59000015258789,231100,0,0
2015-12-02,9.819999694824219,10.479999542236328,9.75,9.890000343322754,967100,0,0
2015-12-03,9.90999984741211,10.109999656677246,9.800000190734863,9.989999771118164,657100,0,0
2015-12-04,10.0,10.050000190734863,9.869999885559082,9.960000038146973,179800,0,0
2015-12-07,9.899999618530273,9.989999771118164,9.829999923706055,9.859999656677246,310000,0,0
2015-12-08,9.760000228881836,9.9399995803833,9.65999984741211,9.770000457763672,283000,0,0
2015-12-09,9.640000343322754,9.75,9.229999542236328,9.25,596800,0,0
2015-12-10,9.279999732971191,9.430000305175781,9.229999542236328,9.25,357200,0,0
2015-12-11,9.09000015258789,9.170000076293945,8.890000343322754,8.90999984741211,531500,0,0
2015-12-14,8.880000114440918,9.069999694824219,8.8100004196167,9.050000190734863,732500,0,0
2015-12-15,9.130000114440918,9.220000267028809,9.010000228881836,9.069999694824219,551700,0,0
2015-12-16,9.130000114440918,9.15999984741211,8.930000305175781,9.039999961853027,675100,0,0
2015-12-17,9.069999694824219,9.109999656677246,8.84000015258789,8.90999984741211,451700,0,0
2015-12-18,8.949999809265137,9.289999961853027,8.9399995803833,8.970000267028809,1419200,0,0
2015-12-21,9.0,9.449999809265137,8.979999542236328,9.430000305175781,623500,0,0
2015-12-22,9.489999771118164,9.489999771118164,9.359999656677246,9.40999984741211,491700,0,0
2015-12-23,9.489999771118164,9.6899995803833,9.449999809265137,9.640000343322754,677900,0,0
2015-12-24,9.609999656677246,9.800000190734863,9.59000015258789,9.680000305175781,116200,0,0
2015-12-28,9.600000381469727,9.729999542236328,9.539999961853027,9.630000114440918,282400,0,0
2015-12-29,9.680000305175781,9.789999961853027,9.619999885559082,9.670000076293945,225300,0,0
2015-12-30,9.649999618530273,9.75,9.40999984741211,9.420000076293945,228200,0,0
2015-12-31,9.40999984741211,9.470000267028809,9.170000076293945,9.170000076293945,303400,0,0
2016-01-04,8.989999771118164,9.020000457763672,8.779999732971191,9.0,538900,0,0
2016-01-05,9.029999732971191,9.050000190734863,8.65999984741211,8.65999984741211,452400,0,0
2016-01-06,8.5600004196167,8.979999542236328,8.5,8.550000190734863,1217100,0,0
2016-01-07,8.380000114440918,8.84000015258789,8.380000114440918,8.779999732971191,593600,0,0
2016-01-08,8.899999618530273,8.920000076293945,8.680000305175781,8.779999732971191,770700,0,0
2016-01-11,8.819999694824219,8.899999618530273,8.75,8.800000190734863,293400,0,0
2016-01-12,8.869999885559082,8.949999809265137,8.649999618530273,8.869999885559082,533100,0,0
2016-01-13,8.869999885559082,9.020000457763672,8.550000190734863,8.600000381469727,1151600,0,0
2016-01-14,8.619999885559082,9.180000305175781,8.539999961853027,9.100000381469727,756000,0,0
2016-01-15,8.789999961853027,9.029999732971191,8.65999984741211,8.850000381469727,553500,0,0
2016-01-19,8.930000305175781,9.029999732971191,8.729999542236328,8.829999923706055,414600,0,0
2016-01-20,8.65999984741211,8.920000076293945,8.489999771118164,8.800000190734863,465000,0,0
2016-01-21,8.819999694824219,8.920000076293945,8.670000076293945,8.760000228881836,384500,0,0
2016-01-22,8.90999984741211,9.010000228881836,8.819999694824219,8.869999885559082,248500,0,0
2016-01-25,8.8100004196167,9.149999618530273,8.789999961853027,9.140000343322754,432700,0,0
2016-01-26,9.140000343322754,9.640000343322754,9.09000015258789,9.550000190734863,595200,0,0
2016-01-27,9.5,9.600000381469727,9.1899995803833,9.1899995803833,414900,0,0
2016-01-28,9.260000228881836,9.399999618530273,9.140000343322754,9.170000076293945,233400,0,0
2016-01-29,9.119999885559082,9.390000343322754,9.100000381469727,9.3100004196167,389600,0,0
2016-02-01,9.260000228881836,9.430000305175781,9.1899995803833,9.369999885559082,271600,0,0
2016-02-02,9.270000457763672,9.3100004196167,8.970000267028809,8.979999542236328,281300,0,0
2016-02-03,8.6899995803833,9.239999771118164,8.170000076293945,8.520000457763672,853200,0,0
2016-02-04,8.289999961853027,8.569999694824219,8.279999732971191,8.489999771118164,472900,0,0
2016-02-05,8.430000305175781,8.430000305175781,8.020000457763672,8.079999923706055,948000,0,0
2016-02-08,7.989999771118164,7.989999771118164,7.480000019073486,7.78000020980835,759300,0,0
2016-02-09,7.5,7.650000095367432,7.369999885559082,7.489999771118164,529300,0,0
2016-02-10,7.570000171661377,7.619999885559082,7.260000228881836,7.28000020980835,398600,0,0
2016-02-11,7.050000190734863,7.510000228881836,7.050000190734863,7.440000057220459,468000,0,0
2016-02-12,7.510000228881836,7.53000020980835,7.360000133514404,7.380000114440918,298000,0,0
2016-02-16,7.460000038146973,7.539999961853027,7.380000114440918,7.510000228881836,330000,0,0
2016-02-17,7.460000038146973,7.599999904632568,7.460000038146973,7.53000020980835,369800,0,0
2016-02-18,7.579999923706055,7.679999828338623,7.53000020980835,7.559999942779541,268300,0,0
2016-02-19,7.559999942779541,7.840000152587891,7.539999961853027,7.710000038146973,262000,0,0
2016-02-22,7.699999809265137,7.710000038146973,7.460000038146973,7.480000019073486,475200,0,0
2016-02-23,7.480000019073486,7.630000114440918,7.480000019073486,7.570000171661377,332800,0,0
2016-02-24,7.5,7.619999885559082,7.380000114440918,7.619999885559082,226300,0,0
2016-02-25,7.619999885559082,7.690000057220459,7.510000228881836,7.650000095367432,247300,0,0
2016-02-26,7.670000076293945,7.78000020980835,7.599999904632568,7.71999979019165,185800,0,0
2016-02-29,7.710000038146973,7.889999866485596,7.690000057220459,7.78000020980835,435600,0,0
2016-03-01,7.809999942779541,7.940000057220459,7.760000228881836,7.840000152587891,326600,0,0
2016-03-02,7.800000190734863,8.0,7.800000190734863,7.940000057220459,314200,0,0
2016-03-03,7.920000076293945,8.140000343322754,7.880000114440918,8.09000015258789,205900,0,0
2016-03-04,8.09000015258789,8.239999771118164,8.050000190734863,8.199999809265137,236800,0,0
2016-03-07,8.119999885559082,8.270000457763672,8.109999656677246,8.1899995803833,192800,0,0
2016-03-08,8.109999656677246,8.180000305175781,8.050000190734863,8.050000190734863,150500,0,0
2016-03-09,8.050000190734863,8.130000114440918,7.980000019073486,8.010000228881836,168900,0,0
2016-03-10,8.010000228881836,8.09000015258789,7.639999866485596,7.679999828338623,235200,0,0
2016-03-11,7.730000019073486,7.889999866485596,7.699999809265137,7.800000190734863,175600,0,0
2016-03-14,7.769999980926514,7.980000019073486,7.710000038146973,7.940000057220459,214900,0,0
2016-03-15,7.869999885559082,7.949999809265137,7.809999942779541,7.849999904632568,193300,0,0
2016-03-16,7.809999942779541,7.920000076293945,7.78000020980835,7.860000133514404,148600,0,0
2016-03-17,7.829999923706055,8.050000190734863,7.78000020980835,8.020000457763672,117300,0,0
2016-03-18,8.0600004196167,8.180000305175781,7.960000038146973,7.96999979019165,491800,0,0
2016-03-21,7.940000057220459,8.180000305175781,7.940000057220459,8.119999885559082,151700,0,0
2016-03-22,8.0600004196167,8.130000114440918,7.989999771118164,7.989999771118164,87500,0,0
2016-03-23,7.989999771118164,7.989999771118164,7.630000114440918,7.650000095367432,140400,0,0
2016-03-24,7.599999904632568,7.800000190734863,7.53000020980835,7.760000228881836,138000,0,0
2016-03-28,7.760000228881836,7.840000152587891,7.590000152587891,7.630000114440918,205800,0,0
2016-03-29,7.599999904632568,8.029999732971191,7.599999904632568,8.010000228881836,234400,0,0
2016-03-30,8.010000228881836,8.0600004196167,7.920000076293945,8.020000457763672,223500,0,0
2016-03-31,7.989999771118164,8.170000076293945,7.699999809265137,8.069999694824219,1231200,0,0
2016-04-01,8.020000457763672,8.1899995803833,7.949999809265137,8.149999618530273,174100,0,0
2016-04-04,8.170000076293945,8.3100004196167,8.140000343322754,8.140000343322754,186200,0,0
2016-04-05,8.119999885559082,8.210000038146973,7.909999847412109,7.920000076293945,206300,0,0
2016-04-06,7.909999847412109,8.010000228881836,7.849999904632568,7.909999847412109,219300,0,0
2016-04-07,7.829999923706055,7.949999809265137,7.75,7.78000020980835,346600,0,0
2016-04-08,7.849999904632568,7.869999885559082,7.570000171661377,7.639999866485596,216400,0,0
2016-04-11,7.699999809265137,7.829999923706055,7.670000076293945,7.769999980926514,231700,0,0
2016-04-12,7.789999961853027,7.829999923706055,7.670000076293945,7.730000019073486,156000,0,0
2016-04-13,7.789999961853027,8.0,7.769999980926514,7.929999828338623,149300,0,0
2016-04-14,7.949999809265137,7.960000038146973,7.78000020980835,7.900000095367432,102800,0,0
2016-04-15,7.869999885559082,7.96999979019165,7.820000171661377,7.889999866485596,77800,0,0
2016-04-18,7.880000114440918,8.100000381469727,7.849999904632568,8.050000190734863,131700,0,0
2016-04-19,8.050000190734863,8.130000114440918,7.949999809265137,8.050000190734863,124500,0,0
2016-04-20,8.0600004196167,8.239999771118164,8.039999961853027,8.199999809265137,124000,0,0
2016-04-21,8.15999984741211,8.220000267028809,7.920000076293945,7.960000038146973,168700,0,0
2016-04-22,7.949999809265137,8.119999885559082,7.840000152587891,8.119999885559082,193100,0,0
2016-04-25,8.069999694824219,8.15999984741211,7.940000057220459,7.96999979019165,170700,0,0
2016-04-26,7.96999979019165,8.180000305175781,7.880000114440918,8.15999984741211,159300,0,0
2016-04-27,7.590000152587891,7.989999771118164,7.179999828338623,7.400000095367432,456100,0,0
2016-04-28,7.309999942779541,7.449999809265137,7.0,7.389999866485596,354000,0,0
2016-04-29,7.369999885559082,7.400000095367432,7.050000190734863,7.110000133514404,278300,0,0
2016-05-02,7.110000133514404,7.150000095367432,7.0,7.099999904632568,234100,0,0
2016-05-03,7.019999980926514,7.050000190734863,6.800000190734863,6.989999771118164,266500,0,0
2016-05-04,6.940000057220459,7.139999866485596,6.940000057220459,7.079999923706055,198900,0,0
2016-05-05,7.119999885559082,7.119999885559082,6.980000019073486,7.03000020980835,282300,0,0
2016-05-06,7.019999980926514,7.199999809265137,7.010000228881836,7.199999809265137,248700,0,0
2016-05-09,7.170000076293945,7.239999771118164,7.039999961853027,7.110000133514404,231800,0,0
2016-05-10,7.139999866485596,7.199999809265137,7.050000190734863,7.090000152587891,196300,0,0
2016-05-11,7.050000190734863,7.139999866485596,7.03000020980835,7.070000171661377,138900,0,0
2016-05-12,6.760000228881836,6.820000171661377,6.300000190734863,6.389999866485596,500700,0,0
2016-05-13,6.329999923706055,6.389999866485596,6.079999923706055,6.099999904632568,452600,0,0
2016-05-16,6.050000190734863,6.840000152587891,6.050000190734863,6.769999980926514,493200,0,0
2016-05-17,6.78000020980835,6.809999942779541,6.590000152587891,6.610000133514404,880000,0,0
2016-05-18,6.610000133514404,6.789999961853027,6.579999923706055,6.75,364100,0,0
2016-05-19,6.679999828338623,6.820000171661377,6.570000171661377,6.769999980926514,653600,0,0
2016-05-20,6.789999961853027,6.929999828338623,6.699999809265137,6.800000190734863,319100,0,0
2016-05-23,6.809999942779541,6.940000057220459,6.769999980926514,6.78000020980835,307800,0,0
2016-05-24,6.71999979019165,6.860000133514404,6.71999979019165,6.75,394300,0,0
2016-05-25,6.710000038146973,6.96999979019165,6.659999847412109,6.909999847412109,353300,0,0
2016-05-26,6.929999828338623,6.96999979019165,6.860000133514404,6.920000076293945,362000,0,0
2016-05-27,6.949999809265137,7.159999847412109,6.940000057220459,7.059999942779541,375800,0,0
2016-05-31,7.070000171661377,7.119999885559082,6.980000019073486,7.050000190734863,398600,0,0
2016-06-01,7.0,7.159999847412109,6.929999828338623,7.130000114440918,474000,0,0
2016-06-02,7.130000114440918,7.190000057220459,7.03000020980835,7.110000133514404,337000,0,0
2016-06-03,7.119999885559082,7.139999866485596,6.96999979019165,7.0,361200,0,0
2016-06-06,6.949999809265137,7.25,6.949999809265137,7.199999809265137,235500,0,0
2016-06-07,7.119999885559082,7.239999771118164,7.119999885559082,7.159999847412109,170300,0,0
2016-06-08,7.190000057220459,7.230000019073486,7.119999885559082,7.159999847412109,260200,0,0
2016-06-09,7.110000133514404,7.170000076293945,6.980000019073486,6.980000019073486,226900,0,0
2016-06-10,6.900000095367432,7.179999828338623,6.860000133514404,7.010000228881836,309800,0,0
2016-06-13,7.03000020980835,7.110000133514404,6.929999828338623,6.949999809265137,217300,0,0
2016-06-14,6.929999828338623,7.03000020980835,6.760000228881836,6.809999942779541,259800,0,0
2016-06-15,6.840000152587891,7.050000190734863,6.800000190734863,6.889999866485596,301300,0,0
2016-06-16,6.820000171661377,6.860000133514404,6.619999885559082,6.840000152587891,309300,0,0
2016-06-17,6.860000133514404,6.900000095367432,6.679999828338623,6.710000038146973,549300,0,0
2016-06-20,6.829999923706055,6.989999771118164,6.78000020980835,6.869999885559082,343300,0,0
2016-06-21,6.909999847412109,6.940000057220459,6.75,6.869999885559082,293400,0,0
2016-06-22,6.920000076293945,7.050000190734863,6.809999942779541,6.829999923706055,222800,0,0
2016-06-23,6.920000076293945,7.050000190734863,6.920000076293945,6.980000019073486,263000,0,0
2016-06-24,6.690000057220459,6.710000038146973,6.519999980926514,6.53000020980835,1629600,0,0
2016-06-27,6.489999771118164,6.5,5.989999771118164,6.039999961853027,408100,0,0
2016-06-28,6.070000171661377,6.210000038146973,6.050000190734863,6.139999866485596,407300,0,0
2016-06-29,6.170000076293945,6.25,6.010000228881836,6.090000152587891,326600,0,0
2016-06-30,6.119999885559082,6.260000228881836,6.059999942779541,6.230000019073486,461800,0,0
2016-07-01,6.199999809265137,6.269999980926514,6.0,6.260000228881836,354600,0,0
2016-07-05,6.260000228881836,6.409999847412109,6.179999828338623,6.179999828338623,376000,0,0
2016-07-06,6.150000095367432,6.300000190734863,6.110000133514404,6.210000038146973,267800,0,0
2016-07-07,6.320000171661377,6.619999885559082,6.230000019073486,6.420000076293945,350800,0,0
2016-07-08,6.539999961853027,6.599999904632568,6.440000057220459,6.53000020980835,317500,0,0
2016-07-11,6.53000020980835,6.610000133514404,6.480000019073486,6.579999923706055,260200,0,0
2016-07-12,6.670000076293945,6.800000190734863,6.590000152587891,6.769999980926514,496100,0,0
2016-07-13,6.829999923706055,6.909999847412109,6.75,6.800000190734863,316200,0,0
2016-07-14,6.900000095367432,6.920000076293945,6.75,6.809999942779541,205400,0,0
2016-07-15,6.880000114440918,6.880000114440918,6.75,6.78000020980835,150600,0,0
2016-07-18,6.809999942779541,6.869999885559082,6.71999979019165,6.820000171661377,287100,0,0
2016-07-19,6.840000152587891,6.849999904632568,6.71999979019165,6.71999979019165,198800,0,0
2016-07-20,6.71999979019165,6.909999847412109,6.690000057220459,6.840000152587891,258100,0,0
2016-07-21,6.860000133514404,7.03000020980835,6.820000171661377,6.829999923706055,242800,0,0
2016-07-22,6.869999885559082,7.110000133514404,6.760000228881836,7.059999942779541,319800,0,0
2016-07-25,7.050000190734863,7.110000133514404,6.989999771118164,6.989999771118164,204200,0,0
2016-07-26,7.03000020980835,7.199999809265137,7.03000020980835,7.190000057220459,212700,0,0
2016-07-27,7.150000095367432,7.739999771118164,6.900000095367432,7.570000171661377,401700,0,0
2016-07-28,7.489999771118164,7.619999885559082,7.449999809265137,7.539999961853027,196300,0,0
2016-07-29,7.349999904632568,7.420000076293945,7.230000019073486,7.289999961853027,324500,0,0
2016-08-01,7.309999942779541,7.340000152587891,7.190000057220459,7.260000228881836,206800,0,0
2016-08-02,7.230000019073486,7.320000171661377,7.130000114440918,7.139999866485596,255700,0,0
2016-08-03,7.099999904632568,7.159999847412109,7.019999980926514,7.099999904632568,362100,0,0
2016-08-04,7.090000152587891,7.199999809265137,7.019999980926514,7.070000171661377,128600,0,0
2016-08-05,7.150000095367432,7.25,7.070000171661377,7.190000057220459,187700,0,0
2016-08-08,7.139999866485596,7.239999771118164,7.090000152587891,7.199999809265137,239600,0,0
2016-08-09,7.199999809265137,7.199999809265137,7.070000171661377,7.090000152587891,172200,0,0
2016-08-10,7.050000190734863,7.119999885559082,7.0,7.099999904632568,208000,0,0
2016-08-11,7.099999904632568,7.110000133514404,7.039999961853027,7.079999923706055,180900,0,0
2016-08-12,7.03000020980835,7.070000171661377,6.989999771118164,7.059999942779541,124000,0,0
2016-08-15,7.019999980926514,7.119999885559082,7.0,7.090000152587891,300700,0,0
2016-08-16,7.099999904632568,7.110000133514404,7.010000228881836,7.03000020980835,188400,0,0
2016-08-17,7.0,7.199999809265137,6.980000019073486,7.199999809265137,322400,0,0
2016-08-18,7.179999828338623,7.269999980926514,7.130000114440918,7.170000076293945,186700,0,0
2016-08-19,7.150000095367432,7.309999942779541,7.130000114440918,7.28000020980835,195900,0,0
2016-08-22,7.230000019073486,7.360000133514404,7.179999828338623,7.28000020980835,182800,0,0
2016-08-23,7.340000152587891,7.440000057220459,7.199999809265137,7.239999771118164,328800,0,0
2016-08-24,7.260000228881836,7.420000076293945,7.260000228881836,7.400000095367432,138600,0,0
2016-08-25,7.389999866485596,7.46999979019165,7.360000133514404,7.409999847412109,203800,0,0
2016-08-26,7.380000114440918,7.590000152587891,7.380000114440918,7.539999961853027,176500,0,0
2016-08-29,7.519999980926514,7.590000152587891,7.46999979019165,7.510000228881836,178600,0,0
2016-08-30,7.5,7.710000038146973,7.5,7.679999828338623,139400,0,0
2016-08-31,7.71999979019165,7.789999961853027,7.650000095367432,7.739999771118164,273100,0,0
2016-09-01,7.699999809265137,7.820000171661377,7.610000133514404,7.809999942779541,237900,0,0
2016-09-02,7.860000133514404,8.050000190734863,7.829999923706055,8.0,227700,0,0
2016-09-06,7.940000057220459,8.0600004196167,7.909999847412109,7.980000019073486,260800,0,0
2016-09-07,7.929999828338623,8.100000381469727,7.849999904632568,7.940000057220459,260600,0,0
2016-09-08,7.960000038146973,8.069999694824219,7.880000114440918,8.0600004196167,154000,0,0
2016-09-09,8.029999732971191,8.050000190734863,7.75,7.760000228881836,234900,0,0
2016-09-12,7.679999828338623,7.920000076293945,7.650000095367432,7.909999847412109,247200,0,0
2016-09-13,7.849999904632568,7.880000114440918,7.550000190734863,7.579999923706055,346000,0,0
2016-09-14,7.610000133514404,7.699999809265137,7.489999771118164,7.5,248200,0,0
2016-09-15,7.550000190734863,7.610000133514404,7.46999979019165,7.5,279700,0,0
2016-09-16,7.510000228881836,7.670000076293945,7.429999828338623,7.630000114440918,1444600,0,0
2016-09-19,7.599999904632568,7.760000228881836,7.590000152587891,7.699999809265137,267500,0,0
2016-09-20,7.789999961853027,7.789999961853027,7.659999847412109,7.699999809265137,229600,0,0
2016-09-21,7.800000190734863,8.100000381469727,7.639999866485596,7.769999980926514,261200,0,0
2016-09-22,7.849999904632568,8.100000381469727,7.78000020980835,8.09000015258789,271900,0,0
2016-09-23,8.0,8.079999923706055,7.909999847412109,8.020000457763672,229200,0,0
2016-09-26,7.929999828338623,7.96999979019165,7.710000038146973,7.71999979019165,181000,0,0
2016-09-27,7.739999771118164,7.800000190734863,7.690000057220459,7.78000020980835,226500,0,0
2016-09-28,7.789999961853027,7.949999809265137,7.78000020980835,7.909999847412109,233700,0,0
2016-09-29,7.940000057220459,7.940000057220459,7.679999828338623,7.699999809265137,293400,0,0
2016-09-30,7.769999980926514,7.909999847412109,7.679999828338623,7.889999866485596,241800,0,0
2016-10-03,7.820000171661377,7.96999979019165,7.789999961853027,7.96999979019165,251800,0,0
2016-10-04,7.989999771118164,8.109999656677246,7.989999771118164,8.100000381469727,158900,0,0
2016-10-05,8.149999618530273,8.40999984741211,8.119999885559082,8.350000381469727,272400,0,0
2016-10-06,8.3100004196167,8.329999923706055,8.199999809265137,8.319999694824219,231200,0,0
2016-10-07,8.34000015258789,8.430000305175781,8.229999542236328,8.229999542236328,168600,0,0
2016-10-10,8.350000381469727,8.399999618530273,8.25,8.300000190734863,111300,0,0
2016-10-11,8.25,8.300000190734863,7.900000095367432,7.949999809265137,166700,0,0
2016-10-12,7.949999809265137,8.149999618530273,7.949999809265137,8.0,122800,0,0
2016-10-13,8.0,8.350000381469727,7.849999904632568,8.0,181200,0,0
2016-10-14,8.100000381469727,8.100000381469727,7.800000190734863,7.849999904632568,227200,0,0
2016-10-17,7.75,7.75,6.28000020980835,6.349999904632568,709200,0,0
2016-10-18,6.400000095367432,6.5,6.0,6.150000095367432,469200,0,0
2016-10-19,6.110000133514404,6.300000190734863,5.800000190734863,6.0,423800,0,0
2016-10-20,6.0,6.0,5.699999809265137,5.789999961853027,301600,0,0
2016-10-21,5.599999904632568,6.050000190734863,5.599999904632568,6.0,319200,0,0
2016-10-24,6.0,6.150000095367432,5.949999809265137,6.050000190734863,348600,0,0
2016-10-25,6.050000190734863,6.099999904632568,5.849999904632568,5.849999904632568,237200,0,0
2016-10-26,5.849999904632568,6.0,5.699999809265137,5.75,327300,0,0
2016-10-27,5.75,5.78000020980835,5.5,5.650000095367432,306700,0,0
2016-10-28,5.599999904632568,5.659999847412109,5.28000020980835,5.349999904632568,181200,0,0
2016-10-31,5.449999809265137,5.699999809265137,5.400000095367432,5.699999809265137,529800,0,0
2016-11-01,5.550000190734863,5.800000190734863,4.949999809265137,5.699999809265137,573000,0,0
2016-11-02,5.599999904632568,5.849999904632568,5.599999904632568,5.650000095367432,250800,0,0
2016-11-03,5.599999904632568,5.650000095367432,5.199999809265137,5.25,205100,0,0
2016-11-04,5.25,5.480000019073486,5.099999904632568,5.150000095367432,364100,0,0
2016-11-07,5.150000095367432,5.550000190734863,5.130000114440918,5.5,265100,0,0
2016-11-08,5.5,5.599999904632568,5.349999904632568,5.599999904632568,120000,0,0
2016-11-09,5.5,6.0,5.400000095367432,5.949999809265137,301400,0,0
2016-11-10,6.0,6.099999904632568,5.699999809265137,5.75,382000,0,0
2016-11-11,5.800000190734863,6.650000095367432,5.800000190734863,6.5,492000,0,0
2016-11-14,6.599999904632568,6.650000095367432,5.900000095367432,5.949999809265137,352800,0,0
2016-11-15,5.900000095367432,6.199999809265137,5.849999904632568,6.150000095367432,176700,0,0
2016-11-16,6.150000095367432,6.300000190734863,6.099999904632568,6.25,192100,0,0
2016-11-17,6.25,6.429999828338623,6.199999809265137,6.199999809265137,180200,0,0
2016-11-18,6.199999809265137,6.25,5.949999809265137,6.050000190734863,269300,0,0
2016-11-21,6.099999904632568,6.349999904632568,6.050000190734863,6.150000095367432,262400,0,0
2016-11-22,6.099999904632568,6.550000190734863,6.099999904632568,6.550000190734863,172500,0,0
2016-11-23,6.599999904632568,6.679999828338623,6.400000095367432,6.449999809265137,174700,0,0
2016-11-25,6.5,6.599999904632568,6.380000114440918,6.599999904632568,68200,0,0
2016-11-28,6.599999904632568,6.599999904632568,6.300000190734863,6.349999904632568,175600,0,0
2016-11-29,6.400000095367432,6.400000095367432,6.150000095367432,6.25,267300,0,0
2016-11-30,6.349999904632568,6.400000095367432,6.079999923706055,6.099999904632568,129400,0,0
2016-12-01,6.150000095367432,6.349999904632568,6.010000228881836,6.050000190734863,198600,0,0
2016-12-02,6.050000190734863,6.150000095367432,5.949999809265137,6.0,162500,0,0
2016-12-05,6.099999904632568,6.230000019073486,6.079999923706055,6.199999809265137,512500,0,0
2016-12-06,6.099999904632568,6.300000190734863,6.099999904632568,6.150000095367432,337200,0,0
2016-12-07,6.150000095367432,6.349999904632568,6.099999904632568,6.099999904632568,359200,0,0
2016-12-08,6.150000095367432,6.349999904632568,6.099999904632568,6.199999809265137,464100,0,0
2016-12-09,6.199999809265137,6.429999828338623,6.050000190734863,6.25,391400,0,0
2016-12-12,6.25,6.400000095367432,6.099999904632568,6.300000190734863,414500,0,0
2016-12-13,6.349999904632568,6.800000190734863,6.349999904632568,6.5,449900,0,0
2016-12-14,6.5,6.550000190734863,6.25,6.349999904632568,236100,0,0
2016-12-15,6.300000190734863,6.699999809265137,6.300000190734863,6.699999809265137,233600,0,0
2016-12-16,6.650000095367432,6.75,6.349999904632568,6.5,795400,0,0
2016-12-19,6.449999809265137,6.75,6.449999809265137,6.550000190734863,171000,0,0
2016-12-20,6.650000095367432,6.650000095367432,6.349999904632568,6.400000095367432,167200,0,0
2016-12-21,6.449999809265137,6.75,6.349999904632568,6.650000095367432,180800,0,0
2016-12-22,6.650000095367432,6.699999809265137,6.25,6.300000190734863,105300,0,0
2016-12-23,6.300000190734863,6.400000095367432,6.199999809265137,6.25,100700,0,0
2016-12-27,6.199999809265137,6.449999809265137,6.150000095367432,6.449999809265137,103000,0,0
2016-12-28,6.5,6.5,6.199999809265137,6.300000190734863,76300,0,0
2016-12-29,6.300000190734863,6.400000095367432,6.199999809265137,6.400000095367432,83700,0,0
2016-12-30,6.349999904632568,6.349999904632568,6.099999904632568,6.25,105100,0,0
2017-01-03,6.349999904632568,6.349999904632568,6.050000190734863,6.25,143200,0,0
2017-01-04,6.300000190734863,6.5,6.150000095367432,6.449999809265137,197100,0,0
2017-01-05,6.449999809265137,6.449999809265137,6.099999904632568,6.150000095367432,146300,0,0
2017-01-06,6.150000095367432,6.179999828338623,5.849999904632568,6.0,239200,0,0
2017-01-09,6.099999904632568,6.150000095367432,5.900000095367432,6.050000190734863,161300,0,0
2017-01-10,6.099999904632568,6.199999809265137,5.949999809265137,6.0,182500,0,0
2017-01-11,6.0,6.03000020980835,5.900000095367432,6.0,167200,0,0
2017-01-12,6.0,6.050000190734863,5.75,5.849999904632568,102000,0,0
2017-01-13,5.849999904632568,5.980000019073486,5.75,5.849999904632568,247700,0,0
2017-01-17,5.800000190734863,6.300000190734863,5.800000190734863,6.150000095367432,231700,0,0
2017-01-18,6.199999809265137,6.199999809265137,5.75,5.900000095367432,186700,0,0
2017-01-19,5.949999809265137,5.949999809265137,5.599999904632568,5.599999904632568,154200,0,0
2017-01-20,5.599999904632568,5.900000095367432,5.599999904632568,5.75,194800,0,0
2017-01-23,5.800000190734863,5.900000095367432,5.599999904632568,5.699999809265137,152400,0,0
2017-01-24,5.699999809265137,5.849999904632568,5.300000190734863,5.75,301700,0,0
2017-01-25,5.849999904632568,6.099999904632568,5.75,6.0,99700,0,0
2017-01-26,6.050000190734863,6.050000190734863,5.800000190734863,5.900000095367432,64600,0,0
2017-01-27,5.849999904632568,6.050000190734863,5.579999923706055,5.650000095367432,174800,0,0
2017-01-30,5.599999904632568,5.599999904632568,5.420000076293945,5.550000190734863,138700,0,0
2017-01-31,5.550000190734863,5.75,5.5,5.699999809265137,216800,0,0
2017-02-01,5.75,5.849999904632568,5.53000020980835,5.599999904632568,116500,0,0
2017-02-02,5.599999904632568,5.650000095367432,5.449999809265137,5.5,102800,0,0
2017-02-03,5.599999904632568,5.699999809265137,5.5,5.650000095367432,122200,0,0
2017-02-06,5.650000095367432,5.650000095367432,5.199999809265137,5.400000095367432,230300,0,0
2017-02-07,5.800000190734863,5.900000095367432,5.300000190734863,5.349999904632568,312200,0,0
2017-02-08,5.349999904632568,5.349999904632568,5.099999904632568,5.349999904632568,187700,0,0
2017-02-09,5.400000095367432,5.449999809265137,5.099999904632568,5.199999809265137,292000,0,0
2017-02-10,5.099999904632568,5.199999809265137,4.800000190734863,4.849999904632568,193900,0,0
2017-02-13,4.800000190734863,4.900000095367432,4.599999904632568,4.75,310500,0,0
2017-02-14,4.75,5.150000095367432,4.75,5.050000190734863,215200,0,0
2017-02-15,5.0,5.199999809265137,4.900000095367432,5.199999809265137,199400,0,0
2017-02-16,5.199999809265137,5.300000190734863,5.099999904632568,5.199999809265137,154600,0,0
2017-02-17,5.300000190734863,5.449999809265137,5.099999904632568,5.400000095367432,202700,0,0
2017-02-21,5.400000095367432,5.449999809265137,5.25,5.400000095367432,199900,0,0
2017-02-22,5.400000095367432,5.449999809265137,5.300000190734863,5.449999809265137,160900,0,0
2017-02-23,5.449999809265137,5.449999809265137,4.949999809265137,5.0,184600,0,0
2017-02-24,4.900000095367432,5.050000190734863,4.880000114440918,4.949999809265137,317300,0,0
2017-02-27,4.949999809265137,5.050000190734863,4.949999809265137,5.0,204200,0,0
2017-02-28,5.0,5.03000020980835,4.900000095367432,4.949999809265137,172300,0,0
2017-03-01,5.099999904632568,5.199999809265137,4.949999809265137,5.099999904632568,242700,0,0
2017-03-02,5.099999904632568,5.099999904632568,5.0,5.050000190734863,84200,0,0
2017-03-03,5.050000190734863,5.199999809265137,5.0,5.099999904632568,256200,0,0
2017-03-06,5.050000190734863,5.099999904632568,4.550000190734863,4.599999904632568,326600,0,0
2017-03-07,4.5,4.75,4.449999809265137,4.599999904632568,173400,0,0
2017-03-08,4.599999904632568,4.599999904632568,4.449999809265137,4.449999809265137,181100,0,0
2017-03-09,4.400000095367432,4.650000095367432,4.349999904632568,4.599999904632568,212900,0,0
2017-03-10,4.650000095367432,4.75,4.5,4.599999904632568,234500,0,0
2017-03-13,4.599999904632568,4.650000095367432,4.46999979019165,4.550000190734863,219100,0,0
2017-03-14,4.550000190734863,4.650000095367432,4.449999809265137,4.650000095367432,138400,0,0
2017-03-15,4.650000095367432,4.699999809265137,4.449999809265137,4.5,325800,0,0
2017-03-16,4.550000190734863,4.75,4.550000190734863,4.650000095367432,424700,0,0
2017-03-17,4.75,4.75,4.5,4.550000190734863,1312500,0,0
2017-03-20,4.599999904632568,4.699999809265137,4.199999809265137,4.449999809265137,601600,0,0
2017-03-21,4.449999809265137,4.5,4.199999809265137,4.300000190734863,310700,0,0
2017-03-22,4.25,4.349999904632568,4.150000095367432,4.25,280000,0,0
2017-03-23,4.25,4.349999904632568,4.150000095367432,4.150000095367432,294200,0,0
2017-03-24,4.199999809265137,4.300000190734863,4.050000190734863,4.25,531600,0,0
2017-03-27,4.099999904632568,4.349999904632568,3.950000047683716,3.990000009536743,606600,0,0
2017-03-28,3.950000047683716,4.050000190734863,3.930000066757202,3.950000047683716,315500,0,0
2017-03-29,3.950000047683716,4.349999904632568,3.950000047683716,4.300000190734863,453900,0,0
2017-03-30,4.349999904632568,4.449999809265137,4.099999904632568,4.150000095367432,429000,0,0
2017-03-31,4.199999809265137,4.199999809265137,3.9000000953674316,3.950000047683716,455300,0,0
2017-04-03,3.950000047683716,4.199999809265137,3.9000000953674316,4.050000190734863,453200,0,0
2017-04-04,4.050000190734863,4.099999904632568,3.950000047683716,4.050000190734863,355100,0,0
2017-04-05,4.099999904632568,4.579999923706055,4.050000190734863,4.400000095367432,414900,0,0
2017-04-06,4.400000095367432,4.449999809265137,4.150000095367432,4.25,487900,0,0
2017-04-07,4.25,4.650000095367432,4.25,4.5,234300,0,0
2017-04-10,4.550000190734863,4.650000095367432,4.400000095367432,4.400000095367432,195100,0,0
2017-04-11,4.449999809265137,4.699999809265137,4.429999828338623,4.699999809265137,198000,0,0
2017-04-12,4.599999904632568,4.599999904632568,3.950000047683716,3.950000047683716,844200,0,0
2017-04-13,4.0,4.099999904632568,3.950000047683716,4.099999904632568,414600,0,0
2017-04-17,4.050000190734863,4.099999904632568,3.950000047683716,4.0,240900,0,0
2017-04-18,4.0,4.050000190734863,3.950000047683716,4.0,355600,0,0
2017-04-19,4.0,4.050000190734863,3.950000047683716,4.0,385600,0,0
2017-04-20,4.0,4.03000020980835,3.8499999046325684,3.9000000953674316,238900,0,0
2017-04-21,3.9000000953674316,3.930000066757202,3.5999999046325684,3.5999999046325684,722300,0,0
2017-04-24,3.5999999046325684,3.700000047683716,3.5999999046325684,3.700000047683716,514800,0,0
2017-04-25,3.6500000953674316,3.8499999046325684,3.6500000953674316,3.799999952316284,482000,0,0
2017-04-26,3.799999952316284,3.9000000953674316,3.799999952316284,3.8499999046325684,291600,0,0
2017-04-27,3.9000000953674316,3.950000047683716,3.799999952316284,3.799999952316284,412500,0,0
2017-04-28,3.799999952316284,3.950000047683716,3.75,3.8499999046325684,403500,0,0
2017-05-01,3.9000000953674316,3.9000000953674316,3.5999999046325684,3.5999999046325684,309600,0,0
2017-05-02,3.5999999046325684,3.6500000953674316,3.450000047683716,3.450000047683716,927500,0,0
2017-05-03,3.0999999046325684,3.700000047683716,3.0999999046325684,3.5,909000,0,0
2017-05-04,3.5,3.549999952316284,3.450000047683716,3.5,825400,0,0
2017-05-05,3.549999952316284,3.549999952316284,3.380000114440918,3.450000047683716,880500,0,0
2017-05-08,3.4000000953674316,3.5999999046325684,3.4000000953674316,3.5999999046325684,631900,0,0
2017-05-09,3.5999999046325684,3.6500000953674316,3.5,3.549999952316284,436000,0,0
2017-05-10,3.5,3.5999999046325684,3.299999952316284,3.4000000953674316,668300,0,0
2017-05-11,3.450000047683716,3.5,3.3499999046325684,3.3499999046325684,326900,0,0
2017-05-12,3.4000000953674316,3.450000047683716,3.25,3.299999952316284,345000,0,0
2017-05-15,3.25,3.299999952316284,3.1500000953674316,3.200000047683716,618700,0,0
2017-05-16,3.200000047683716,3.25,3.0999999046325684,3.0999999046325684,558700,0,0
2017-05-17,3.0999999046325684,3.1500000953674316,3.0,3.0999999046325684,655600,0,0
2017-05-18,3.0999999046325684,3.1500000953674316,3.049999952316284,3.0999999046325684,316400,0,0
2017-05-19,3.0999999046325684,3.1500000953674316,2.799999952316284,2.799999952316284,636900,0,0
2017-05-22,2.799999952316284,2.9000000953674316,2.799999952316284,2.9000000953674316,468900,0,0
2017-05-23,2.9000000953674316,2.950000047683716,2.799999952316284,2.8499999046325684,339500,0,0
2017-05-24,2.8499999046325684,3.049999952316284,2.8499999046325684,3.0,434300,0,0
2017-05-25,3.0,3.049999952316284,2.799999952316284,2.799999952316284,416600,0,0
2017-05-26,2.8499999046325684,2.9000000953674316,2.75,2.799999952316284,351500,0,0
2017-05-30,2.8499999046325684,2.8499999046325684,2.6500000953674316,2.700000047683716,366100,0,0
2017-05-31,2.75,2.950000047683716,2.75,2.8499999046325684,627500,0,0
2017-06-01,2.9000000953674316,3.0,2.8499999046325684,2.950000047683716,180500,0,0
2017-06-02,2.950000047683716,3.0,2.799999952316284,2.799999952316284,340100,0,0
2017-06-05,2.799999952316284,2.950000047683716,2.6500000953674316,2.700000047683716,329100,0,0
2017-06-06,2.700000047683716,2.75,2.5999999046325684,2.700000047683716,425100,0,0
2017-06-07,2.700000047683716,2.75,2.680000066757202,2.75,254400,0,0
2017-06-08,2.75,2.8499999046325684,2.680000066757202,2.799999952316284,286800,0,0
2017-06-09,2.75,2.8299999237060547,2.6500000953674316,2.700000047683716,355600,0,0
2017-06-12,2.700000047683716,2.799999952316284,2.6500000953674316,2.75,328000,0,0
2017-06-13,2.799999952316284,2.799999952316284,2.5999999046325684,2.5999999046325684,281400,0,0
2017-06-14,2.5999999046325684,2.75,2.5299999713897705,2.5999999046325684,572200,0,0
2017-06-15,2.5999999046325684,2.700000047683716,2.549999952316284,2.700000047683716,236100,0,0
2017-06-16,2.6500000953674316,2.6500000953674316,2.5,2.549999952316284,1369300,0,0
2017-06-19,2.5999999046325684,2.75,2.5,2.75,418200,0,0
2017-06-20,2.799999952316284,2.8499999046325684,2.5999999046325684,2.700000047683716,448000,0,0
2017-06-21,2.700000047683716,2.700000047683716,2.630000114440918,2.6500000953674316,237100,0,0
2017-06-22,2.700000047683716,2.799999952316284,2.6500000953674316,2.700000047683716,176100,0,0
2017-06-23,2.75,3.0,2.6500000953674316,2.950000047683716,1384300,0,0
2017-06-26,3.049999952316284,3.049999952316284,2.8499999046325684,2.8499999046325684,183500,0,0
2017-06-27,2.8499999046325684,2.8499999046325684,2.799999952316284,2.8499999046325684,449100,0,0
2017-06-28,2.8499999046325684,2.9000000953674316,2.799999952316284,2.8499999046325684,178300,0,0
2017-06-29,2.8499999046325684,2.9000000953674316,2.8499999046325684,2.8499999046325684,106100,0,0
2017-06-30,2.9000000953674316,2.9000000953674316,2.799999952316284,2.8499999046325684,112500,0,0
2017-07-03,2.8499999046325684,2.8499999046325684,2.75,2.75,165300,0,0
2017-07-05,2.75,2.7799999713897705,2.6500000953674316,2.6500000953674316,197600,0,0
2017-07-06,2.6500000953674316,2.6500000953674316,2.549999952316284,2.5999999046325684,158300,0,0
2017-07-07,2.5999999046325684,2.5999999046325684,2.5,2.549999952316284,157800,0,0
2017-07-10,2.5999999046325684,2.6500000953674316,2.4000000953674316,2.5,299400,0,0
2017-07-11,2.5,2.700000047683716,2.5,2.6500000953674316,318800,0,0
2017-07-12,2.6500000953674316,2.8499999046325684,2.6500000953674316,2.8499999046325684,317700,0,0
2017-07-13,2.799999952316284,2.799999952316284,2.700000047683716,2.799999952316284,173200,0,0
2017-07-14,2.75,2.799999952316284,2.700000047683716,2.75,170800,0,0
2017-07-17,2.75,2.75,2.700000047683716,2.75,180400,0,0
2017-07-18,2.700000047683716,2.799999952316284,2.700000047683716,2.799999952316284,151500,0,0
2017-07-19,2.75,2.880000114440918,2.700000047683716,2.700000047683716,155700,0,0
2017-07-20,2.75,2.75,2.549999952316284,2.5999999046325684,216100,0,0
2017-07-21,2.700000047683716,2.75,2.5999999046325684,2.6500000953674316,512100,0,0
2017-07-24,2.6500000953674316,2.700000047683716,2.549999952316284,2.6500000953674316,288000,0,0
2017-07-25,2.6500000953674316,2.75,2.6500000953674316,2.75,196400,0,0
2017-07-26,2.75,2.75,2.6500000953674316,2.700000047683716,284100,0,0
2017-07-27,2.75,2.75,2.5999999046325684,2.6500000953674316,128700,0,0
2017-07-28,2.5999999046325684,2.5999999046325684,2.4000000953674316,2.4000000953674316,252100,0,0
2017-07-31,2.450000047683716,2.5,2.1500000953674316,2.200000047683716,374400,0,0
2017-08-01,2.200000047683716,2.299999952316284,2.200000047683716,2.200000047683716,490800,0,0
2017-08-02,2.25,2.3499999046325684,2.200000047683716,2.299999952316284,244500,0,0
2017-08-03,2.299999952316284,2.4200000762939453,2.25,2.299999952316284,348400,0,0
2017-08-04,2.299999952316284,2.4000000953674316,2.25,2.299999952316284,263500,0,0
2017-08-07,2.3499999046325684,2.3499999046325684,2.25,2.299999952316284,160100,0,0
2017-08-08,2.299999952316284,2.450000047683716,2.25,2.4000000953674316,204600,0,0
2017-08-09,2.4000000953674316,2.4000000953674316,2.25,2.299999952316284,239400,0,0
2017-08-10,2.25,2.299999952316284,2.0999999046325684,2.0999999046325684,374100,0,0
2017-08-11,2.0,2.1500000953674316,1.9500000476837158,2.0999999046325684,334200,0,0
2017-08-14,2.0999999046325684,2.25,2.0999999046325684,2.0999999046325684,380200,0,0
2017-08-15,2.1500000953674316,2.200000047683716,1.899999976158142,1.899999976158142,329500,0,0
2017-08-16,1.9500000476837158,1.9500000476837158,1.75,1.7999999523162842,486700,0,0
2017-08-17,1.75,2.049999952316284,1.75,1.9500000476837158,417600,0,0
2017-08-18,1.899999976158142,2.0,1.8300000429153442,2.0,271400,0,0
2017-08-21,1.9500000476837158,2.0,1.899999976158142,1.9500000476837158,156300,0,0
2017-08-22,1.9500000476837158,2.0,1.75,1.850000023841858,241200,0,0
2017-08-23,1.850000023841858,1.899999976158142,1.75,1.7999999523162842,167900,0,0
2017-08-24,1.7999999523162842,1.850000023841858,1.75,1.7999999523162842,281800,0,0
2017-08-25,1.7999999523162842,2.0,1.7999999523162842,2.0,193400,0,0
2017-08-28,2.0,2.0,1.899999976158142,2.0,151000,0,0
2017-08-29,2.0,2.0,1.850000023841858,1.850000023841858,164200,0,0
2017-08-30,1.850000023841858,1.9299999475479126,1.850000023841858,1.850000023841858,148300,0,0
2017-08-31,1.850000023841858,2.0,1.850000023841858,1.9500000476837158,195600,0,0
2017-09-01,2.0,2.1500000953674316,1.9500000476837158,2.0999999046325684,210600,0,0
2017-09-05,2.0999999046325684,2.1500000953674316,1.9500000476837158,2.0,274300,0,0
2017-09-06,2.0,2.0,1.9500000476837158,2.0,139800,0,0
2017-09-07,2.0,2.1500000953674316,1.9500000476837158,2.1500000953674316,289600,0,0
2017-09-08,2.1500000953674316,2.190000057220459,2.049999952316284,2.049999952316284,181800,0,0
2017-09-11,2.049999952316284,2.0899999141693115,1.8300000429153442,2.0,457600,0,0
2017-09-12,2.049999952316284,2.049999952316284,2.0,2.0,164900,0,0
2017-09-13,2.0,2.0999999046325684,1.9500000476837158,2.049999952316284,240000,0,0
2017-09-14,2.049999952316284,2.0999999046325684,2.049999952316284,2.0999999046325684,152300,0,0
2017-09-15,2.0999999046325684,2.0999999046325684,2.0,2.0999999046325684,981500,0,0
2017-09-18,2.0999999046325684,2.0999999046325684,2.049999952316284,2.0999999046325684,146000,0,0
2017-09-19,2.0999999046325684,2.0999999046325684,2.049999952316284,2.0999999046325684,301200,0,0
2017-09-20,2.0999999046325684,2.1500000953674316,2.049999952316284,2.1500000953674316,167700,0,0
2017-09-21,2.1500000953674316,2.299999952316284,2.130000114440918,2.299999952316284,229300,0,0
2017-09-22,2.299999952316284,2.3499999046325684,2.200000047683716,2.3499999046325684,229100,0,0
2017-09-25,2.299999952316284,2.3499999046325684,2.25,2.299999952316284,174600,0,0
2017-09-26,2.299999952316284,2.4000000953674316,2.25,2.299999952316284,127700,0,0
2017-09-27,2.3499999046325684,2.5,2.25,2.5,288800,0,0
2017-09-28,2.5,2.5999999046325684,2.3499999046325684,2.549999952316284,474200,0,0
2017-09-29,2.5999999046325684,2.700000047683716,2.5,2.5999999046325684,340300,0,0
2017-10-02,2.5999999046325684,2.6500000953674316,2.5,2.549999952316284,294700,0,0
2017-10-03,2.5999999046325684,2.5999999046325684,2.450000047683716,2.5,516800,0,0
2017-10-04,2.549999952316284,2.549999952316284,2.450000047683716,2.450000047683716,170600,0,0
2017-10-05,2.5,2.549999952316284,2.450000047683716,2.450000047683716,229000,0,0
2017-10-06,2.450000047683716,2.549999952316284,2.450000047683716,2.5,189400,0,0
2017-10-09,2.5,2.549999952316284,2.450000047683716,2.450000047683716,196800,0,0
2017-10-10,2.5,2.6500000953674316,2.450000047683716,2.450000047683716,413500,0,0
2017-10-11,2.5,2.549999952316284,2.450000047683716,2.5,152500,0,0
2017-10-12,2.5,2.549999952316284,2.450000047683716,2.450000047683716,165700,0,0
2017-10-13,2.450000047683716,2.549999952316284,2.450000047683716,2.549999952316284,205700,0,0
2017-10-16,2.549999952316284,2.549999952316284,2.25,2.4000000953674316,252600,0,0
2017-10-17,2.3499999046325684,2.450000047683716,2.299999952316284,2.4000000953674316,91900,0,0
2017-10-18,2.3499999046325684,2.3499999046325684,2.25,2.25,182100,0,0
2017-10-19,2.25,2.299999952316284,2.200000047683716,2.200000047683716,109500,0,0
2017-10-20,2.25,2.25,2.200000047683716,2.200000047683716,86300,0,0
2017-10-23,2.25,2.3299999237060547,2.200000047683716,2.25,190500,0,0
2017-10-24,2.299999952316284,2.299999952316284,2.200000047683716,2.200000047683716,76700,0,0
2017-10-25,2.200000047683716,2.299999952316284,2.0999999046325684,2.25,148500,0,0
2017-10-26,2.299999952316284,2.299999952316284,2.2100000381469727,2.299999952316284,71500,0,0
2017-10-27,2.299999952316284,2.4000000953674316,2.1500000953674316,2.4000000953674316,191500,0,0
2017-10-30,2.3499999046325684,2.3499999046325684,2.200000047683716,2.25,238500,0,0
2017-10-31,2.25,2.25,2.0999999046325684,2.200000047683716,226000,0,0
2017-11-01,2.1500000953674316,2.25,2.1500000953674316,2.25,160400,0,0
2017-11-02,2.3499999046325684,2.3499999046325684,2.1500000953674316,2.299999952316284,98100,0,0
2017-11-03,2.25,2.25,2.0,2.049999952316284,166000,0,0
2017-11-06,2.0,2.049999952316284,2.0,2.0,122200,0,0
2017-11-07,2.0,2.049999952316284,1.899999976158142,1.899999976158142,253900,0,0
2017-11-08,1.899999976158142,1.9500000476837158,1.850000023841858,1.899999976158142,119300,0,0
2017-11-09,1.899999976158142,2.0,1.7999999523162842,1.850000023841858,131200,0,0
2017-11-10,1.899999976158142,1.9500000476837158,1.850000023841858,1.899999976158142,236900,0,0
2017-11-13,1.850000023841858,1.899999976158142,1.7999999523162842,1.7999999523162842,247100,0,0
2017-11-14,1.7999999523162842,1.899999976158142,1.75,1.899999976158142,167700,0,0
2017-11-15,1.899999976158142,1.899999976158142,1.75,1.75,209400,0,0
2017-11-16,1.75,1.850000023841858,1.7000000476837158,1.850000023841858,173000,0,0
2017-11-17,1.7999999523162842,1.899999976158142,1.75,1.75,154500,0,0
2017-11-20,1.75,1.899999976158142,1.75,1.850000023841858,169600,0,0
2017-11-21,1.899999976158142,2.200000047683716,1.850000023841858,2.0999999046325684,337400,0,0
2017-11-22,2.1500000953674316,2.1500000953674316,1.9500000476837158,1.9500000476837158,298700,0,0
2017-11-24,1.9500000476837158,2.0,1.899999976158142,1.9500000476837158,73600,0,0
2017-11-27,1.9500000476837158,2.25,1.9500000476837158,2.0999999046325684,413000,0,0
2017-11-28,2.1500000953674316,2.1500000953674316,1.9500000476837158,2.0,460100,0,0
2017-11-29,2.049999952316284,2.049999952316284,1.850000023841858,1.899999976158142,252400,0,0
2017-11-30,1.899999976158142,1.9500000476837158,1.850000023841858,1.850000023841858,272800,0,0
2017-12-01,1.850000023841858,1.9500000476837158,1.7999999523162842,1.7999999523162842,297500,0,0
2017-12-04,1.850000023841858,1.899999976158142,1.7999999523162842,1.7999999523162842,120000,0,0
2017-12-05,1.850000023841858,1.9500000476837158,1.75,1.7999999523162842,368100,0,0
2017-12-06,1.7999999523162842,1.850000023841858,1.7000000476837158,1.7000000476837158,303000,0,0
2017-12-07,1.7000000476837158,1.75,1.7000000476837158,1.7000000476837158,202700,0,0
2017-12-08,1.7000000476837158,1.75,1.600000023841858,1.600000023841858,207800,0,0
2017-12-11,1.600000023841858,1.9299999475479126,1.600000023841858,1.850000023841858,759100,0,0
2017-12-12,1.850000023841858,2.049999952316284,1.850000023841858,1.9500000476837158,860300,0,0
2017-12-13,1.9500000476837158,1.9500000476837158,1.75,1.7999999523162842,598100,0,0
2017-12-14,1.7999999523162842,1.9500000476837158,1.7999999523162842,1.899999976158142,678300,0,0
2017-12-15,1.899999976158142,2.200000047683716,1.7999999523162842,2.0,2627700,0,0
2017-12-18,2.049999952316284,2.049999952316284,1.850000023841858,1.899999976158142,1040200,0,0
2017-12-19,1.899999976158142,2.4000000953674316,1.899999976158142,2.1500000953674316,889900,0,0
2017-12-20,2.1500000953674316,2.200000047683716,2.0,2.0,257700,0,0
2017-12-21,2.0,2.049999952316284,1.9500000476837158,2.049999952316284,350200,0,0
2017-12-22,2.049999952316284,2.049999952316284,1.899999976158142,1.899999976158142,153400,0,0
2017-12-26,1.899999976158142,1.9800000190734863,1.899999976158142,1.9500000476837158,83900,0,0
2017-12-27,1.9500000476837158,1.9800000190734863,1.899999976158142,1.899999976158142,160500,0,0
2017-12-28,1.899999976158142,1.9500000476837158,1.899999976158142,1.899999976158142,126100,0,0
2017-12-29,1.899999976158142,1.9500000476837158,1.899999976158142,1.899999976158142,164200,0,0
2018-01-02,1.899999976158142,2.0999999046325684,1.899999976158142,2.0,443900,0,0
2018-01-03,2.0,2.049999952316284,1.9500000476837158,1.9500000476837158,209900,0,0
2018-01-04,1.9500000476837158,2.0,1.899999976158142,1.9500000476837158,184300,0,0
2018-01-05,1.9500000476837158,2.0,1.850000023841858,1.850000023841858,154200,0,0
2018-01-08,1.850000023841858,1.899999976158142,1.75,1.75,237900,0,0
2018-01-09,1.75,1.850000023841858,1.7000000476837158,1.75,243500,0,0
2018-01-10,1.75,1.850000023841858,1.7000000476837158,1.7999999523162842,200100,0,0
2018-01-11,1.7999999523162842,1.7999999523162842,1.75,1.75,190900,0,0
2018-01-12,1.75,1.850000023841858,1.7000000476837158,1.850000023841858,335400,0,0
2018-01-16,1.850000023841858,1.850000023841858,1.75,1.7999999523162842,561200,0,0
2018-01-17,1.7999999523162842,1.850000023841858,1.7799999713897705,1.850000023841858,113500,0,0
2018-01-18,1.850000023841858,1.899999976158142,1.7999999523162842,1.899999976158142,340600,0,0
2018-01-19,1.850000023841858,1.9500000476837158,1.7999999523162842,1.899999976158142,278600,0,0
2018-01-22,1.899999976158142,1.9299999475479126,1.850000023841858,1.850000023841858,125500,0,0
2018-01-23,1.850000023841858,1.899999976158142,1.850000023841858,1.850000023841858,88400,0,0
2018-01-24,1.850000023841858,1.899999976158142,1.850000023841858,1.850000023841858,554700,0,0
2018-01-25,1.850000023841858,1.899999976158142,1.850000023841858,1.850000023841858,85300,0,0
2018-01-26,1.899999976158142,1.899999976158142,1.850000023841858,1.850000023841858,171400,0,0
2018-01-29,1.850000023841858,1.9800000190734863,1.7999999523162842,1.899999976158142,243500,0,0
2018-01-30,1.9500000476837158,1.9500000476837158,1.7999999523162842,1.850000023841858,259900,0,0
2018-01-31,1.899999976158142,1.899999976158142,1.75,1.7999999523162842,368100,0,0
2018-02-01,1.850000023841858,2.0,1.7999999523162842,2.0,473600,0,0
2018-02-02,2.0,2.049999952316284,1.7999999523162842,1.7999999523162842,414200,0,0
2018-02-05,1.7999999523162842,1.850000023841858,1.7999999523162842,1.7999999523162842,327600,0,0
2018-02-06,1.75,1.7999999523162842,1.649999976158142,1.75,609100,0,0
2018-02-07,1.899999976158142,1.899999976158142,1.600000023841858,1.7000000476837158,319000,0,0
2018-02-08,1.7000000476837158,1.75,1.6299999952316284,1.7000000476837158,526400,0,0
2018-02-09,1.7000000476837158,1.7000000476837158,1.5,1.600000023841858,1130600,0,0
2018-02-12,1.600000023841858,1.8300000429153442,1.600000023841858,1.75,407000,0,0
2018-02-13,1.75,1.850000023841858,1.649999976158142,1.7000000476837158,323600,0,0
2018-02-14,1.649999976158142,1.75,1.649999976158142,1.7000000476837158,227300,0,0
2018-02-15,1.7000000476837158,1.75,1.649999976158142,1.649999976158142,467200,0,0
2018-02-16,1.649999976158142,1.899999976158142,1.649999976158142,1.7999999523162842,282700,0,0
2018-02-20,1.75,1.850000023841858,1.7000000476837158,1.7000000476837158,157000,0,0
2018-02-21,1.7000000476837158,1.7999999523162842,1.7000000476837158,1.75,125900,0,0
2018-02-22,1.75,1.75,1.7000000476837158,1.7000000476837158,68500,0,0
2018-02-23,1.7000000476837158,1.75,1.649999976158142,1.649999976158142,66800,0,0
2018-02-26,1.649999976158142,1.75,1.649999976158142,1.659999966621399,309300,0,0
2018-02-27,1.7000000476837158,1.75,1.649999976158142,1.649999976158142,254500,0,0
2018-02-28,1.649999976158142,1.7999999523162842,1.649999976158142,1.649999976158142,324600,0,0
2018-03-01,1.7000000476837158,1.75,1.649999976158142,1.649999976158142,231100,0,0
2018-03-02,1.649999976158142,1.75,1.600000023841858,1.7000000476837158,184200,0,0
2018-03-05,1.7000000476837158,1.7300000190734863,1.600000023841858,1.600000023841858,182200,0,0
2018-03-06,1.649999976158142,1.7000000476837158,1.600000023841858,1.649999976158142,586000,0,0
2018-03-07,1.600000023841858,1.75,1.600000023841858,1.7000000476837158,175800,0,0
2018-03-08,1.7000000476837158,1.75,1.7000000476837158,1.7000000476837158,67400,0,0
2018-03-09,1.7000000476837158,1.7799999713897705,1.6799999475479126,1.7000000476837158,135100,0,0
2018-03-12,1.75,1.75,1.649999976158142,1.649999976158142,344500,0,0
2018-03-13,1.649999976158142,1.75,1.649999976158142,1.7000000476837158,224400,0,0
2018-03-14,1.7000000476837158,1.75,1.6799999475479126,1.75,185600,0,0
2018-03-15,1.75,1.7999999523162842,1.7000000476837158,1.7999999523162842,207300,0,0
2018-03-16,1.75,1.7999999523162842,1.75,1.7999999523162842,366900,0,0
2018-03-19,1.75,1.7899999618530273,1.7000000476837158,1.75,265000,0,0
2018-03-20,1.75,1.7999999523162842,1.7000000476837158,1.7999999523162842,377000,0,0
2018-03-21,1.7999999523162842,1.850000023841858,1.75,1.850000023841858,227200,0,0
2018-03-22,1.850000023841858,1.850000023841858,1.7000000476837158,1.7999999523162842,326300,0,0
2018-03-23,1.7999999523162842,1.850000023841858,1.75,1.7999999523162842,207200,0,0
2018-03-26,1.7999999523162842,1.850000023841858,1.75,1.7999999523162842,203600,0,0
2018-03-27,1.7999999523162842,1.850000023841858,1.75,1.75,283200,0,0
2018-03-28,1.75,1.7999999523162842,1.7000000476837158,1.75,414600,0,0
2018-03-29,1.75,1.7999999523162842,1.600000023841858,1.600000023841858,1875000,0,0
2018-04-02,1.649999976158142,1.75,1.649999976158142,1.649999976158142,303800,0,0
2018-04-03,1.649999976158142,1.75,1.649999976158142,1.649999976158142,540400,0,0
2018-04-04,1.649999976158142,1.75,1.6299999952316284,1.7000000476837158,160600,0,0
2018-04-05,1.75,1.7999999523162842,1.7000000476837158,1.75,219900,0,0
2018-04-06,1.75,1.7999999523162842,1.649999976158142,1.7000000476837158,256600,0,0
2018-04-09,1.7000000476837158,1.7999999523162842,1.6799999475479126,1.7000000476837158,117800,0,0
2018-04-10,1.7000000476837158,1.7999999523162842,1.7000000476837158,1.75,120600,0,0
2018-04-11,1.7000000476837158,1.7999999523162842,1.7000000476837158,1.7999999523162842,101600,0,0
2018-04-12,1.7999999523162842,1.850000023841858,1.75,1.7999999523162842,231700,0,0
2018-04-13,1.7999999523162842,1.850000023841858,1.7000000476837158,1.75,128100,0,0
2018-04-16,1.75,1.850000023841858,1.7000000476837158,1.7999999523162842,667000,0,0
2018-04-17,1.850000023841858,1.9500000476837158,1.7999999523162842,1.899999976158142,838500,0,0
2018-04-18,1.899999976158142,1.899999976158142,1.75,1.7999999523162842,309800,0,0
2018-04-19,1.7999999523162842,1.850000023841858,1.75,1.7999999523162842,429000,0,0
2018-04-20,1.7999999523162842,1.850000023841858,1.75,1.7999999523162842,284400,0,0
2018-04-23,1.7999999523162842,1.7999999523162842,1.7000000476837158,1.7000000476837158,660800,0,0
2018-04-24,1.7000000476837158,1.75,1.649999976158142,1.7000000476837158,344100,0,0
2018-04-25,1.5499999523162842,1.649999976158142,1.5,1.649999976158142,1923900,0,0
2018-04-26,1.649999976158142,1.6799999475479126,1.5499999523162842,1.5499999523162842,226900,0,0
2018-04-27,1.5499999523162842,1.600000023841858,1.3799999952316284,1.4500000476837158,1066500,0,0
2018-04-30,1.4500000476837158,1.5,1.399999976158142,1.399999976158142,489000,0,0
2018-05-01,1.399999976158142,1.4500000476837158,1.25,1.25,7738900,0,0
2018-05-02,1.25,1.2999999523162842,1.25,1.25,1432500,0,0
2018-05-03,1.25,1.2999999523162842,1.25,1.2699999809265137,1206000,0,0
2018-05-04,1.2999999523162842,1.399999976158142,1.25,1.25,1046500,0,0
2018-05-07,1.2999999523162842,1.399999976158142,1.25,1.350000023841858,974400,0,0
2018-05-08,1.5499999523162842,1.649999976158142,1.399999976158142,1.600000023841858,1602800,0,0
2018-05-09,1.600000023841858,1.7999999523162842,1.4500000476837158,1.75,1549400,0,0
2018-05-10,1.75,1.7999999523162842,1.399999976158142,1.600000023841858,939300,0,0
2018-05-11,1.600000023841858,1.7000000476837158,1.5,1.7000000476837158,402100,0,0
2018-05-14,1.7000000476837158,1.75,1.600000023841858,1.649999976158142,625800,0,0
2018-05-15,1.649999976158142,1.75,1.600000023841858,1.7000000476837158,271500,0,0
2018-05-16,1.75,1.75,1.649999976158142,1.7000000476837158,318800,0,0
2018-05-17,1.7000000476837158,2.0799999237060547,1.649999976158142,1.899999976158142,649700,0,0
2018-05-18,1.9500000476837158,1.9800000190734863,1.850000023841858,1.899999976158142,274700,0,0
2018-05-21,1.850000023841858,2.0999999046325684,1.7999999523162842,1.850000023841858,659600,0,0
2018-05-22,1.850000023841858,1.9500000476837158,1.7999999523162842,1.7999999523162842,421500,0,0
2018-05-23,1.7999999523162842,1.899999976158142,1.7999999523162842,1.899999976158142,181700,0,0
2018-05-24,1.899999976158142,1.9500000476837158,1.850000023841858,1.850000023841858,280200,0,0
2018-05-25,1.7999999523162842,1.899999976158142,1.7999999523162842,1.850000023841858,150100,0,0
2018-05-29,2.0,2.3499999046325684,1.9500000476837158,2.25,1463900,0,0
2018-05-30,2.299999952316284,2.450000047683716,2.25,2.3499999046325684,921000,0,0
2018-05-31,2.4000000953674316,2.5,2.25,2.299999952316284,1111000,0,0
2018-06-01,2.299999952316284,3.25,2.299999952316284,3.0999999046325684,1892900,0,0
2018-06-04,3.0999999046325684,3.1500000953674316,2.950000047683716,3.0,784300,0,0
2018-06-05,3.0,3.0999999046325684,2.9000000953674316,2.950000047683716,712400,0,0
2018-06-06,2.950000047683716,3.0,2.75,2.799999952316284,851600,0,0
2018-06-07,2.75,2.799999952316284,2.700000047683716,2.700000047683716,399100,0,0
2018-06-08,2.700000047683716,2.799999952316284,2.549999952316284,2.549999952316284,472100,0,0
2018-06-11,2.549999952316284,2.6500000953674316,2.549999952316284,2.6500000953674316,671800,0,0
2018-06-12,2.6500000953674316,2.799999952316284,2.6500000953674316,2.700000047683716,432400,0,0
2018-06-13,2.700000047683716,2.75,2.549999952316284,2.6500000953674316,557900,0,0
2018-06-14,2.6500000953674316,2.75,2.549999952316284,2.700000047683716,850900,0,0
2018-06-15,2.700000047683716,2.75,2.5999999046325684,2.700000047683716,596000,0,0
2018-06-18,2.700000047683716,2.8499999046325684,2.549999952316284,2.8499999046325684,793200,0,0
2018-06-19,2.8499999046325684,2.8499999046325684,2.75,2.799999952316284,688000,0,0
2018-06-20,2.799999952316284,2.8499999046325684,2.700000047683716,2.700000047683716,594200,0,0
2018-06-21,2.75,2.75,2.549999952316284,2.549999952316284,622500,0,0
2018-06-22,2.549999952316284,2.5999999046325684,2.3499999046325684,2.450000047683716,6392600,0,0
2018-06-25,2.4000000953674316,2.450000047683716,2.3499999046325684,2.4000000953674316,954500,0,0
2018-06-26,2.450000047683716,2.5,2.4200000762939453,2.450000047683716,483900,0,0
2018-06-27,2.450000047683716,2.5,2.299999952316284,2.3499999046325684,535400,0,0
2018-06-28,2.299999952316284,2.4000000953674316,2.299999952316284,2.299999952316284,231600,0,0
2018-06-29,2.299999952316284,2.4000000953674316,2.1700000762939453,2.3499999046325684,708300,0,0
2018-07-02,2.3499999046325684,2.450000047683716,2.299999952316284,2.299999952316284,352300,0,0
2018-07-03,2.3499999046325684,2.3499999046325684,2.299999952316284,2.3499999046325684,101500,0,0
2018-07-05,2.3499999046325684,2.4000000953674316,2.299999952316284,2.4000000953674316,254100,0,0
2018-07-06,2.4000000953674316,2.4200000762939453,2.299999952316284,2.299999952316284,251100,0,0
2018-07-09,2.299999952316284,2.3499999046325684,2.25,2.299999952316284,531300,0,0
2018-07-10,2.299999952316284,2.3499999046325684,2.25,2.25,251800,0,0
2018-07-11,2.25,2.2799999713897705,2.200000047683716,2.200000047683716,178000,0,0
2018-07-12,2.200000047683716,2.2300000190734863,2.1500000953674316,2.1500000953674316,257700,0,0
2018-07-13,2.1500000953674316,2.200000047683716,2.1500000953674316,2.1500000953674316,122200,0,0
2018-07-16,2.1500000953674316,2.200000047683716,2.1500000953674316,2.1500000953674316,484600,0,0
2018-07-17,2.1500000953674316,2.200000047683716,2.1500000953674316,2.1500000953674316,219100,0,0
2018-07-18,2.1500000953674316,2.200000047683716,2.0999999046325684,2.1500000953674316,401300,0,0
2018-07-19,2.1500000953674316,2.200000047683716,2.0999999046325684,2.200000047683716,176600,0,0
2018-07-20,2.1500000953674316,2.25,2.1500000953674316,2.1500000953674316,119200,0,0
2018-07-23,2.200000047683716,2.200000047683716,2.0999999046325684,2.1500000953674316,319800,0,0
2018-07-24,2.1500000953674316,2.1500000953674316,2.0999999046325684,2.0999999046325684,166600,0,0
2018-07-25,2.0999999046325684,2.1500000953674316,2.049999952316284,2.049999952316284,268000,0,0
2018-07-26,2.049999952316284,2.0999999046325684,2.049999952316284,2.0999999046325684,121800,0,0
2018-07-27,2.0999999046325684,2.0999999046325684,2.049999952316284,2.049999952316284,136900,0,0
2018-07-30,2.049999952316284,2.0999999046325684,2.049999952316284,2.049999952316284,207300,0,0
2018-07-31,2.049999952316284,2.200000047683716,2.049999952316284,2.0999999046325684,286200,0,0
2018-08-01,2.0999999046325684,2.1500000953674316,2.049999952316284,2.1500000953674316,328900,0,0
2018-08-02,2.0999999046325684,2.1500000953674316,2.049999952316284,2.1500000953674316,178700,0,0
2018-08-03,2.1500000953674316,2.1500000953674316,2.049999952316284,2.049999952316284,453500,0,0
2018-08-06,2.049999952316284,2.0999999046325684,2.0,2.049999952316284,176200,0,0
2018-08-07,2.049999952316284,2.1500000953674316,2.0,2.1500000953674316,292500,0,0
2018-08-08,2.049999952316284,2.1500000953674316,2.049999952316284,2.049999952316284,218000,0,0
2018-08-09,2.049999952316284,2.0999999046325684,2.0,2.049999952316284,141300,0,0
2018-08-10,2.049999952316284,2.0999999046325684,2.049999952316284,2.0999999046325684,121900,0,0
2018-08-13,2.049999952316284,2.0799999237060547,2.0,2.0,216300,0,0
2018-08-14,2.049999952316284,2.049999952316284,1.9500000476837158,2.0,342200,0,0
2018-08-15,2.0,2.049999952316284,1.9500000476837158,2.049999952316284,126500,0,0
2018-08-16,2.049999952316284,2.0999999046325684,2.0,2.049999952316284,78600,0,0
2018-08-17,2.049999952316284,2.0999999046325684,2.049999952316284,2.0999999046325684,56400,0,0
2018-08-20,2.0999999046325684,2.1500000953674316,2.0,2.049999952316284,118500,0,0
2018-08-21,2.049999952316284,2.049999952316284,2.0,2.0,348900,0,0
2018-08-22,2.0,2.049999952316284,1.9500000476837158,2.0,217400,0,0
2018-08-23,2.200000047683716,2.3499999046325684,2.200000047683716,2.200000047683716,936600,0,0
2018-08-24,2.25,2.3499999046325684,2.25,2.25,397000,0,0
2018-08-27,2.299999952316284,2.4000000953674316,2.299999952316284,2.299999952316284,450100,0,0
2018-08-28,2.3499999046325684,2.4000000953674316,2.299999952316284,2.3499999046325684,120600,0,0
2018-08-29,2.3499999046325684,2.3499999046325684,2.200000047683716,2.200000047683716,892500,0,0
2018-08-30,2.200000047683716,2.25,2.1500000953674316,2.25,174100,0,0
2018-08-31,2.200000047683716,2.25,2.1500000953674316,2.1500000953674316,190600,0,0
2018-09-04,2.1500000953674316,2.200000047683716,2.0999999046325684,2.1500000953674316,268600,0,0
2018-09-05,2.1500000953674316,2.1500000953674316,2.0999999046325684,2.0999999046325684,296900,0,0
2018-09-06,2.0999999046325684,2.1500000953674316,2.0999999046325684,2.0999999046325684,85300,0,0
2018-09-07,2.0999999046325684,2.1500000953674316,2.0999999046325684,2.0999999046325684,66500,0,0
2018-09-10,2.0999999046325684,2.1500000953674316,2.0999999046325684,2.0999999046325684,111000,0,0
2018-09-11,2.0999999046325684,2.0999999046325684,2.049999952316284,2.049999952316284,115700,0,0
2018-09-12,2.049999952316284,2.1500000953674316,2.049999952316284,2.0999999046325684,145400,0,0
2018-09-13,2.1500000953674316,2.1500000953674316,2.0,2.0,137500,0,0
2018-09-14,2.0,2.049999952316284,1.9500000476837158,1.9500000476837158,113100,0,0
2018-09-17,2.0,2.049999952316284,1.9500000476837158,1.9500000476837158,294800,0,0
2018-09-18,2.0,2.0299999713897705,1.850000023841858,1.899999976158142,280400,0,0
2018-09-19,1.899999976158142,1.9500000476837158,1.850000023841858,1.850000023841858,285200,0,0
2018-09-20,1.850000023841858,1.9500000476837158,1.850000023841858,1.850000023841858,345700,0,0
2018-09-21,1.899999976158142,2.0,1.899999976158142,2.0,238200,0,0
2018-09-24,2.0,2.0,1.9500000476837158,1.9500000476837158,100900,0,0
2018-09-25,1.9500000476837158,2.049999952316284,1.9299999475479126,2.0,207100,0,0
2018-09-26,2.0,2.049999952316284,2.0,2.0,104300,0,0
2018-09-27,2.049999952316284,2.1500000953674316,2.009999990463257,2.0999999046325684,121800,0,0
2018-09-28,2.0999999046325684,2.1500000953674316,2.049999952316284,2.0999999046325684,57200,0,0
2018-10-01,2.0799999237060547,2.130000114440918,2.0,2.0,146400,0,0
2018-10-02,2.0,2.0,1.909999966621399,1.909999966621399,191300,0,0
2018-10-03,1.9199999570846558,1.940000057220459,1.899999976158142,1.9199999570846558,112000,0,0
2018-10-04,1.909999966621399,1.9600000381469727,1.899999976158142,1.899999976158142,163600,0,0
2018-10-05,1.899999976158142,1.940000057220459,1.8799999952316284,1.8899999856948853,178900,0,0
2018-10-08,1.899999976158142,1.940000057220459,1.8200000524520874,1.8799999952316284,217000,0,0
2018-10-09,1.8600000143051147,1.8700000047683716,1.8300000429153442,1.850000023841858,106900,0,0
2018-10-10,1.840000033378601,1.8600000143051147,1.7999999523162842,1.8200000524520874,247400,0,0
2018-10-11,1.809999942779541,1.8200000524520874,1.75,1.809999942779541,170100,0,0
2018-10-12,1.8200000524520874,1.8300000429153442,1.75,1.809999942779541,165900,0,0
2018-10-15,1.7999999523162842,1.850000023841858,1.7400000095367432,1.8200000524520874,73400,0,0
2018-10-16,1.809999942779541,1.8300000429153442,1.7699999809265137,1.7999999523162842,54400,0,0
2018-10-17,1.7999999523162842,1.850000023841858,1.7699999809265137,1.7999999523162842,161300,0,0
2018-10-18,1.7899999618530273,1.7999999523162842,1.7599999904632568,1.7599999904632568,55000,0,0
2018-10-19,1.7599999904632568,1.7699999809265137,1.7200000286102295,1.7400000095367432,103800,0,0
2018-10-22,1.7200000286102295,1.7699999809265137,1.6699999570846558,1.7000000476837158,161900,0,0
2018-10-23,1.6799999475479126,1.7200000286102295,1.6699999570846558,1.690000057220459,99100,0,0
2018-10-24,1.6799999475479126,1.690000057220459,1.6399999856948853,1.6399999856948853,91100,0,0
2018-10-25,1.649999976158142,1.659999966621399,1.6200000047683716,1.649999976158142,83200,0,0
2018-10-26,1.6299999952316284,1.649999976158142,1.6200000047683716,1.6399999856948853,87000,0,0
2018-10-29,1.6399999856948853,1.659999966621399,1.5199999809265137,1.5499999523162842,245200,0,0
2018-10-30,1.559999942779541,1.6200000047683716,1.5499999523162842,1.6100000143051147,115100,0,0
2018-10-31,1.6200000047683716,1.6799999475479126,1.6200000047683716,1.6699999570846558,80700,0,0
2018-11-01,1.8799999952316284,1.8799999952316284,1.7100000381469727,1.8300000429153442,118500,0,0
2018-11-02,1.809999942779541,1.850000023841858,1.7899999618530273,1.8200000524520874,59500,0,0
2018-11-05,1.850000023841858,1.9800000190734863,1.7899999618530273,1.8600000143051147,137600,0,0
2018-11-06,1.8799999952316284,1.9900000095367432,1.8600000143051147,1.9199999570846558,79900,0,0
2018-11-07,1.9199999570846558,1.9600000381469727,1.850000023841858,1.8700000047683716,46800,0,0
2018-11-08,1.8700000047683716,1.8700000047683716,1.7699999809265137,1.7999999523162842,133600,0,0
2018-11-09,1.7999999523162842,1.840000033378601,1.75,1.7599999904632568,88300,0,0
2018-11-12,1.7599999904632568,1.7999999523162842,1.7400000095367432,1.75,98500,0,0
2018-11-13,1.75,1.809999942779541,1.7400000095367432,1.7799999713897705,51800,0,0
2018-11-14,1.7899999618530273,1.850000023841858,1.7899999618530273,1.8200000524520874,39200,0,0
2018-11-15,1.8200000524520874,1.8200000524520874,1.7400000095367432,1.7599999904632568,23000,0,0
2018-11-16,1.7200000286102295,1.7599999904632568,1.659999966621399,1.7100000381469727,104600,0,0
2018-11-19,1.7100000381469727,1.7599999904632568,1.6699999570846558,1.75,110400,0,0
2018-11-20,1.75,1.75,1.6699999570846558,1.7000000476837158,155900,0,0
2018-11-21,1.7000000476837158,1.75,1.6699999570846558,1.7100000381469727,65900,0,0
2018-11-23,1.7100000381469727,1.7699999809265137,1.7100000381469727,1.7599999904632568,18000,0,0
2018-11-26,1.7599999904632568,1.809999942779541,1.7599999904632568,1.7699999809265137,56900,0,0
2018-11-27,1.7699999809265137,1.7799999713897705,1.690000057220459,1.7100000381469727,56200,0,0
2018-11-28,1.7200000286102295,1.7999999523162842,1.7100000381469727,1.7599999904632568,49400,0,0
2018-11-29,1.75,1.9299999475479126,1.7300000190734863,1.840000033378601,56800,0,0
2018-11-30,1.8700000047683716,1.909999966621399,1.7599999904632568,1.7699999809265137,102400,0,0
2018-12-03,1.7400000095367432,1.7999999523162842,1.7400000095367432,1.7799999713897705,91400,0,0
2018-12-04,1.7999999523162842,1.840000033378601,1.7999999523162842,1.7999999523162842,44100,0,0
2018-12-06,1.7599999904632568,1.8300000429153442,1.7599999904632568,1.7999999523162842,53800,0,0
2018-12-07,1.7899999618530273,1.8300000429153442,1.6799999475479126,1.7200000286102295,53900,0,0
2018-12-10,1.7200000286102295,1.75,1.659999966621399,1.6799999475479126,60100,0,0
2018-12-11,1.7000000476837158,1.7100000381469727,1.6699999570846558,1.6799999475479126,119500,0,0
2018-12-12,1.649999976158142,1.7100000381469727,1.649999976158142,1.7000000476837158,71200,0,0
2018-12-13,1.7100000381469727,1.7100000381469727,1.649999976158142,1.659999966621399,73300,0,0
2018-12-14,1.649999976158142,1.6699999570846558,1.600000023841858,1.6100000143051147,134600,0,0
2018-12-17,1.5800000429153442,1.6100000143051147,1.559999942779541,1.5800000429153442,165400,0,0
2018-12-18,1.5800000429153442,1.590000033378601,1.5099999904632568,1.5499999523162842,158300,0,0
2018-12-19,1.5700000524520874,1.5700000524520874,1.5299999713897705,1.5499999523162842,214700,0,0
2018-12-20,1.5299999713897705,1.559999942779541,1.5199999809265137,1.5399999618530273,148400,0,0
2018-12-21,1.5299999713897705,1.559999942779541,1.5,1.5199999809265137,84400,0,0
2018-12-24,1.5199999809265137,1.5199999809265137,1.350000023841858,1.3600000143051147,65100,0,0
2018-12-26,1.340000033378601,1.440000057220459,1.340000033378601,1.409999966621399,91800,0,0
2018-12-27,1.399999976158142,1.600000023841858,1.399999976158142,1.5299999713897705,143100,0,0
2018-12-28,1.5800000429153442,1.590000033378601,1.5,1.5099999904632568,190200,0,0
2018-12-31,1.5,1.5499999523162842,1.5,1.5199999809265137,117900,0,0
2019-01-02,1.5,1.7699999809265137,1.5,1.7100000381469727,180000,0,0
2019-01-03,1.659999966621399,1.840000033378601,1.649999976158142,1.7599999904632568,51000,0,0
2019-01-04,1.7899999618530273,1.8200000524520874,1.7100000381469727,1.7200000286102295,88100,0,0
2019-01-07,1.7200000286102295,1.899999976158142,1.7200000286102295,1.8799999952316284,93400,0,0
2019-01-08,1.840000033378601,1.940000057220459,1.840000033378601,1.909999966621399,59500,0,0
2019-01-09,1.9199999570846558,2.0799999237060547,1.9199999570846558,1.9700000286102295,144700,0,0
2019-01-10,1.9700000286102295,2.059999942779541,1.909999966621399,1.9299999475479126,73200,0,0
2019-01-11,1.940000057220459,1.9900000095367432,1.8799999952316284,1.9600000381469727,39100,0,0
2019-01-14,1.940000057220459,1.9900000095367432,1.9299999475479126,1.9600000381469727,84300,0,0
2019-01-15,1.9500000476837158,2.0399999618530273,1.9500000476837158,2.009999990463257,91400,0,0
2019-01-16,2.0199999809265137,2.0199999809265137,1.9900000095367432,2.009999990463257,55400,0,0
2019-01-17,2.009999990463257,2.0299999713897705,1.9700000286102295,2.009999990463257,98600,0,0
2019-01-18,2.0,2.0799999237060547,2.0,2.059999942779541,74500,0,0
2019-01-22,2.069999933242798,2.109999895095825,2.059999942779541,2.0999999046325684,69800,0,0
2019-01-23,2.0999999046325684,2.109999895095825,2.0899999141693115,2.0899999141693115,52800,0,0
2019-01-24,2.109999895095825,2.140000104904175,2.049999952316284,2.059999942779541,85400,0,0
2019-01-25,2.049999952316284,2.119999885559082,2.049999952316284,2.059999942779541,252100,0,0
2019-01-28,2.0799999237060547,2.109999895095825,2.0299999713897705,2.069999933242798,225100,0,0
2019-01-29,2.069999933242798,2.0799999237060547,2.049999952316284,2.069999933242798,34700,0,0
2019-01-30,2.0799999237060547,2.0799999237060547,2.009999990463257,2.009999990463257,39600,0,0
2019-01-31,2.009999990463257,2.0199999809265137,1.9600000381469727,1.9600000381469727,53700,0,0
2019-02-01,1.9600000381469727,1.9800000190734863,1.9299999475479126,1.9299999475479126,41500,0,0
2019-02-04,1.9299999475479126,1.9500000476837158,1.9199999570846558,1.9299999475479126,60300,0,0
2019-02-05,1.8200000524520874,1.9500000476837158,1.7300000190734863,1.9199999570846558,78200,0,0
2019-02-06,1.909999966621399,1.940000057220459,1.8799999952316284,1.8799999952316284,43600,0,0
2019-02-07,1.9299999475479126,2.0799999237060547,1.8600000143051147,2.0799999237060547,288300,0,0
2019-02-08,2.0799999237060547,2.299999952316284,2.0799999237060547,2.2799999713897705,208700,0,0
2019-02-11,2.3499999046325684,2.390000104904175,2.2899999618530273,2.319999933242798,221600,0,0
2019-02-12,2.309999942779541,2.380000114440918,2.2200000286102295,2.2799999713897705,203200,0,0
2019-02-13,2.2699999809265137,2.380000114440918,2.2699999809265137,2.319999933242798,101600,0,0
2019-02-14,2.319999933242798,2.3499999046325684,2.299999952316284,2.309999942779541,120100,0,0
2019-02-15,2.319999933242798,2.4000000953674316,2.309999942779541,2.3499999046325684,161000,0,0
2019-02-19,2.3499999046325684,2.5399999618530273,2.3499999046325684,2.5299999713897705,445500,0,0
2019-02-20,2.549999952316284,2.869999885559082,2.549999952316284,2.7799999713897705,456200,0,0
2019-02-21,2.8399999141693115,2.9800000190734863,2.809999942779541,2.930000066757202,350900,0,0
2019-02-22,2.950000047683716,3.0899999141693115,2.930000066757202,3.0399999618530273,280100,0,0
2019-02-25,3.0899999141693115,3.25,3.069999933242798,3.2200000286102295,536300,0,0
2019-02-26,3.309999942779541,3.5399999618530273,3.190000057220459,3.2200000286102295,578400,0,0
2019-02-27,3.2200000286102295,3.2300000190734863,2.5999999046325684,2.630000114440918,558800,0,0
2019-02-28,2.630000114440918,2.680000066757202,2.4000000953674316,2.6500000953674316,359300,0,0
2019-03-01,2.6500000953674316,2.7699999809265137,2.559999942779541,2.690000057220459,361300,0,0
2019-03-04,2.700000047683716,2.7899999618530273,2.5799999237060547,2.690000057220459,286300,0,0
2019-03-05,2.680000066757202,2.8399999141693115,2.5799999237060547,2.7899999618530273,161500,0,0
2019-03-06,2.7899999618530273,2.8499999046325684,2.759999990463257,2.7699999809265137,155600,0,0
2019-03-07,2.75,2.819999933242798,2.549999952316284,2.640000104904175,217700,0,0
2019-03-08,2.619999885559082,2.690000057220459,2.619999885559082,2.640000104904175,85100,0,0
2019-03-11,2.619999885559082,2.640000104904175,2.450000047683716,2.509999990463257,248200,0,0
2019-03-12,2.5299999713897705,2.690000057220459,2.5299999713897705,2.630000114440918,173400,0,0
2019-03-13,2.619999885559082,2.619999885559082,2.4700000286102295,2.549999952316284,143700,0,0
2019-03-14,2.5,2.609999895095825,2.4100000858306885,2.549999952316284,166600,0,0
2019-03-15,2.569999933242798,2.5799999237060547,2.3499999046325684,2.3499999046325684,409800,0,0
2019-03-18,2.3499999046325684,2.4600000381469727,2.299999952316284,2.430000066757202,333000,0,0
2019-03-19,2.4800000190734863,2.5799999237060547,2.319999933242798,2.380000114440918,226100,0,0
2019-03-20,2.359999895095825,2.490000009536743,2.3399999141693115,2.4600000381469727,165000,0,0
2019-03-21,2.4600000381469727,2.5999999046325684,2.369999885559082,2.5199999809265137,139200,0,0
2019-03-22,2.5,2.5,2.299999952316284,2.380000114440918,141500,0,0
2019-03-25,2.369999885559082,2.430000066757202,2.25,2.3399999141693115,136000,0,0
2019-03-26,2.3499999046325684,2.450000047683716,2.3499999046325684,2.369999885559082,114300,0,0
2019-03-27,2.390000104904175,2.4000000953674316,2.2899999618530273,2.3299999237060547,176500,0,0
2019-03-28,2.259999990463257,2.5299999713897705,2.259999990463257,2.430000066757202,97800,0,0
2019-03-29,2.440000057220459,2.4800000190734863,2.4200000762939453,2.430000066757202,64500,0,0
2019-04-01,2.430000066757202,2.490000009536743,2.390000104904175,2.450000047683716,308600,0,0
2019-04-02,2.4700000286102295,2.5,2.430000066757202,2.5,151400,0,0
2019-04-03,2.4800000190734863,2.6500000953674316,2.4800000190734863,2.609999895095825,152100,0,0
2019-04-04,2.609999895095825,2.690000057220459,2.5899999141693115,2.630000114440918,102300,0,0
2019-04-05,2.549999952316284,2.75,2.5,2.690000057220459,82300,0,0
2019-04-08,2.6600000858306885,2.880000114440918,2.619999885559082,2.8499999046325684,213800,0,0
2019-04-09,2.8299999237060547,3.049999952316284,2.809999942779541,3.0,228900,0,0
2019-04-10,3.0199999809265137,3.0899999141693115,2.9600000381469727,3.0,450600,0,0
2019-04-11,2.9800000190734863,3.0899999141693115,2.9600000381469727,3.069999933242798,274200,0,0
2019-04-12,3.0999999046325684,3.259999990463257,3.0999999046325684,3.1700000762939453,529500,0,0
2019-04-15,3.0999999046325684,3.1600000858306885,2.950000047683716,3.0899999141693115,927600,0,0
2019-04-16,3.109999895095825,3.140000104904175,3.049999952316284,3.119999885559082,329400,0,0
2019-04-17,3.119999885559082,3.1500000953674316,2.940000057220459,2.9600000381469727,372300,0,0
2019-04-18,2.950000047683716,3.0799999237060547,2.75,2.8499999046325684,402300,0,0
2019-04-22,2.819999933242798,2.990000009536743,2.7200000286102295,2.7200000286102295,530300,0,0
2019-04-23,2.7300000190734863,2.869999885559082,2.7300000190734863,2.7300000190734863,438800,0,0
2019-04-24,2.7300000190734863,3.0,2.7300000190734863,3.0,339800,0,0
2019-04-25,3.0,3.0,2.7899999618530273,2.890000104904175,165100,0,0
2019-04-26,2.890000104904175,2.990000009536743,2.869999885559082,2.930000066757202,144600,0,0
2019-04-29,2.9200000762939453,3.0799999237060547,2.890000104904175,3.0,221300,0,0
2019-04-30,3.0,3.0899999141693115,2.950000047683716,3.049999952316284,617600,0,0
2019-05-01,3.0799999237060547,3.0799999237060547,2.9200000762939453,3.0299999713897705,207200,0,0
2019-05-02,3.0199999809265137,3.130000114440918,3.009999990463257,3.119999885559082,356700,0,0
2019-05-03,3.049999952316284,3.4000000953674316,2.950000047683716,3.4000000953674316,1168500,0,0
2019-05-06,3.319999933242798,3.819999933242798,3.2899999618530273,3.799999952316284,674800,0,0
2019-05-07,3.799999952316284,3.869999885559082,3.640000104904175,3.7899999618530273,470400,0,0
2019-05-08,3.7799999713897705,4.039999961853027,3.7100000381469727,3.940000057220459,467600,0,0
2019-05-09,3.9100000858306885,3.9200000762939453,3.619999885559082,3.7300000190734863,389500,0,0
2019-05-10,3.7100000381469727,4.019999980926514,3.6700000762939453,3.890000104904175,909000,0,0
2019-05-13,3.7799999713897705,3.930000066757202,3.7200000286102295,3.869999885559082,424200,0,0
2019-05-14,3.8399999141693115,4.210000038146973,3.75,4.150000095367432,479400,0,0
2019-05-15,4.0,4.320000171661377,3.890000104904175,4.230000019073486,491700,0,0
2019-05-16,4.260000228881836,4.440000057220459,4.099999904632568,4.300000190734863,623200,0,0
2019-05-17,4.21999979019165,4.300000190734863,3.940000057220459,3.9700000286102295,402300,0,0
2019-05-20,3.880000114440918,3.9700000286102295,3.7200000286102295,3.75,322600,0,0
2019-05-21,3.7699999809265137,3.990000009536743,3.7699999809265137,3.9000000953674316,475900,0,0
2019-05-22,3.859999895095825,3.880000114440918,3.569999933242798,3.640000104904175,230600,0,0
2019-05-23,3.5899999141693115,3.7300000190734863,3.5199999809265137,3.6700000762939453,388300,0,0
2019-05-24,3.6700000762939453,3.7300000190734863,3.5399999618530273,3.609999895095825,413300,0,0
2019-05-28,3.559999942779541,3.680000066757202,3.4600000381469727,3.4800000190734863,346500,0,0
2019-05-29,3.450000047683716,3.549999952316284,3.4100000858306885,3.4800000190734863,218700,0,0
2019-05-30,3.5,3.5899999141693115,3.4700000286102295,3.559999942779541,302200,0,0
2019-05-31,3.5199999809265137,3.5199999809265137,3.309999942779541,3.440000057220459,336700,0,0
2019-06-03,3.440000057220459,3.490000009536743,3.2899999618530273,3.3299999237060547,323500,0,0
2019-06-04,3.319999933242798,3.440000057220459,3.319999933242798,3.4100000858306885,361100,0,0
2019-06-05,3.4100000858306885,3.5,3.369999885559082,3.390000104904175,241100,0,0
2019-06-06,3.4100000858306885,3.5199999809265137,3.359999895095825,3.5,430600,0,0
2019-06-07,3.5,3.5999999046325684,3.490000009536743,3.559999942779541,279300,0,0
2019-06-10,3.559999942779541,3.7899999618530273,3.559999942779541,3.630000114440918,385400,0,0
2019-06-11,3.619999885559082,3.8399999141693115,3.609999895095825,3.7699999809265137,500000,0,0
2019-06-12,3.7699999809265137,3.9000000953674316,3.7699999809265137,3.880000114440918,354200,0,0
2019-06-13,3.880000114440918,4.050000190734863,3.880000114440918,4.019999980926514,446100,0,0
2019-06-14,4.039999961853027,4.099999904632568,3.869999885559082,4.03000020980835,351600,0,0
2019-06-17,4.019999980926514,4.039999961853027,3.9600000381469727,3.990000009536743,334100,0,0
2019-06-18,4.0,4.159999847412109,4.0,4.150000095367432,446500,0,0
2019-06-19,4.159999847412109,4.360000133514404,4.119999885559082,4.199999809265137,515600,0,0
2019-06-20,4.25,4.28000020980835,4.110000133514404,4.110000133514404,329900,0,0
2019-06-21,4.110000133514404,4.210000038146973,4.070000171661377,4.139999866485596,313200,0,0
2019-06-24,4.110000133514404,4.210000038146973,4.059999942779541,4.059999942779541,320100,0,0
2019-06-25,4.050000190734863,4.119999885559082,3.9200000762939453,3.9800000190734863,213600,0,0
2019-06-26,3.990000009536743,4.050000190734863,3.8499999046325684,3.869999885559082,428200,0,0
2019-06-27,3.890000104904175,3.990000009536743,3.859999895095825,3.869999885559082,840600,0,0
2019-06-28,3.8499999046325684,3.9100000858306885,3.569999933242798,3.569999933242798,8758300,0,0
2019-07-01,3.6500000953674316,3.8399999141693115,3.640000104904175,3.8299999237060547,1029000,0,0
2019-07-02,3.8299999237060547,3.9700000286102295,3.819999933242798,3.9100000858306885,860600,0,0
2019-07-03,3.9100000858306885,3.9800000190734863,3.9100000858306885,3.940000057220459,271800,0,0
2019-07-05,3.950000047683716,4.010000228881836,3.9200000762939453,3.990000009536743,466300,0,0
2019-07-08,3.990000009536743,4.010000228881836,3.9000000953674316,3.940000057220459,393300,0,0
2019-07-09,3.9200000762939453,3.930000066757202,3.7200000286102295,3.8399999141693115,384600,0,0
2019-07-10,3.8299999237060547,3.9000000953674316,3.7899999618530273,3.9000000953674316,322500,0,0
2019-07-11,3.9000000953674316,3.9000000953674316,3.6700000762939453,3.819999933242798,738400,0,0
2019-07-12,3.7899999618530273,3.890000104904175,3.7699999809265137,3.8499999046325684,469100,0,0
2019-07-15,3.8399999141693115,3.9800000190734863,3.8399999141693115,3.950000047683716,546200,0,0
2019-07-16,3.950000047683716,4.059999942779541,3.930000066757202,3.930000066757202,264500,0,0
2019-07-17,3.9100000858306885,3.950000047683716,3.6600000858306885,3.680000066757202,697900,0,0
2019-07-18,3.680000066757202,3.700000047683716,3.509999990463257,3.549999952316284,353200,0,0
2019-07-19,3.5399999618530273,3.619999885559082,3.4800000190734863,3.5,227100,0,0
2019-07-22,3.509999990463257,3.5299999713897705,3.440000057220459,3.4800000190734863,271300,0,0
2019-07-23,3.5,3.5399999618530273,3.450000047683716,3.5,255200,0,0
2019-07-24,3.5,3.559999942779541,3.450000047683716,3.549999952316284,367500,0,0
2019-07-25,3.559999942779541,3.609999895095825,3.490000009536743,3.5,359200,0,0
2019-07-26,3.5199999809265137,3.609999895095825,3.5199999809265137,3.5299999713897705,89900,0,0
2019-07-29,3.5299999713897705,3.549999952316284,3.4800000190734863,3.5399999618530273,222100,0,0
2019-07-30,3.5399999618530273,3.6700000762939453,3.440000057220459,3.6500000953674316,245200,0,0
2019-07-31,3.6500000953674316,3.7699999809265137,3.6500000953674316,3.680000066757202,226000,0,0
2019-08-01,3.700000047683716,3.859999895095825,3.700000047683716,3.7200000286102295,229800,0,0
2019-08-02,3.6500000953674316,3.690000057220459,3.450000047683716,3.4700000286102295,482700,0,0
2019-08-05,3.4800000190734863,3.5299999713897705,3.3299999237060547,3.4100000858306885,581000,0,0
2019-08-06,3.440000057220459,3.5799999237060547,3.369999885559082,3.4000000953674316,452100,0,0
2019-08-07,3.369999885559082,3.4200000762939453,3.2799999713897705,3.3499999046325684,389100,0,0
2019-08-08,3.4000000953674316,3.5299999713897705,3.369999885559082,3.4600000381469727,294800,0,0
2019-08-09,3.440000057220459,3.5,3.3499999046325684,3.4100000858306885,201100,0,0
2019-08-12,3.4100000858306885,3.430000066757202,3.3299999237060547,3.3499999046325684,174100,0,0
2019-08-13,3.319999933242798,3.4100000858306885,3.299999952316284,3.299999952316284,849000,0,0
2019-08-14,3.25,3.299999952316284,3.140000104904175,3.190000057220459,1161400,0,0
2019-08-15,3.190000057220459,3.2200000286102295,3.0799999237060547,3.109999895095825,275200,0,0
2019-08-16,3.119999885559082,3.380000114440918,3.119999885559082,3.3499999046325684,352000,0,0
2019-08-19,3.390000104904175,3.549999952316284,3.0799999237060547,3.5,321900,0,0
2019-08-20,3.5,3.569999933242798,3.4800000190734863,3.5,639100,0,0
2019-08-21,3.490000009536743,3.5799999237060547,3.440000057220459,3.569999933242798,311600,0,0
2019-08-22,3.559999942779541,3.640000104904175,3.559999942779541,3.640000104904175,234500,0,0
2019-08-23,3.5999999046325684,3.740000009536743,3.559999942779541,3.640000104904175,285300,0,0
2019-08-26,3.6700000762939453,3.700000047683716,3.619999885559082,3.700000047683716,562400,0,0
2019-08-27,3.7100000381469727,3.7300000190734863,3.559999942779541,3.630000114440918,175700,0,0
2019-08-28,3.630000114440918,3.6700000762939453,3.549999952316284,3.6700000762939453,225500,0,0
2019-08-29,3.7100000381469727,3.7899999618530273,3.6600000858306885,3.680000066757202,153100,0,0
2019-08-30,3.690000057220459,3.7100000381469727,3.5999999046325684,3.630000114440918,262400,0,0
2019-09-03,3.609999895095825,3.630000114440918,3.5,3.559999942779541,275300,0,0
2019-09-04,3.5999999046325684,3.700000047683716,3.5299999713897705,3.640000104904175,338000,0,0
2019-09-05,3.680000066757202,3.7799999713897705,3.609999895095825,3.690000057220459,406100,0,0
2019-09-06,3.700000047683716,3.7100000381469727,3.6500000953674316,3.6500000953674316,111000,0,0
2019-09-09,3.630000114440918,3.7200000286102295,3.5899999141693115,3.680000066757202,162700,0,0
2019-09-10,3.7100000381469727,3.9800000190734863,3.6600000858306885,3.9800000190734863,217400,0,0
2019-09-11,4.010000228881836,4.139999866485596,3.940000057220459,4.119999885559082,309000,0,0
2019-09-12,4.130000114440918,4.28000020980835,4.03000020980835,4.21999979019165,304900,0,0
2019-09-13,4.199999809265137,4.230000019073486,4.090000152587891,4.139999866485596,220100,0,0
2019-09-16,4.099999904632568,4.239999771118164,4.090000152587891,4.090000152587891,256000,0,0
2019-09-17,4.050000190734863,4.179999828338623,4.010000228881836,4.139999866485596,133100,0,0
2019-09-18,4.139999866485596,4.190000057220459,4.059999942779541,4.150000095367432,258400,0,0
2019-09-19,4.159999847412109,4.199999809265137,3.9800000190734863,4.010000228881836,124000,0,0
2019-09-20,4.0,4.099999904632568,3.950000047683716,4.079999923706055,372800,0,0
2019-09-23,4.079999923706055,4.179999828338623,4.0,4.119999885559082,156100,0,0
2019-09-24,4.099999904632568,4.139999866485596,3.9800000190734863,4.039999961853027,199300,0,0
2019-09-25,4.050000190734863,4.070000171661377,3.9700000286102295,4.0,248000,0,0
2019-09-26,3.9800000190734863,3.990000009536743,3.8299999237060547,3.859999895095825,127900,0,0
2019-09-27,3.9000000953674316,3.9600000381469727,3.8399999141693115,3.890000104904175,137000,0,0
2019-09-30,3.859999895095825,3.930000066757202,3.809999942779541,3.8499999046325684,191800,0,0
2019-10-01,3.880000114440918,3.890000104904175,3.640000104904175,3.640000104904175,116900,0,0
2019-10-02,3.5799999237060547,3.680000066757202,3.5799999237060547,3.6600000858306885,184400,0,0
2019-10-03,3.640000104904175,3.6500000953674316,3.509999990463257,3.5299999713897705,159400,0,0
2019-10-04,3.509999990463257,3.640000104904175,3.5,3.640000104904175,98000,0,0
2019-10-07,3.5399999618530273,3.5799999237060547,3.4800000190734863,3.549999952316284,117100,0,0
2019-10-08,3.509999990463257,3.6500000953674316,3.4700000286102295,3.5799999237060547,178100,0,0
2019-10-09,3.630000114440918,3.700000047683716,3.5799999237060547,3.6700000762939453,168000,0,0
2019-10-10,3.7100000381469727,3.7300000190734863,3.630000114440918,3.6600000858306885,119600,0,0
2019-10-11,3.700000047683716,3.859999895095825,3.700000047683716,3.7200000286102295,194100,0,0
2019-10-14,3.690000057220459,3.7300000190734863,3.5899999141693115,3.7200000286102295,80400,0,0
2019-10-15,3.75,3.75,3.5,3.509999990463257,235000,0,0
2019-10-16,3.509999990463257,3.549999952316284,3.359999895095825,3.440000057220459,216500,0,0
2019-10-17,3.440000057220459,3.5299999713897705,3.4000000953674316,3.4600000381469727,153900,0,0
2019-10-18,3.430000066757202,3.5,3.380000114440918,3.490000009536743,97800,0,0
2019-10-21,3.509999990463257,3.6700000762939453,3.490000009536743,3.630000114440918,178100,0,0
2019-10-22,3.559999942779541,3.619999885559082,3.549999952316284,3.549999952316284,113100,0,0
2019-10-23,3.5399999618530273,3.680000066757202,3.5399999618530273,3.6600000858306885,114700,0,0
2019-10-24,3.6500000953674316,3.740000009536743,3.630000114440918,3.680000066757202,146400,0,0
2019-10-25,3.6700000762939453,3.7899999618530273,3.6700000762939453,3.740000009536743,141400,0,0
2019-10-28,3.7699999809265137,3.859999895095825,3.740000009536743,3.759999990463257,116300,0,0
2019-10-29,3.7699999809265137,3.819999933242798,3.7200000286102295,3.7799999713897705,117600,0,0
2019-10-30,3.799999952316284,3.799999952316284,3.6700000762939453,3.7200000286102295,98800,0,0
2019-10-31,3.7200000286102295,3.7200000286102295,3.5399999618530273,3.619999885559082,137100,0,0
2019-11-01,3.6600000858306885,3.690000057220459,3.630000114440918,3.6600000858306885,87400,0,0
2019-11-04,3.7100000381469727,3.7100000381469727,3.630000114440918,3.700000047683716,112300,0,0
2019-11-05,3.7200000286102295,3.809999942779541,3.700000047683716,3.7899999618530273,80300,0,0
2019-11-06,3.759999990463257,3.7899999618530273,3.6700000762939453,3.7899999618530273,75600,0,0
2019-11-07,3.809999942779541,3.8499999046325684,3.759999990463257,3.819999933242798,122200,0,0
2019-11-08,3.069999933242798,3.180000066757202,2.3499999046325684,3.0,1454400,0,0
2019-11-11,3.0,3.1600000858306885,2.9800000190734863,3.140000104904175,176600,0,0
2019-11-12,3.119999885559082,3.299999952316284,3.119999885559082,3.2799999713897705,430900,0,0
2019-11-13,3.2799999713897705,3.359999895095825,3.2300000190734863,3.299999952316284,373900,0,0
2019-11-14,3.319999933242798,3.359999895095825,3.130000114440918,3.140000104904175,357900,0,0
2019-11-15,3.180000066757202,3.309999942779541,3.130000114440918,3.2699999809265137,167900,0,0
2019-11-18,3.25,3.299999952316284,3.180000066757202,3.2699999809265137,227000,0,0
2019-11-19,3.2899999618530273,3.299999952316284,3.25,3.259999990463257,182500,0,0
2019-11-20,3.2699999809265137,3.309999942779541,3.140000104904175,3.140000104904175,183800,0,0
2019-11-21,3.1700000762939453,3.200000047683716,3.059999942779541,3.109999895095825,111600,0,0
2019-11-22,3.130000114440918,3.1500000953674316,3.0799999237060547,3.119999885559082,76900,0,0
2019-11-25,3.1700000762939453,3.390000104904175,3.1500000953674316,3.380000114440918,130400,0,0
2019-11-26,3.390000104904175,3.4800000190734863,3.3299999237060547,3.4000000953674316,162100,0,0
2019-11-27,3.4000000953674316,3.430000066757202,3.3499999046325684,3.3499999046325684,102700,0,0
2019-11-29,3.380000114440918,3.4600000381469727,3.3399999141693115,3.369999885559082,75600,0,0
2019-12-02,3.380000114440918,3.380000114440918,3.2699999809265137,3.309999942779541,366300,0,0
2019-12-03,3.2899999618530273,3.2899999618530273,3.200000047683716,3.2300000190734863,120400,0,0
2019-12-04,3.259999990463257,3.2899999618530273,3.2100000381469727,3.2200000286102295,86500,0,0
2019-12-05,3.240000009536743,3.309999942779541,3.2200000286102295,3.240000009536743,112500,0,0
2019-12-06,3.2799999713897705,3.299999952316284,3.1700000762939453,3.2300000190734863,181000,0,0
2019-12-09,3.190000057220459,3.2300000190734863,3.190000057220459,3.190000057220459,87600,0,0
2019-12-10,3.190000057220459,3.2200000286102295,3.140000104904175,3.1600000858306885,77200,0,0
2019-12-11,3.190000057220459,3.200000047683716,3.109999895095825,3.1700000762939453,119400,0,0
2019-12-12,3.180000066757202,3.2899999618530273,3.1600000858306885,3.2699999809265137,114400,0,0
2019-12-13,3.2300000190734863,3.309999942779541,3.1700000762939453,3.259999990463257,84500,0,0
2019-12-16,3.2699999809265137,3.319999933242798,3.2200000286102295,3.299999952316284,129500,0,0
2019-12-17,3.3299999237060547,3.430000066757202,3.309999942779541,3.390000104904175,150600,0,0
2019-12-18,3.369999885559082,3.4000000953674316,3.299999952316284,3.309999942779541,89800,0,0
2019-12-19,3.299999952316284,3.3299999237060547,3.130000114440918,3.1500000953674316,156200,0,0
2019-12-20,3.1600000858306885,3.200000047683716,3.069999933242798,3.180000066757202,293800,0,0
2019-12-23,3.1500000953674316,3.1600000858306885,3.0899999141693115,3.0899999141693115,125800,0,0
2019-12-24,3.0899999141693115,3.109999895095825,3.049999952316284,3.059999942779541,60700,0,0
2019-12-26,3.059999942779541,3.109999895095825,3.0399999618530273,3.049999952316284,83900,0,0
2019-12-27,3.049999952316284,3.069999933242798,2.940000057220459,2.990000009536743,162600,0,0
2019-12-30,3.0,3.009999990463257,2.940000057220459,3.0,130300,0,0
2019-12-31,2.9800000190734863,3.049999952316284,2.9700000286102295,3.009999990463257,123000,0,0
2020-01-02,3.0199999809265137,3.1500000953674316,3.0199999809265137,3.0899999141693115,317400,0,0
2020-01-03,3.049999952316284,3.119999885559082,3.0399999618530273,3.0899999141693115,75300,0,0
2020-01-06,3.069999933242798,3.130000114440918,3.049999952316284,3.069999933242798,132400,0,0
2020-01-07,3.069999933242798,3.0999999046325684,3.049999952316284,3.049999952316284,50300,0,0
2020-01-08,3.0399999618530273,3.069999933242798,3.0,3.0399999618530273,73700,0,0
2020-01-09,3.0399999618530273,3.069999933242798,3.0199999809265137,3.049999952316284,101000,0,0
2020-01-10,3.069999933242798,3.069999933242798,2.9800000190734863,3.009999990463257,121200,0,0
2020-01-13,3.0199999809265137,3.049999952316284,2.990000009536743,3.0399999618530273,84400,0,0
2020-01-14,3.0399999618530273,3.059999942779541,2.9700000286102295,3.009999990463257,143700,0,0
2020-01-15,3.009999990463257,3.049999952316284,2.9600000381469727,2.9800000190734863,144300,0,0
2020-01-16,3.0,3.130000114440918,3.0,3.069999933242798,96800,0,0
2020-01-17,3.0999999046325684,3.109999895095825,3.009999990463257,3.0299999713897705,84100,0,0
2020-01-21,3.0199999809265137,3.0199999809265137,2.9600000381469727,2.9800000190734863,108100,0,0
2020-01-22,3.0,3.0299999713897705,2.950000047683716,2.990000009536743,50400,0,0
2020-01-23,2.9700000286102295,3.049999952316284,2.930000066757202,3.0199999809265137,141800,0,0
2020-01-24,3.0,3.0,2.940000057220459,2.9700000286102295,93400,0,0
2020-01-27,2.930000066757202,2.950000047683716,2.9000000953674316,2.930000066757202,132000,0,0
2020-01-28,2.930000066757202,2.930000066757202,2.8499999046325684,2.9100000858306885,107500,0,0
2020-01-29,2.880000114440918,2.9600000381469727,2.8299999237060547,2.9200000762939453,258500,0,0
2020-01-30,2.9000000953674316,3.0,2.9000000953674316,2.9700000286102295,51600,0,0
2020-01-31,2.940000057220459,2.950000047683716,2.759999990463257,2.799999952316284,233200,0,0
2020-02-03,2.799999952316284,2.8499999046325684,2.7799999713897705,2.819999933242798,118000,0,0
2020-02-04,2.869999885559082,2.9200000762939453,2.8499999046325684,2.9100000858306885,98900,0,0
2020-02-05,2.940000057220459,2.9700000286102295,2.8499999046325684,2.940000057220459,155500,0,0
2020-02-06,2.869999885559082,3.0999999046325684,2.859999895095825,3.059999942779541,147300,0,0
2020-02-07,3.049999952316284,3.069999933242798,2.930000066757202,2.9700000286102295,228200,0,0
2020-02-10,2.9600000381469727,2.9700000286102295,2.890000104904175,2.930000066757202,188100,0,0
2020-02-11,2.9100000858306885,2.9700000286102295,2.9000000953674316,2.9100000858306885,90400,0,0
2020-02-12,2.9200000762939453,2.950000047683716,2.8399999141693115,2.8399999141693115,90600,0,0
2020-02-13,2.8399999141693115,2.9000000953674316,2.799999952316284,2.8499999046325684,67600,0,0
2020-02-14,2.8399999141693115,2.9600000381469727,2.8399999141693115,2.9200000762939453,85400,0,0
2020-02-18,2.940000057220459,2.940000057220459,2.869999885559082,2.9100000858306885,72200,0,0
2020-02-19,2.9200000762939453,2.9200000762939453,2.859999895095825,2.9000000953674316,76400,0,0
2020-02-20,2.859999895095825,2.9100000858306885,2.8299999237060547,2.869999885559082,133000,0,0
2020-02-21,2.9100000858306885,2.9100000858306885,2.819999933242798,2.8499999046325684,79600,0,0
2020-02-24,2.7699999809265137,2.799999952316284,2.630000114440918,2.6600000858306885,97500,0,0
2020-02-25,2.630000114440918,2.6600000858306885,2.4100000858306885,2.430000066757202,128700,0,0
2020-02-26,2.5,2.5,2.380000114440918,2.390000104904175,81300,0,0
2020-02-27,2.3499999046325684,2.4000000953674316,2.2799999713897705,2.309999942779541,178600,0,0
2020-02-28,2.25,2.319999933242798,2.2100000381469727,2.2799999713897705,176700,0,0
2020-03-02,2.299999952316284,2.299999952316284,2.2100000381469727,2.259999990463257,166000,0,0
2020-03-03,2.259999990463257,2.299999952316284,2.130000114440918,2.1600000858306885,128900,0,0
2020-03-04,2.180000066757202,2.319999933242798,2.180000066757202,2.309999942779541,125600,0,0
2020-03-05,2.2200000286102295,2.259999990463257,2.1700000762939453,2.2300000190734863,111800,0,0
2020-03-06,2.1600000858306885,2.2799999713897705,2.1600000858306885,2.2100000381469727,126500,0,0
2020-03-09,2.0799999237060547,2.2300000190734863,2.049999952316284,2.130000114440918,176800,0,0
2020-03-10,2.200000047683716,2.359999895095825,2.130000114440918,2.359999895095825,270000,0,0
2020-03-11,2.259999990463257,2.309999942779541,2.2300000190734863,2.25,129600,0,0
2020-03-12,2.190000057220459,2.190000057220459,2.0199999809265137,2.0899999141693115,184200,0,0
2020-03-13,2.1700000762939453,2.359999895095825,2.0999999046325684,2.359999895095825,173200,0,0
2020-03-16,2.2300000190734863,2.2300000190734863,2.0799999237060547,2.1600000858306885,232000,0,0
2020-03-17,2.180000066757202,2.2799999713897705,2.0199999809265137,2.2799999713897705,393600,0,0
2020-03-18,2.2200000286102295,2.4200000762939453,2.0399999618530273,2.119999885559082,288400,0,0
2020-03-19,2.1500000953674316,3.049999952316284,2.1500000953674316,2.5,324900,0,0
2020-03-20,2.5299999713897705,2.549999952316284,2.3499999046325684,2.5,372400,0,0
2020-03-23,2.5199999809265137,2.569999933242798,2.240000009536743,2.490000009536743,202400,0,0
2020-03-24,2.7200000286102295,2.7899999618530273,2.490000009536743,2.5999999046325684,243400,0,0
2020-03-25,2.6500000953674316,2.7100000381469727,2.4100000858306885,2.4600000381469727,191200,0,0
2020-03-26,2.4100000858306885,2.7100000381469727,2.4100000858306885,2.619999885559082,179600,0,0
2020-03-27,2.5,2.5199999809265137,2.3399999141693115,2.369999885559082,143800,0,0
2020-03-30,2.4000000953674316,2.4000000953674316,1.7799999713897705,1.840000033378601,573400,0,0
2020-03-31,1.840000033378601,2.1600000858306885,1.840000033378601,2.1600000858306885,241700,0,0
2020-04-01,2.0399999618530273,2.25,1.9800000190734863,2.130000114440918,316200,0,0
2020-04-02,2.109999895095825,2.5299999713897705,2.109999895095825,2.4200000762939453,318800,0,0
2020-04-03,2.4200000762939453,2.4800000190734863,2.309999942779541,2.450000047683716,189300,0,0
2020-04-06,2.569999933242798,2.5999999046325684,2.380000114440918,2.4100000858306885,237200,0,0
2020-04-07,2.309999942779541,2.5399999618530273,2.2899999618530273,2.4800000190734863,435100,0,0
2020-04-08,2.5399999618530273,2.549999952316284,2.390000104904175,2.4100000858306885,170900,0,0
2020-04-09,2.5399999618530273,2.5399999618530273,2.4100000858306885,2.4700000286102295,248500,0,0
2020-04-13,2.4600000381469727,2.5399999618530273,2.4100000858306885,2.430000066757202,141500,0,0
2020-04-14,2.490000009536743,2.5299999713897705,2.440000057220459,2.4600000381469727,184100,0,0
2020-04-15,2.4100000858306885,2.450000047683716,2.2799999713897705,2.3299999237060547,155300,0,0
2020-04-16,2.4100000858306885,2.4100000858306885,2.2300000190734863,2.25,209600,0,0
2020-04-17,2.2899999618530273,2.4600000381469727,2.2899999618530273,2.369999885559082,247700,0,0
2020-04-20,2.2899999618530273,2.450000047683716,2.2899999618530273,2.390000104904175,173700,0,0
2020-04-21,2.299999952316284,2.380000114440918,2.25,2.2699999809265137,144200,0,0
2020-04-22,2.319999933242798,2.4800000190734863,2.319999933242798,2.369999885559082,179400,0,0
2020-04-23,2.3399999141693115,2.4700000286102295,2.3399999141693115,2.380000114440918,154800,0,0
2020-04-24,2.4000000953674316,2.5399999618530273,2.390000104904175,2.509999990463257,136400,0,0
2020-04-27,2.5199999809265137,2.75,2.5199999809265137,2.690000057220459,296000,0,0
2020-04-28,2.75,2.799999952316284,2.680000066757202,2.7200000286102295,132800,0,0
2020-04-29,2.8499999046325684,3.0799999237060547,2.8399999141693115,2.990000009536743,251800,0,0
2020-04-30,3.049999952316284,3.0899999141693115,2.7699999809265137,2.7799999713897705,181600,0,0
2020-05-01,2.75,2.7699999809265137,2.609999895095825,2.7100000381469727,225700,0,0
2020-05-04,2.700000047683716,2.7799999713897705,2.630000114440918,2.6700000762939453,98600,0,0
2020-05-05,2.759999990463257,2.7899999618530273,2.5199999809265137,2.5299999713897705,121400,0,0
2020-05-06,2.509999990463257,2.619999885559082,2.440000057220459,2.5799999237060547,280200,0,0
2020-05-07,2.5299999713897705,2.75,2.319999933242798,2.6500000953674316,179300,0,0
2020-05-08,2.7200000286102295,2.9200000762939453,2.7200000286102295,2.8499999046325684,124500,0,0
2020-05-11,2.7799999713897705,2.819999933242798,2.640000104904175,2.6600000858306885,185800,0,0
2020-05-12,2.680000066757202,2.7200000286102295,2.630000114440918,2.700000047683716,231600,0,0
2020-05-13,2.619999885559082,2.799999952316284,2.619999885559082,2.7100000381469727,332600,0,0
2020-05-14,2.640000104904175,2.759999990463257,2.609999895095825,2.7300000190734863,269900,0,0
2020-05-15,2.759999990463257,2.890000104904175,2.7300000190734863,2.799999952316284,174900,0,0
2020-05-18,2.9600000381469727,2.9700000286102295,2.799999952316284,2.809999942779541,140900,0,0
2020-05-19,2.759999990463257,2.799999952316284,2.6600000858306885,2.6700000762939453,123300,0,0
2020-05-20,2.75,2.819999933242798,2.700000047683716,2.740000009536743,89400,0,0
2020-05-21,2.7300000190734863,2.7799999713897705,2.680000066757202,2.7200000286102295,66000,0,0
2020-05-22,2.759999990463257,2.7799999713897705,2.630000114440918,2.7699999809265137,110000,0,0
2020-05-26,2.869999885559082,2.880000114440918,2.7300000190734863,2.7699999809265137,159400,0,0
2020-05-27,2.8399999141693115,2.930000066757202,2.75,2.9000000953674316,128300,0,0
2020-05-28,2.930000066757202,2.940000057220459,2.6700000762939453,2.680000066757202,150700,0,0
2020-05-29,2.640000104904175,2.690000057220459,2.5,2.6700000762939453,131400,0,0
2020-06-01,2.690000057220459,2.690000057220459,2.5999999046325684,2.5999999046325684,131600,0,0
2020-06-02,2.690000057220459,2.690000057220459,2.509999990463257,2.559999942779541,168500,0,0
2020-06-03,2.640000104904175,2.690000057220459,2.5799999237060547,2.630000114440918,137400,0,0
2020-06-04,2.5799999237060547,2.740000009536743,2.5799999237060547,2.6700000762939453,105800,0,0
2020-06-05,2.799999952316284,2.819999933242798,2.680000066757202,2.75,137500,0,0
2020-06-08,2.75,3.0799999237060547,2.75,3.059999942779541,205900,0,0
2020-06-09,2.9800000190734863,3.0399999618530273,2.869999885559082,2.9100000858306885,145500,0,0
2020-06-10,2.990000009536743,3.0799999237060547,2.869999885559082,3.0,134800,0,0
2020-06-11,2.890000104904175,2.890000104904175,2.5999999046325684,2.609999895095825,148100,0,0
2020-06-12,2.619999885559082,2.7300000190734863,2.5799999237060547,2.630000114440918,331300,0,0
2020-06-15,2.559999942779541,2.7300000190734863,2.549999952316284,2.6700000762939453,150800,0,0
2020-06-16,2.7799999713897705,2.7899999618530273,2.640000104904175,2.690000057220459,141900,0,0
2020-06-17,2.6700000762939453,2.75,2.569999933242798,2.569999933242798,111000,0,0
2020-06-18,2.5399999618530273,2.559999942779541,2.430000066757202,2.5,87600,0,0
2020-06-19,2.4700000286102295,2.549999952316284,2.4600000381469727,2.549999952316284,233200,0,0
2020-06-22,2.5199999809265137,2.5799999237060547,2.4800000190734863,2.569999933242798,62900,0,0
2020-06-23,2.5999999046325684,2.5999999046325684,2.490000009536743,2.5,87600,0,0
2020-06-24,2.509999990463257,2.509999990463257,2.190000057220459,2.200000047683716,241600,0,0
2020-06-25,2.180000066757202,2.180000066757202,2.069999933242798,2.0999999046325684,215300,0,0
2020-06-26,2.0899999141693115,2.119999885559082,1.940000057220459,1.9500000476837158,583800,0,0
2020-06-29,2.0,2.0999999046325684,1.9900000095367432,2.0899999141693115,130500,0,0
2020-06-30,2.059999942779541,2.1500000953674316,2.059999942779541,2.0999999046325684,108800,0,0
2020-07-01,2.109999895095825,2.1500000953674316,2.0299999713897705,2.0399999618530273,191300,0,0
2020-07-02,2.0899999141693115,2.200000047683716,2.0899999141693115,2.130000114440918,113200,0,0
2020-07-06,2.180000066757202,2.200000047683716,2.0999999046325684,2.140000104904175,77400,0,0
2020-07-07,2.1500000953674316,2.1500000953674316,2.0399999618530273,2.049999952316284,92600,0,0
2020-07-08,2.069999933242798,2.0999999046325684,1.9800000190734863,2.049999952316284,115900,0,0
2020-07-09,2.059999942779541,2.119999885559082,2.009999990463257,2.0299999713897705,181300,0,0
2020-07-10,2.0299999713897705,2.140000104904175,2.0299999713897705,2.130000114440918,115200,0,0
2020-07-13,2.190000057220459,2.2100000381469727,2.1500000953674316,2.1600000858306885,150900,0,0
2020-07-14,2.140000104904175,2.2300000190734863,2.130000114440918,2.1600000858306885,160800,0,0
2020-07-15,2.2300000190734863,2.359999895095825,2.190000057220459,2.3399999141693115,181700,0,0
2020-07-16,2.3299999237060547,2.3299999237060547,2.240000009536743,2.2799999713897705,88400,0,0
2020-07-17,2.25,2.3399999141693115,2.25,2.319999933242798,83900,0,0
2020-07-20,2.319999933242798,2.359999895095825,2.25,2.3399999141693115,75300,0,0
2020-07-21,2.390000104904175,2.609999895095825,2.380000114440918,2.569999933242798,191400,0,0
2020-07-22,2.549999952316284,2.630000114440918,2.4800000190734863,2.5899999141693115,153400,0,0
2020-07-23,2.609999895095825,2.7200000286102295,2.5899999141693115,2.700000047683716,104500,0,0
2020-07-24,2.7100000381469727,2.7300000190734863,2.630000114440918,2.6500000953674316,91400,0,0
2020-07-27,2.640000104904175,2.6500000953674316,2.509999990463257,2.5799999237060547,121100,0,0
2020-07-28,2.569999933242798,2.569999933242798,2.440000057220459,2.4600000381469727,98700,0,0
2020-07-29,2.4800000190734863,2.559999942779541,2.4800000190734863,2.5299999713897705,81300,0,0
2020-07-30,2.4700000286102295,2.559999942779541,2.4100000858306885,2.5299999713897705,67500,0,0
2020-07-31,2.490000009536743,2.509999990463257,2.4100000858306885,2.5,102200,0,0
2020-08-03,2.450000047683716,2.5999999046325684,2.430000066757202,2.5899999141693115,90000,0,0
2020-08-04,2.559999942779541,2.609999895095825,2.5,2.5,86200,0,0
2020-08-05,2.559999942779541,2.559999942779541,2.490000009536743,2.5399999618530273,48600,0,0
2020-08-06,2.4200000762939453,2.5199999809265137,2.4200000762939453,2.509999990463257,67500,0,0
2020-08-07,2.4700000286102295,2.6500000953674316,2.4700000286102295,2.6500000953674316,58000,0,0
2020-08-10,2.690000057220459,2.799999952316284,2.6700000762939453,2.7799999713897705,103300,0,0
2020-08-11,2.7799999713897705,2.799999952316284,2.75,2.759999990463257,97800,0,0
2020-08-12,2.799999952316284,2.799999952316284,2.740000009536743,2.740000009536743,88500,0,0
2020-08-13,2.700000047683716,2.759999990463257,2.619999885559082,2.630000114440918,94700,0,0
2020-08-14,2.5899999141693115,2.630000114440918,2.569999933242798,2.619999885559082,61100,0,0
2020-08-17,2.609999895095825,2.7200000286102295,2.5899999141693115,2.700000047683716,48200,0,0
2020-08-18,2.7300000190734863,2.740000009536743,2.680000066757202,2.700000047683716,57300,0,0
2020-08-19,2.680000066757202,2.7899999618530273,2.6700000762939453,2.7300000190734863,60100,0,0
2020-08-20,2.680000066757202,2.7200000286102295,2.6500000953674316,2.700000047683716,44300,0,0
2020-08-21,2.6700000762939453,2.7100000381469727,2.509999990463257,2.5199999809265137,148400,0,0
2020-08-24,2.5299999713897705,2.7200000286102295,2.5299999713897705,2.700000047683716,105100,0,0
2020-08-25,2.7300000190734863,2.759999990463257,2.7100000381469727,2.740000009536743,30200,0,0
2020-08-26,2.6600000858306885,2.7300000190734863,2.609999895095825,2.609999895095825,133000,0,0
2020-08-27,2.6600000858306885,2.6700000762939453,2.5199999809265137,2.5199999809265137,31100,0,0
2020-08-28,2.5799999237060547,2.5999999046325684,2.5299999713897705,2.569999933242798,70600,0,0
2020-08-31,2.5399999618530273,2.559999942779541,2.430000066757202,2.430000066757202,83000,0,0
2020-09-01,2.4200000762939453,2.569999933242798,2.4100000858306885,2.559999942779541,99200,0,0
2020-09-02,2.5299999713897705,2.619999885559082,2.5299999713897705,2.609999895095825,66900,0,0
2020-09-03,2.619999885559082,2.640000104904175,2.549999952316284,2.619999885559082,60400,0,0
2020-09-04,2.6700000762939453,2.680000066757202,2.569999933242798,2.6500000953674316,47500,0,0
2020-09-08,2.619999885559082,2.630000114440918,2.569999933242798,2.5899999141693115,71500,0,0
2020-09-09,2.630000114440918,2.630000114440918,2.559999942779541,2.5999999046325684,61800,0,0
2020-09-10,2.630000114440918,2.640000104904175,2.559999942779541,2.5799999237060547,49400,0,0
2020-09-11,2.559999942779541,2.609999895095825,2.559999942779541,2.5799999237060547,55500,0,0
2020-09-14,2.559999942779541,2.609999895095825,2.559999942779541,2.5999999046325684,45000,0,0
2020-09-15,2.5999999046325684,2.6700000762939453,2.5899999141693115,2.609999895095825,54400,0,0
2020-09-16,2.5999999046325684,2.690000057220459,2.569999933242798,2.5999999046325684,130400,0,0
2020-09-17,2.5899999141693115,2.7100000381469727,2.5899999141693115,2.630000114440918,67600,0,0
2020-09-18,2.6700000762939453,2.6700000762939453,2.5399999618530273,2.6500000953674316,170700,0,0
2020-09-21,2.569999933242798,2.569999933242798,2.4200000762939453,2.440000057220459,151100,0,0
2020-09-22,2.4700000286102295,2.4800000190734863,2.3499999046325684,2.430000066757202,46600,0,0
2020-09-23,2.450000047683716,2.450000047683716,2.2200000286102295,2.2300000190734863,70200,0,0
2020-09-24,2.2200000286102295,2.2300000190734863,2.109999895095825,2.200000047683716,102900,0,0
2020-09-25,2.200000047683716,2.309999942779541,2.200000047683716,2.259999990463257,64100,0,0
2020-09-28,2.25,2.299999952316284,2.25,2.2799999713897705,48800,0,0
2020-09-29,2.2899999618530273,2.299999952316284,2.240000009536743,2.259999990463257,74100,0,0
2020-09-30,2.2699999809265137,2.319999933242798,2.2100000381469727,2.259999990463257,63200,0,0
2020-10-01,2.240000009536743,2.4100000858306885,2.240000009536743,2.390000104904175,88600,0,0
2020-10-02,2.369999885559082,2.5,2.369999885559082,2.4800000190734863,41100,0,0
2020-10-05,2.4800000190734863,2.559999942779541,2.4800000190734863,2.5399999618530273,42000,0,0
2020-10-06,2.549999952316284,2.640000104904175,2.5199999809265137,2.559999942779541,82800,0,0
2020-10-07,2.559999942779541,2.6500000953674316,2.5299999713897705,2.549999952316284,74200,0,0
2020-10-08,2.5799999237060547,2.5799999237060547,2.4200000762939453,2.4200000762939453,69200,0,0
2020-10-09,2.4700000286102295,2.4700000286102295,2.4000000953674316,2.4000000953674316,32400,0,0
2020-10-12,2.4000000953674316,2.440000057220459,2.359999895095825,2.380000114440918,69500,0,0
2020-10-13,2.3399999141693115,2.3499999046325684,2.2699999809265137,2.2699999809265137,84900,0,0
2020-10-14,2.2699999809265137,2.2899999618530273,2.1500000953674316,2.2300000190734863,44200,0,0
2020-10-15,2.2100000381469727,2.299999952316284,2.180000066757202,2.2799999713897705,69600,0,0
2020-10-16,2.2300000190734863,2.299999952316284,2.2300000190734863,2.2699999809265137,106100,0,0
2020-10-19,2.3299999237060547,2.3499999046325684,2.1500000953674316,2.1700000762939453,99100,0,0
2020-10-20,2.190000057220459,2.2300000190734863,2.119999885559082,2.130000114440918,142200,0,0
2020-10-21,2.1700000762939453,2.190000057220459,2.109999895095825,2.109999895095825,48800,0,0
2020-10-22,2.119999885559082,2.119999885559082,2.049999952316284,2.069999933242798,84200,0,0
2020-10-23,2.0799999237060547,2.119999885559082,2.0399999618530273,2.059999942779541,41500,0,0
2020-10-26,1.9900000095367432,2.009999990463257,1.899999976158142,1.899999976158142,117900,0,0
2020-10-27,1.9199999570846558,1.9500000476837158,1.8300000429153442,1.840000033378601,146000,0,0
2020-10-28,1.7999999523162842,1.8600000143051147,1.7799999713897705,1.809999942779541,330900,0,0
2020-10-29,1.7999999523162842,1.8700000047683716,1.7000000476837158,1.7100000381469727,114500,0,0
2020-10-30,1.7100000381469727,1.75,1.690000057220459,1.690000057220459,123000,0,0
2020-11-02,1.6799999475479126,1.75,1.659999966621399,1.7100000381469727,84700,0,0
2020-11-03,1.7799999713897705,1.7999999523162842,1.6799999475479126,1.75,147900,0,0
2020-11-04,1.7100000381469727,1.7999999523162842,1.7100000381469727,1.7799999713897705,162200,0,0
2020-11-05,1.850000023841858,1.850000023841858,1.7799999713897705,1.7899999618530273,106700,0,0
2020-11-06,1.809999942779541,1.809999942779541,1.7300000190734863,1.7300000190734863,65000,0,0
2020-11-09,1.7899999618530273,1.9199999570846558,1.7100000381469727,1.7300000190734863,230300,0,0
2020-11-10,1.7599999904632568,1.9500000476837158,1.7599999904632568,1.9500000476837158,372900,0,0
2020-11-11,1.9800000190734863,1.9900000095367432,1.7599999904632568,1.850000023841858,308700,0,0
2020-11-12,1.840000033378601,1.840000033378601,1.7899999618530273,1.8300000429153442,105000,0,0
2020-11-13,1.840000033378601,1.8700000047683716,1.840000033378601,1.850000023841858,116900,0,0
2020-11-16,1.8899999856948853,1.9299999475479126,1.8300000429153442,1.8600000143051147,126500,0,0
2020-11-17,1.8600000143051147,1.9900000095367432,1.8600000143051147,1.9299999475479126,108500,0,0
2020-11-18,1.940000057220459,1.9900000095367432,1.8300000429153442,1.8300000429153442,170000,0,0
2020-11-19,1.899999976158142,1.940000057220459,1.8200000524520874,1.8899999856948853,881500,0,0
2020-11-20,1.8600000143051147,1.9800000190734863,1.840000033378601,1.9199999570846558,367100,0,0
2020-11-23,1.8799999952316284,1.9500000476837158,1.8799999952316284,1.8899999856948853,189000,0,0
2020-11-24,1.9199999570846558,2.0,1.909999966621399,1.9600000381469727,164300,0,0
2020-11-25,1.9500000476837158,1.9900000095367432,1.9299999475479126,1.9500000476837158,129700,0,0
2020-11-27,1.9500000476837158,1.9800000190734863,1.909999966621399,1.9500000476837158,49800,0,0
2020-11-30,1.899999976158142,1.9900000095367432,1.8899999856948853,1.9199999570846558,146200,0,0
2020-12-01,1.9199999570846558,2.0199999809265137,1.909999966621399,1.909999966621399,181500,0,0
2020-12-02,1.909999966621399,2.0199999809265137,1.899999976158142,1.9900000095367432,176300,0,0
2020-12-03,1.9900000095367432,2.059999942779541,1.9600000381469727,2.0199999809265137,130800,0,0
2020-12-04,2.0299999713897705,2.0899999141693115,2.0299999713897705,2.0399999618530273,104600,0,0
2020-12-07,2.059999942779541,2.109999895095825,2.0,2.0,180700,0,0
2020-12-08,2.0,2.25,2.0,2.200000047683716,321600,0,0
2020-12-09,2.200000047683716,2.25,2.0999999046325684,2.109999895095825,157800,0,0
2020-12-10,2.0999999046325684,2.190000057220459,2.0899999141693115,2.119999885559082,117700,0,0
2020-12-11,2.109999895095825,2.2300000190734863,2.0899999141693115,2.109999895095825,154300,0,0
2020-12-14,2.1700000762939453,2.190000057220459,2.059999942779541,2.059999942779541,123100,0,0
2020-12-15,2.109999895095825,2.190000057220459,2.0999999046325684,2.119999885559082,153500,0,0
2020-12-16,2.119999885559082,2.1700000762939453,2.0299999713897705,2.0299999713897705,131800,0,0
2020-12-17,2.059999942779541,2.240000009536743,2.059999942779541,2.2100000381469727,107400,0,0
2020-12-18,2.2200000286102295,2.2699999809265137,2.1600000858306885,2.1600000858306885,347700,0,0
2020-12-21,2.130000114440918,2.130000114440918,2.0,2.059999942779541,161300,0,0
2020-12-22,2.069999933242798,2.0999999046325684,1.9600000381469727,1.9600000381469727,161400,0,0
2020-12-23,1.9600000381469727,2.109999895095825,1.9600000381469727,2.0899999141693115,111400,0,0
2020-12-24,2.0899999141693115,2.119999885559082,2.0299999713897705,2.0299999713897705,77760,0,0
