Date,Open,High,Low,Close,Volume,Dividends,Stock Splits
1993-08-12,3.302151142770026,3.302151142770026,3.1171168114941192,3.259450912475586,13086600,0.0,0.0
1993-08-13,3.2452164598413415,3.2452164598413415,3.159816026687622,3.159816026687622,1277800,0.0,0.0
1993-08-16,3.159816154411861,3.1882829666137695,3.1455827483109067,3.1882829666137695,559000,0.0,0.0
1993-08-17,3.1882840983072915,3.216750920613607,3.1740506871541343,3.202517509460449,545600,0.0,0.0
1993-08-18,3.202517509460449,3.202517509460449,3.202517509460449,3.202517509460449,469200,0.0,0.0
1993-08-19,3.2025150853584257,3.2025150853584257,3.1455814838409424,3.1455814838409424,409400,0.0,0.0
1993-08-20,3.1598171589085875,3.2025173907857307,3.1598171589085875,3.1740505695343018,540800,0.0,0.0
1993-08-23,3.1740495605128154,3.2025163727147237,3.159816154411861,3.1882829666137695,335600,0.0,0.0
1993-08-24,3.188285155443368,3.230985403060913,3.188285155443368,3.230985403060913,234400,0.0,0.0
1993-08-25,3.2025163727147237,3.2025163727147237,3.1882829666137695,3.1882829666137695,102600,0.0,0.0
1993-08-26,3.1882838619848526,3.259450912475586,3.1882838619848526,3.259450912475586,180400,0.0,0.0
1993-08-27,3.259449884954807,3.259449884954807,3.2025162625101813,3.216749668121338,119600,0.0,0.0
1993-08-30,3.2025162625101813,3.24521647934365,3.2025162625101813,3.216749668121338,71400,0.0,0.0
1993-08-31,3.2167503895966902,3.2879174336143158,3.2167503895966902,3.273684024810791,147000,0.0,0.0
1993-09-01,3.2879177326718794,3.302151142770026,3.259450912475586,3.259450912475586,141600,0.0,0.0
1993-09-02,3.3021514415740967,3.3021514415740967,3.2736846188019064,3.3021514415740967,217600,0.0,0.0
1993-09-03,3.2879172043922615,3.373317651259593,3.2879172043922615,3.3306174278259277,178800,0.0,0.0
1993-09-07,3.3163851453902873,3.3733187959549276,3.3163851453902873,3.3448519706726074,167600,0.0,0.0
1993-09-08,3.373318498504573,3.3875519098906683,3.3021514415740967,3.3021514415740967,276200,0.0,0.0
1993-09-09,3.3021506122034836,3.387551059070815,3.3021506122034836,3.3306174278259277,74400,0.0,0.0
1993-09-10,3.3163847282898327,3.472952247651155,3.3163847282898327,3.4444854259490967,245000,0.0,0.0
1993-09-13,3.401784838239352,3.41601824760437,3.387551428874334,3.41601824760437,251200,0.0,0.0
1993-09-14,3.359084367752075,3.373317776090008,3.316384142738278,3.359084367752075,127000,0.0,0.0
1993-09-15,3.359084367752075,3.359084367752075,3.316384142738278,3.359084367752075,162400,0.0,0.0
1993-09-16,3.3875508308410645,3.3875508308410645,3.3448506102842446,3.3875508308410645,88800,0.0,0.0
1993-09-17,3.3733191341780033,3.43025279045105,3.359085720109742,3.43025279045105,113000,0.0,0.0
1993-09-20,3.39699704768294,3.4256636894355386,3.3826637268066406,3.3826637268066406,15400,0.105,0.0
1993-09-21,3.4113302955144564,3.4113302955144564,3.3683303338062913,3.3969969749450684,286000,0.0,0.0
1993-09-22,3.3826661010167585,3.4256660938262935,3.368332770080247,3.425666093826294,54800,0.0,0.0
1993-09-23,3.4113302955144564,3.4113302955144564,3.3683303338062913,3.3969969749450684,51000,0.0,0.0
1993-09-24,3.3826636041348404,3.454330205917358,3.3826636041348404,3.4543302059173584,265000,0.0,0.0
1993-09-27,3.454331801707051,3.611998398465464,3.454331801707051,3.5976650714874268,675400,0.0,0.0
1993-09-28,3.5833293010318092,3.626329252644191,3.554662666623555,3.6119959354400635,360800,0.0,0.0
1993-09-29,3.611995935440064,3.697995838664827,3.611995935440064,3.6119959354400635,823200,0.0,0.0
1993-09-30,3.5976628270972686,3.6119961451335127,3.5546628729885366,3.5689961910247803,138000,0.0,0.0
1993-10-01,3.5689961910247803,3.6119961451335127,3.5689961910247803,3.5689961910247803,31600,0.0,0.0
1993-10-04,3.554664439842349,3.554664439842349,3.468664493717131,3.497331142425537,27600,0.0,0.0
1993-10-05,3.497331142425537,3.5403311154881463,3.482997818071334,3.497331142425537,87600,0.0,0.0
1993-10-06,3.4686639635793624,3.56899721872422,3.4686639635793624,3.554663896560669,327600,0.0,0.0
1993-10-07,3.5259962369160482,3.6119961451335127,3.5259962369160482,3.5689961910247803,40400,0.0,0.0
1993-10-08,3.5976655944420473,4.013332137226189,3.5976655944420473,3.9273321628570557,1242600,0.0,0.0
1993-10-11,3.8986630439758305,3.9559963240342984,3.8986630439758305,3.89866304397583,885200,0.0,0.0
1993-10-12,3.8986637592315674,4.1853302121162415,3.8986637592315674,4.127996921539307,708200,0.0,0.0
1993-10-13,4.156662897324898,4.156662897324898,4.070662975311279,4.070662975311279,55600,0.0,0.0
1993-10-14,4.070662975311279,4.070662975311279,4.070662975311279,4.070662975311279,55000,0.0,0.0
1993-10-15,4.070664885948444,4.213998156580431,4.070664885948444,4.156664848327637,200600,0.0,0.0
1993-10-18,4.142330169677734,4.199663459223447,4.070663557745594,4.142330169677734,47200,0.0,0.0
1993-10-19,4.113663232326507,4.113663232326507,4.013329982757568,4.013329982757568,173400,0.0,0.0
1993-10-20,4.013331013341104,4.027664338388751,3.9129977380075767,3.998997688293457,141600,0.0,0.0
1993-10-21,3.970331030479376,3.970331030479376,3.9416643804398137,3.9559977054595947,32200,0.0,0.0
1993-10-22,3.9416633759226114,4.070663268225533,3.9416633759226114,4.013329982757568,161000,0.0,0.0
1993-10-25,3.998997765479328,4.041997741452224,3.9273311388578347,3.9846644401550293,48000,0.0,0.0
1993-10-26,3.9273295156190318,3.9273295156190318,3.8843295574188232,3.8843295574188232,27000,0.0,0.0
1993-10-27,3.841330051422119,3.855663372509515,3.826996730334723,3.841330051422119,122400,0.0,0.0
1993-10-28,3.8413297639173622,3.8986630439758305,3.783996483858894,3.89866304397583,75400,0.0,0.0
1993-10-29,3.9273314510441857,3.9703314304351807,3.898664798116856,3.9703314304351807,224400,0.0,0.0
1993-11-01,3.955997789506432,3.9846644401550293,3.9416644641821335,3.9846644401550293,24400,0.0,0.0
1993-11-02,3.9559981039715155,3.9846647568988454,3.941664777507851,3.9703314304351807,68800,0.0,0.0
1993-11-03,3.970330018656594,4.013329982757568,3.955996697289603,4.013329982757568,233600,0.0,0.0
1993-11-04,3.9989986499150594,3.9989986499150594,3.8699986934661865,3.8699986934661865,267400,0.0,0.0
1993-11-05,3.86999783756064,4.013331090803627,3.86999783756064,3.9846644401550293,333200,0.0,0.0
1993-11-08,4.013330413074028,4.113663673400879,3.984663767266357,4.113663673400879,164600,0.0,0.0
1993-11-09,4.156663642112386,4.185330287920058,4.113663673400879,4.113663673400879,192800,0.0,0.0
1993-11-10,4.084998369216919,4.084998369216919,4.041998386383057,4.041998386383057,6800,0.0,0.0
1993-11-11,4.013331090803627,4.013331090803627,3.9416644641821335,3.9846644401550293,95800,0.0,0.0
1993-11-12,4.013331013341104,4.013331013341104,3.9846643632458107,3.998997688293457,70400,0.0,0.0
1993-11-15,3.970331030479376,3.970331030479376,3.8413311053013457,3.9559977054595947,138000,0.0,0.0
1993-11-16,3.941662835019101,3.941662835019101,3.869996238018754,3.8843295574188232,12200,0.0,0.0
1993-11-17,3.855663745575531,3.8699970680497895,3.7409971657814634,3.7696638107299805,190800,0.0,0.0
1993-11-18,3.7266624730730817,3.740995790277209,3.568995983827682,3.6119959354400635,310600,0.0,0.0
1993-11-19,3.611995935440064,3.626329252644191,3.568995983827682,3.6119959354400635,180200,0.0,0.0
1993-11-22,3.5976650714874263,3.5976650714874263,3.583331744509389,3.5976650714874268,52200,0.0,0.0
1993-11-23,3.5976628270972686,3.6119961451335127,3.5546628729885366,3.5689961910247803,163200,0.0,0.0
1993-11-24,3.5403295549522924,3.5976628270972686,3.5259962369160482,3.5689961910247803,289200,0.0,0.0
1993-11-26,3.56899721872422,3.56899721872422,3.554663896560669,3.554663896560669,19000,0.0,0.0
1993-11-29,3.583330540887771,3.6119971852148733,3.540330574397118,3.554663896560669,96400,0.0,0.0
1993-11-30,3.5403301835060117,3.72666335105896,3.5403301835060117,3.72666335105896,162600,0.0,0.0
1993-12-01,3.6979979564078715,3.6979979564078715,3.583331353108403,3.626331329345703,117600,0.0,0.0
1993-12-02,3.6373887062072754,3.6373887062072754,3.593740041732788,3.6373887062072754,28200,0.235,0.0
1993-12-03,3.608288288116455,3.608288288116455,3.564639639469885,3.608288288116455,34800,0.0,0.0
1993-12-06,3.5646415706649717,3.6519389152526855,3.5646415706649717,3.6519389152526855,191800,0.0,0.0
1993-12-07,3.651939801753514,3.6664893627166752,3.6082911188640296,3.666489362716675,22600,0.0,0.0
1993-12-08,3.666486486311882,3.666486486311882,3.608288288116455,3.608288288116455,27000,0.0,0.0
1993-12-09,3.608290607191951,3.6519392838918536,3.608290607191951,3.622840166091919,52400,0.0,0.0
1993-12-10,3.6519382610321043,3.6519382610321043,3.608289596557617,3.6373887062072754,146000,0.0,0.0
1993-12-13,3.6519382610321043,3.6519382610321043,3.608289596557617,3.6373887062072754,257200,0.0,0.0
1993-12-14,3.6373892251183,3.6373892251183,3.462794542312622,3.462794542312622,168800,0.0,0.0
1993-12-15,3.433693693530175,3.608288288116455,3.390045044883605,3.608288288116455,409600,0.0,0.0
1993-12-16,3.6082911188640296,3.7537867284956437,3.6082911188640296,3.666489362716675,119800,0.0,0.0
1993-12-17,3.6955869255065914,3.6955869255065914,3.6373887062072754,3.6373887062072754,59400,0.0,0.0
1993-12-20,3.6373887062072754,3.6664878158569336,3.622839151382446,3.6373887062072754,54600,0.0,0.0
1993-12-21,3.666490019821539,3.666490019821539,3.550093511255776,3.579192638397217,239000,0.0,0.0
1993-12-22,3.608288288116455,3.622837837665312,3.608288288116455,3.608288288116455,16600,0.0,0.0
1993-12-23,3.622837837665312,3.666486486311882,3.608288288116455,3.608288288116455,51000,0.0,0.0
1993-12-27,3.608288288116455,3.608288288116455,3.608288288116455,3.608288288116455,50000,0.0,0.0
1993-12-28,3.637387705784218,3.7101354598999023,3.637387705784218,3.7101354598999023,239000,0.0,0.0
1993-12-29,3.695586262955496,3.7101358151718564,3.666487158522776,3.6810367107391357,394600,0.0,0.0
1993-12-30,3.6664893627166752,3.6664893627166752,3.6082911188640296,3.666489362716675,160000,0.0,0.0
1993-12-31,3.6810363582536287,3.7101354598999023,3.6228381549610815,3.7101354598999023,56000,0.0,0.0
1994-01-03,3.6810375031877736,3.6810375031877736,3.550091505050659,3.550091505050659,82200,0.0,0.0
1994-01-04,3.5791901943654665,3.6082893016367303,3.5791901943654665,3.5937397480010986,269000,0.0,0.0
1994-01-05,3.593738706906636,3.593738706906636,3.477342311541239,3.491891860961914,48000,0.0,0.0
1994-01-06,3.491892635074121,3.491892635074121,3.462793529781836,3.4773430824279785,56200,0.0,0.0
1994-01-07,3.462794751831979,3.462794751831979,3.3318487318047194,3.360947847366333,235600,0.0,0.0
1994-01-10,3.3609465966964587,3.3900457014297616,3.3609465966964587,3.3754961490631104,136400,0.0,0.0
1994-01-11,3.3754972148145366,3.448244999616574,3.360947657854129,3.4045963287353516,89200,0.0,0.0
1994-01-12,3.4336954285116756,3.4918936561135685,3.4336954285116756,3.462794542312622,130400,0.0,0.0
1994-01-13,3.477342311541239,3.4918918609619136,3.477342311541239,3.491891860961914,67400,0.0,0.0
1994-01-14,3.5064432130140415,3.5064432130140415,3.462794542312622,3.462794542312622,45800,0.0,0.0
1994-01-17,3.4918925679963206,3.4918925679963206,3.3754961490631104,3.3754961490631104,7000,0.0,0.0
1994-01-18,3.3318478459897247,3.3754965077275814,3.302748738164487,3.3463973999023438,228400,0.0,0.0
1994-01-19,3.317297939596505,3.3754961490631104,3.317297939596505,3.3754961490631104,124800,0.0,0.0
1994-01-20,3.404594841409237,3.4336939426178628,3.390045290804924,3.41914439201355,430200,0.0,0.0
1994-01-21,3.404595434409866,3.41914498754837,3.3900458812713623,3.3900458812713623,765000,0.0,0.0
1994-01-24,3.3900458812713623,3.404595434409866,3.3754963281328587,3.3900458812713623,376000,0.0,0.0
1994-01-25,3.3900460616402004,3.3900460616402004,3.302748738164487,3.3463973999023438,353000,0.0,0.0
1994-01-26,3.317298292077106,3.3754965077275814,3.317298292077106,3.3463973999023438,183400,0.0,0.0
1994-01-27,3.360946774994355,3.3900458812713623,3.3318476687173475,3.3900458812713623,264000,0.0,0.0
1994-01-28,3.3900460616402004,3.3900460616402004,3.3463973999023438,3.3463973999023438,213600,0.0,0.0
1994-01-31,3.3754963281328587,3.3900458812713623,3.360946774994355,3.3900458812713623,270800,0.0,0.0
1994-02-01,3.3754963281328587,3.404595434409866,3.360946774994355,3.3900458812713623,279000,0.0,0.0
1994-02-02,3.390046771774944,3.4045963287353516,3.390046771774944,3.4045963287353516,184800,0.0,0.0
1994-02-03,3.3900458812713623,3.404595434409866,3.3754963281328587,3.3900458812713623,114600,0.0,0.0
1994-02-04,3.419146943821137,3.419146943821137,3.331849575042725,3.3318495750427246,136600,0.0,0.0
1994-02-07,3.317297939596505,3.3754961490631104,3.317297939596505,3.3754961490631104,32200,0.0,0.0
1994-02-08,3.3754961490631104,3.3754961490631104,3.331847491963156,3.3754961490631104,114400,0.0,0.0
1994-02-09,3.3754963281328587,3.404595434409866,3.346397221855851,3.3900458812713623,283400,0.0,0.0
1994-02-10,3.390046771774944,3.4336954426561666,3.390046771774944,3.4045963287353516,297800,0.0,0.0
1994-02-11,3.4045953191972678,3.4773430824279785,3.4045953191972678,3.4773430824279785,90800,0.0,0.0
1994-02-14,3.4482440967949066,3.579190075154207,3.4482440967949066,3.564640522003174,305000,0.0,0.0
1994-02-15,3.5646423243691405,3.5646423243691405,3.5355432033538823,3.535543203353882,173600,0.0,0.0
1994-02-16,3.5355414157011067,3.564640522003174,3.5355414157011067,3.564640522003174,63400,0.0,0.0
1994-02-17,3.5937390533148075,3.7101354598999023,3.5937390533148075,3.7101354598999023,309200,0.0,0.0
1994-02-18,3.7246857278595558,3.811983049606264,3.7246857278595558,3.76833438873291,282000,0.0,0.0
1994-02-22,3.7974365940667636,3.899283552528324,3.7974365940667636,3.8701844215393066,115200,0.0,0.0
1994-02-23,3.8410852905502892,3.8701844215393066,3.811986159561272,3.8701844215393066,192800,0.0,0.0
1994-02-24,3.8410816043615337,3.8410816043615337,3.724685192108154,3.7246851921081543,170000,0.0,0.0
1994-02-25,3.753785433936212,3.753785433936212,3.7246863220452338,3.7392358779907227,144000,0.0,0.0
1994-02-28,3.7246854948906845,3.8265323638916016,3.7246854948906845,3.8265323638916016,125000,0.0,0.0
1994-03-01,3.8119829294782033,3.8119829294782033,3.7392351636484666,3.797433376312256,227400,0.0,0.0
1994-03-02,3.7683338467031713,3.7828833982348438,3.724685192108154,3.7246851921081543,175000,0.0,0.0
1994-03-03,3.6810365375131364,3.724685192108154,3.666486985981464,3.7246851921081543,63600,0.0,0.0
1994-03-04,3.724685192108154,3.724685192108154,3.695586089044809,3.7246851921081543,6600,0.0,0.0
1994-03-07,3.7246838946675145,3.7537829875946045,3.7101343482039697,3.7537829875946045,72600,0.0,0.0
1994-03-08,3.753784295171499,3.7974329497665162,3.724685192108154,3.7246851921081543,38200,0.0,0.0
1994-03-09,3.710137144977828,3.710137144977828,3.608290242958829,3.6519389152526855,33200,0.0,0.0
1994-03-10,3.666488046721211,3.753785381166954,3.666488046721211,3.695587158203125,13000,0.0,0.0
1994-03-11,3.7246850107230394,3.7246850107230394,3.651937256607355,3.7101354598999023,55600,0.0,0.0
1994-03-14,3.710135180216569,3.7828829288482666,3.6373874315848718,3.7828829288482666,65000,0.0,0.0
1994-03-15,3.753784295171499,3.753784295171499,3.6810365375131364,3.7246851921081543,117800,0.0,0.0
1994-03-16,3.7392345615461764,3.7392345615461764,3.6955859090767658,3.7101354598999023,19800,0.0,0.0
1994-03-17,3.710136057316572,3.8119829294782033,3.710136057316572,3.797433376312256,202800,0.0,0.0
1994-03-18,3.811983108520508,3.841082216219138,3.7537848931232483,3.811983108520508,117200,0.0,0.0
1994-03-21,3.8096199399642363,3.8686838150024414,3.7800880024451335,3.8686838150024414,250000,0.24,0.0
1994-03-22,3.8686849979253912,3.8686849979253912,3.8391530513763428,3.8391530513763428,151000,0.0,0.0
1994-03-23,3.868685497326797,3.94251537322998,3.868685497326797,3.9425153732299805,66600,0.0,0.0
1994-03-24,3.94251537322998,3.94251537322998,3.8834514725074336,3.9425153732299805,75200,0.0,0.0
1994-03-25,3.912983422868707,3.94251537322998,3.912983422868707,3.9425153732299805,9600,0.0,0.0
1994-03-28,3.9277476900406465,3.9277476900406465,3.8391518774833386,3.8686838150024414,73000,0.0,0.0
1994-03-29,3.8686839504241943,3.8686839504241943,3.6619603805541994,3.6914923191070557,295800,0.0,0.0
1994-03-30,3.6767260539727133,3.6767260539727133,3.5143004050020314,3.602896213531494,358000,0.0,0.0
1994-03-31,3.61766384844958,3.6324298233412113,3.5438339739914255,3.5585999488830566,189000,0.0,0.0
1994-04-04,3.5290675113181105,3.543833484168814,3.3666418099603734,3.5143015384674072,491000,0.0,0.0
1994-04-05,3.5438306331634526,3.5438306331634526,3.484766789277395,3.543830633163452,110800,0.0,0.0
1994-04-06,3.55859840197826,3.750555992126465,3.55859840197826,3.750555992126465,53200,0.0,0.0
1994-04-07,3.7800887258429277,3.927748441696167,3.7800887258429277,3.927748441696167,97400,0.0,0.0
1994-04-08,3.927748630019013,3.927748630019013,3.7948548793792725,3.7948548793792725,23000,0.0,0.0
1994-04-11,3.8243866405988993,3.927748441696167,3.8096206690135754,3.927748441696167,121600,0.0,0.0
1994-04-12,3.912981721281095,3.9572796275597493,3.8686838150024414,3.8686838150024414,207000,0.0,0.0
1994-04-13,3.8391525215572777,3.8391525215572777,3.7210247516632076,3.721024751663208,58000,0.0,0.0
1994-04-14,3.7505561962127687,3.780088134765625,3.6914923191070557,3.6914923191070557,49800,0.0,0.0
1994-04-15,3.69149211823471,3.7653219605994037,3.69149211823471,3.750555992126465,293800,0.0,0.0
1994-04-18,3.7210231348872185,3.7800869941711426,3.7210231348872185,3.7800869941711426,9600,0.0,0.0
1994-04-19,3.7800869941711426,3.8096189238131046,3.7357890997081995,3.7800869941711426,33600,0.0,0.0
1994-04-20,3.750555992126465,3.750555992126465,3.7210240551805875,3.750555992126465,91600,0.0,0.0
1994-04-21,3.750555992126465,3.7653219605994037,3.750555992126465,3.750555992126465,61000,0.0,0.0
1994-04-22,3.7505562389598173,3.7653222084045406,3.7357902695150935,3.765322208404541,19800,0.0,0.0
1994-04-25,3.7357903184561896,3.8539180755615234,3.7357903184561896,3.8539180755615234,33400,0.0,0.0
1994-04-26,3.8686830638458374,3.8686830638458374,3.8243851661682133,3.824385166168213,6200,0.0,0.0
1994-04-28,3.8243859087237873,3.8686838150024414,3.8096199399642363,3.8686838150024414,353000,0.0,0.0
1994-04-29,3.8686838150024414,3.8686838150024414,3.8391518774833386,3.8686838150024414,244400,0.0,0.0
1994-05-02,3.8686849979253912,3.8686849979253912,3.8391530513763428,3.8391530513763428,21200,0.0,0.0
1994-05-03,3.8096192002756717,3.8243851661682133,3.7948532343831305,3.824385166168213,28000,0.0,0.0
1994-05-04,3.8243856328402375,3.8391516005346014,3.780087729757146,3.809619665145874,27000,0.0,0.0
1994-05-05,3.8391516005346014,3.8391516005346014,3.7948536974515097,3.809619665145874,8400,0.0,0.0
1994-05-06,3.8096196651458736,3.8391516005346014,3.7948536974515097,3.809619665145874,30000,0.0,0.0
1994-05-09,3.8096199399642363,3.883449783761993,3.8096199399642363,3.8686838150024414,270400,0.0,0.0
1994-05-10,3.883451947362431,4.045877694210289,3.868685970376262,4.031111717224121,77000,0.0,0.0
1994-05-11,4.031110082598899,4.104939937591553,4.031110082598899,4.104939937591553,393400,0.0,0.0
1994-05-12,4.1344730828398015,4.149239058135658,4.104941132248089,4.119707107543945,227000,0.0,0.0
1994-05-13,4.119706165748134,4.149238109588623,4.119706165748134,4.149238109588623,92600,0.0,0.0
1994-05-16,4.13447380065918,4.149239778518677,4.13447380065918,4.13447380065918,29400,0.0,0.0
1994-05-17,4.13447355965845,4.14923953665723,4.090175628662109,4.090175628662109,180200,0.0,0.0
1994-05-18,4.164475541183914,4.194435796875885,4.029654390570046,4.134515285491943,141800,0.2475,0.0
1994-05-19,4.104556192370022,4.104556192370022,4.074595928192139,4.074595928192139,41200,0.0,0.0
1994-05-20,4.044635664014256,4.104556192370022,4.029655531925314,4.074595928192139,53600,0.0,0.0
1994-05-23,4.044634147282065,4.104554653167725,4.014673894339235,4.104554653167725,30600,0.0,0.0
1994-05-24,4.074594774108002,4.134515285491943,4.059614646262017,4.134515285491943,69800,0.0,0.0
1994-05-25,4.149495601654053,4.1794558587057065,4.119535344602399,4.149495601654053,11600,0.0,0.0
1994-05-26,4.14949503258197,4.14949503258197,4.104554653167725,4.104554653167725,55600,0.0,0.0
1994-05-27,4.089575087550745,4.149495601654053,4.089575087550745,4.149495601654053,65000,0.0,0.0
1994-05-31,4.1494947433471685,4.1494947433471685,4.044633865356445,4.044633865356445,76800,0.0,0.0
1994-06-01,4.074595928192139,4.134516456547905,4.074595928192139,4.074595928192139,78400,0.0,0.0
1994-06-02,4.104557217684659,4.1345174893465915,4.089577081853693,4.119537353515625,11800,0.0,0.0
1994-06-03,4.14949503258197,4.164475159053385,4.104554653167725,4.104554653167725,25400,0.0,0.0
1994-06-06,4.074594959024918,4.149495601654053,4.074594959024918,4.149495601654053,133800,0.0,0.0
1994-06-07,4.179456419604166,4.194436550140381,4.1494961585317345,4.194436550140381,21400,0.0,0.0
1994-06-08,4.194435695950076,4.194435695950076,4.164475440979004,4.164475440979004,47200,0.0,0.0
1994-06-09,4.134515285491943,4.149495413337929,4.104555029799973,4.134515285491943,27000,0.0,0.0
1994-06-10,4.104556192370022,4.134516456547905,4.074595928192139,4.074595928192139,12800,0.0,0.0
1994-06-13,4.044635480620324,4.074595743439734,4.014675217800915,4.059615612030029,53200,0.0,0.0
1994-06-14,4.059615796103197,4.074595928192139,4.014675399836372,4.074595928192139,22000,0.0,0.0
1994-06-15,4.10455436706543,4.10455436706543,4.044633865356445,4.044633865356445,16800,0.0,0.0
1994-06-16,4.074594400224895,4.104554653167725,4.05961427375348,4.104554653167725,53400,0.0,0.0
1994-06-17,4.104555629886216,4.104555629886216,4.0296549797058105,4.0296549797058105,182000,0.0,0.0
1994-06-20,4.013843291464482,4.013843291464482,3.877007724710012,3.9074156284332275,140400,0.2475,0.0
1994-06-21,3.937823532156443,3.937823532156443,3.8922116765716197,3.9074156284332275,7200,0.0,0.0
1994-06-22,3.937821397414574,3.9530253410339355,3.8922095665564904,3.9530253410339355,43600,0.0,0.0
1994-06-23,3.953027725219727,3.953027725219727,3.785784244537354,3.7857842445373535,32000,0.0,0.0
1994-06-24,3.7857830476376315,3.7857830476376315,3.7705790996551514,3.7705790996551514,73600,0.0,0.0
1994-06-27,3.7705798110341644,3.7705798110341644,3.7249679584813316,3.7401719093322754,20800,0.0,0.0
1994-06-28,3.7401702049349947,3.747772176896245,3.664150485322495,3.679354429244995,300600,0.0,0.0
1994-06-29,3.679355372985204,3.6945593208074574,3.6489474773406987,3.6489474773406982,140200,0.0,0.0
1994-06-30,3.648947948167304,3.6945597975193953,3.618540048599243,3.618540048599243,132200,0.0,0.0
1994-07-01,3.648947262373127,3.7097630500793457,3.648947262373127,3.7097630500793457,103600,0.0,0.0
1994-07-05,3.7249669970059003,3.800986731638674,3.679355156226236,3.7097630500793457,95400,0.0,0.0
1994-07-06,3.694558373167495,3.694558373167495,3.542518933942495,3.679354429244995,112600,0.0,0.0
1994-07-07,3.6489482042266106,3.740171909332276,3.6489482042266106,3.7401719093322754,122200,0.0,0.0
1994-07-08,3.709763774022399,3.7553756237030025,3.709763774022399,3.755375623703003,103600,0.0,0.0
1994-07-11,3.770579573596537,3.770579573596537,3.724967723915934,3.755375623703003,40600,0.0,0.0
1994-07-12,3.7249679584813316,3.740171909332276,3.7249679584813316,3.7401719093322754,23800,0.0,0.0
1994-07-13,3.740171909332276,3.740171909332276,3.7097640076303873,3.7401719093322754,105800,0.0,0.0
1994-07-14,3.755375170518482,3.8313949108123784,3.755375170518482,3.831394910812378,92000,0.0,0.0
1994-07-15,3.831395869125188,3.9226195802948354,3.831395869125188,3.9074156284332275,77200,0.0,0.0
1994-07-18,3.8922102319912644,3.8922102319912644,3.8618023395538326,3.861802339553833,136200,0.0,0.0
1994-07-19,3.8313929911153726,3.8313929911153726,3.8009851102335044,3.8161890506744385,128000,0.0,0.0
1994-07-20,3.8009862899780273,3.8313941802978513,3.8009862899780273,3.8009862899780273,140800,0.0,0.0
1994-07-21,3.808589941332776,3.9226195802948354,3.8009879654019723,3.9074156284332275,6885000,0.0,0.0
1994-07-22,3.922618124428696,3.922618124428696,3.846598393335117,3.861802339553833,746200,0.0,0.0
1994-07-25,3.877007489980653,3.9378232937450552,3.8465995880984516,3.922619342803955,509600,0.0,0.0
1994-07-26,3.9226193428039546,4.029046999391659,3.916917861201042,3.922619342803955,1134200,0.0,0.0
1994-07-27,3.9226207696332898,3.9530286825761833,3.8922128566903957,3.9378247261047363,69800,0.0,0.0
1994-07-28,3.9226193428039546,3.9378232937450552,3.861803539039552,3.922619342803955,196000,0.0,0.0
1994-07-29,3.9378228296760382,3.9986386262733515,3.9378228296760382,3.9834346771240234,407400,0.0,0.0
1994-08-01,3.983435387741267,4.013843291464482,3.9074156284332275,3.9074156284332275,92600,0.0,0.0
1994-08-02,3.8922104835510254,3.95302627235651,3.8922104835510254,3.8922104835510254,34400,0.0,0.0
1994-08-03,3.953027725219727,3.9682316780090336,3.8466000556945805,3.84660005569458,56400,0.0,0.0
1994-08-04,3.861802589148283,3.8922104835510254,3.8009868003427982,3.8922104835510254,110600,0.0,0.0
1994-08-05,3.892209999234068,3.9074139445435763,3.846598163305544,3.8770060539245605,292000,0.0,0.0
1994-08-08,3.9226193428039546,3.9226193428039546,3.877007489980653,3.922619342803955,277000,0.0,0.0
1994-08-09,3.9074156284332275,3.953027484018051,3.8922116765716197,3.9074156284332275,154600,0.0,0.0
1994-08-10,3.937823299247186,3.968231201171875,3.937823299247186,3.968231201171875,131400,0.0,0.0
1994-08-11,3.968231435879659,3.968231435879659,3.9074156284332275,3.9074156284332275,25000,0.0,0.0
1994-08-12,3.9074168131618428,3.9378247261047363,3.9074168131618428,3.9378247261047363,96800,0.0,0.0
1994-08-15,3.937821397414574,3.9530253410339355,3.9226174537952128,3.9530253410339355,78200,0.0,0.0
1994-08-16,3.9530267788253663,3.983434677124023,3.9226188805267097,3.9834346771240234,74000,0.0,0.0
1994-08-17,3.983434677124023,3.983434677124023,3.9378228296760382,3.9834346771240234,132400,0.0,0.0
1994-08-18,3.983436595519077,3.998640551990524,3.9226207696332898,3.9378247261047363,122000,0.0,0.0
1994-08-19,3.95302627235651,3.9682302195578814,3.846598641946912,3.8922104835510254,141000,0.0,0.0
1994-08-22,3.8922128566903957,3.9378247261047363,3.8922128566903957,3.9378247261047363,17400,0.0,0.0
1994-08-23,3.922618124428696,3.922618124428696,3.8618023395538326,3.861802339553833,111800,0.0,0.0
1994-08-24,3.861803539039552,3.9378232937450552,3.861803539039552,3.922619342803955,75200,0.0,0.0
1994-08-25,3.907415391862854,3.9986390975094577,3.877007489980653,3.922619342803955,103600,0.0,0.0
1994-08-26,3.907415391862854,3.953027244686156,3.907415391862854,3.922619342803955,26800,0.0,0.0
1994-08-29,3.9530267788253663,3.983434677124023,3.892210982228053,3.9834346771240234,88200,0.0,0.0
1994-08-30,3.953028660900188,4.044252399228654,3.953028660900188,4.029048442840576,61200,0.0,0.0
1994-08-31,4.044251441955566,4.07465934753418,3.998639583587647,4.013843536376953,188200,0.0,0.0
1994-09-01,3.9530272502095305,3.983435152134219,3.9530272502095305,3.968231201171875,18800,0.0,0.0
1994-09-02,3.968227892320872,3.9986357688903804,3.9530239540361176,3.998635768890381,25600,0.0,0.0
1994-09-06,3.9986357688903804,3.9986357688903804,3.968227892320872,3.998635768890381,23000,0.0,0.0
1994-09-07,3.998639583587647,4.013843536376953,3.9682316780090336,4.013843536376953,45600,0.0,0.0
1994-09-08,4.01384257542268,4.01384257542268,3.9530267788253663,3.9834346771240234,97000,0.0,0.0
1994-09-09,3.9986357688903804,4.029043645459889,3.983431830605626,3.998635768890381,157000,0.0,0.0
1994-09-12,4.013843536376953,4.013843536376953,3.998639583587647,4.013843536376953,34000,0.0,0.0
1994-09-13,4.013843048450559,4.013843048450559,3.8922114409217534,3.922619342803955,136800,0.0,0.0
1994-09-14,3.8922107030474953,3.907414651106275,3.8009870146948197,3.831394910812378,243800,0.0,0.0
1994-09-15,3.846598163305544,3.9074139445435763,3.846598163305544,3.8770060539245605,334200,0.0,0.0
1994-09-16,3.877007724710012,3.937823532156443,3.861803772848404,3.9074156284332275,120000,0.0,0.0
1994-09-19,3.9378228296760382,3.983434677124023,3.892210982228053,3.9834346771240234,52000,0.0,0.0
1994-09-20,3.9834341667592525,3.9834341667592525,3.8922104835510254,3.8922104835510254,21600,0.0,0.0
1994-09-21,3.8922114409217534,3.953027244686156,3.8922114409217534,3.922619342803955,34400,0.0,0.0
1994-09-22,3.9074156284332275,3.9226195802948354,3.9074156284332275,3.9074156284332275,112800,0.0,0.0
1994-09-23,3.907415391862854,3.9378232937450552,3.8922114409217534,3.922619342803955,44400,0.0,0.0
1994-09-26,3.9522601750891977,3.96769869139814,3.9213831424713135,3.9213831424713135,204800,0.245,0.0
1994-09-27,3.9213835417278227,3.9213835417278227,3.8596294702045495,3.8905065059661865,209000,0.0,0.0
1994-09-28,3.9213815723282406,3.9213815723282406,3.875066041946411,3.875066041946411,52200,0.0,0.0
1994-09-29,3.8905077319842554,3.9059462547302246,3.875069209238286,3.9059462547302246,134600,0.0,0.0
1994-09-30,3.936821658780256,3.936821658780256,3.8905061098534293,3.9213831424713135,252400,0.0,0.0
1994-10-03,3.921383222565055,3.9831372890621424,3.921383222565055,3.9522602558135986,141000,0.0,0.0
1994-10-04,3.9368211484152424,3.9522596627227533,3.5817353193424952,3.7361204624176025,1754200,0.0,0.0
1994-10-05,3.736121338605881,3.7669983744621276,3.6898057848215102,3.705244302749634,402800,0.0,0.0
1994-10-06,3.7206825027700328,3.7669980525970455,3.7052439861610282,3.766998052597046,192400,0.0,0.0
1994-10-07,3.813314199447632,3.8287527184737353,3.720683085291009,3.813314199447632,279800,0.0,0.0
1994-10-10,3.8133137620264486,3.828752279281616,3.782436727516113,3.828752279281616,161200,0.0,0.0
1994-10-11,3.8287524344429134,3.890506505966186,3.8287524344429134,3.8905065059661865,342200,0.0,0.0
1994-10-12,3.8750684804063504,3.890507000248607,3.766998841510556,3.7978758811950684,346600,0.0,0.0
1994-10-13,3.828753124937719,3.828753124937719,3.7669990422774333,3.782437562942505,165000,0.0,0.0
1994-10-14,3.7515589767251134,3.7824360053401347,3.7052434338025813,3.7361204624176025,31400,0.0,0.0
1994-10-17,3.7669980525970455,3.797875085815054,3.7669980525970455,3.766998052597046,32200,0.0,0.0
1994-10-18,3.766998841510556,3.828752920879581,3.766998841510556,3.7978758811950684,202600,0.0,0.0
1994-10-19,3.8133137620264486,3.8441907965367843,3.8133137620264486,3.828752279281616,328400,0.0,0.0
1994-10-20,3.828753743305742,3.8596307896227238,3.828753743305742,3.8441922664642334,268600,0.0,0.0
1994-10-21,3.8133144010373248,3.828752920879581,3.797875881195069,3.7978758811950684,373200,0.0,0.0
1994-10-24,3.813314199447632,3.8287527184737353,3.797875680421528,3.813314199447632,104000,0.0,0.0
1994-10-25,3.797875881195069,3.8133144010373248,3.766998841510556,3.7978758811950684,87400,0.0,0.0
1994-10-26,3.7978760836075764,3.813314604272648,3.782437562942505,3.782437562942505,730800,0.0,0.0
1994-10-27,3.782437562942505,3.7978760836075764,3.782437562942505,3.782437562942505,10400,0.0,0.0
1994-10-28,3.797875085815054,3.8287521190330627,3.7515595359880414,3.766998052597046,277800,0.0,0.0
1994-10-31,3.736123230666795,3.736123230666795,3.674369127680567,3.689807653427124,157800,0.0,0.0
1994-11-01,3.6898051028556016,3.6898051028556016,3.5817354973326343,3.6280510425567627,379600,0.0,0.0
1994-11-02,3.628051479657491,3.658928513526917,3.6126129627227788,3.6126129627227783,6000,0.0,0.0
1994-11-03,3.643491579856707,3.643491579856707,3.5199833907090223,3.5662989616394043,89200,0.0,0.0
1994-11-04,3.566298961639404,3.566298961639404,3.5199833907090223,3.5662989616394043,101000,0.0,0.0
1994-11-07,3.566296773371489,3.597173801712368,3.55085825920105,3.55085825920105,54200,0.0,0.0
1994-11-08,3.550858934893879,3.550858934893879,3.5354204177856445,3.5354204177856445,579000,0.0,0.0
1994-11-09,3.550860062569774,3.550860062569774,3.5045444965362553,3.504544496536255,47600,0.0,0.0
1994-11-10,3.489105629069464,3.489105629069464,3.4582285881042476,3.458228588104248,517400,0.0,0.0
1994-11-11,3.442789515933475,3.442789515933475,3.350158407881453,3.4273509979248047,123400,0.0,0.0
1994-11-14,3.4582285881042476,3.4582285881042476,3.4273515471390312,3.458228588104248,101600,0.0,0.0
1994-11-15,3.4736665519508154,3.4736665519508154,3.3964739619074638,3.4273509979248047,321000,0.0,0.0
1994-11-16,3.3964745998382564,3.427351641654968,3.3964745998382564,3.396474599838257,152600,0.0,0.0
1994-11-17,3.3964749398054903,3.4119134622591516,3.334720849990845,3.3347208499908447,96200,0.0,0.0
1994-11-18,3.334720849990845,3.334720849990845,3.2729667601761996,3.3347208499908447,288800,0.0,0.0
1994-11-21,3.365596610809041,3.365596610809041,3.3038425445556645,3.303842544555664,210600,0.0,0.0
1994-11-22,3.3038434867121746,3.3192820076781193,3.180335318984617,3.1957738399505615,370800,0.0,0.0
1994-11-23,3.180335364230843,3.411913182014642,3.180335364230843,3.319282054901123,267600,0.0,0.0
1994-11-25,3.3192831004431484,3.3655986785888667,3.3192831004431484,3.365598678588867,189400,0.0,0.0
1994-11-28,3.334720849990845,3.3655978948981677,3.303843805083522,3.3347208499908447,172200,0.0,0.0
1994-11-29,3.3192823275371834,3.334720849990845,3.3192823275371834,3.3347208499908447,90400,0.0,0.0
1994-11-30,3.334719697451262,3.350158214569092,3.319281180333432,3.350158214569092,51800,0.0,0.0
1994-12-01,3.3192820549011226,3.3347205760867094,3.303843533715536,3.319282054901123,342000,0.0,0.0
1994-12-02,3.319281180333432,3.350158214569092,3.303842663215602,3.350158214569092,327200,0.0,0.0
1994-12-05,3.3501593724445065,3.3964749398054903,3.303843805083522,3.3347208499908447,224800,0.0,0.0
1994-12-06,3.3347189222063336,3.3655959492638,3.2266493275052026,3.2420878410339355,177800,0.0,0.0
1994-12-07,3.2729655114289757,3.3038425445556645,3.2575269948656316,3.303842544555664,119000,0.0,0.0
1994-12-08,3.334719697451262,3.3655967316869217,3.334719697451262,3.350158214569092,160400,0.0,0.0
1994-12-09,3.3501593735185975,3.4427905082702637,3.3501593735185975,3.4427905082702637,133600,0.0,0.0
1994-12-12,3.504541919942487,3.5354189412635666,3.489103409281948,3.5199804306030273,290800,0.0,0.0
1994-12-13,3.5199833907090223,3.566298961639404,3.5199833907090223,3.5662989616394043,178800,0.0,0.0
1994-12-14,3.566296773371489,3.5817352875419286,3.519981230860171,3.55085825920105,69200,0.0,0.0
1994-12-15,3.550858972436291,3.6434900760650635,3.550858972436291,3.6434900760650635,218400,0.0,0.0
1994-12-16,3.6743670697034143,3.736121138101791,3.6743670697034143,3.7206826210021973,147600,0.0,0.0
1994-12-19,3.720684354687914,3.7515614032745357,3.705245830394603,3.751561403274536,40400,0.0,0.0
1994-12-20,3.782436892390251,3.782436892390251,3.705244302749634,3.705244302749634,121800,0.0,0.0
1994-12-21,3.720682944929549,3.73612146337324,3.6434903527110936,3.658928871154785,612400,0.0,0.0
1994-12-22,3.674369127680567,3.705246179173681,3.65893060193401,3.689807653427124,37000,0.0,0.0
1994-12-23,3.6766072616417538,3.755167245864868,3.660895264797131,3.755167245864868,38200,0.26,0.0
1994-12-27,3.755168374312126,3.755168374312126,3.6923203680474876,3.7080323696136475,196400,0.0,0.0
1994-12-28,3.708031822171846,3.708031822171846,3.660895824432373,3.660895824432373,108800,0.0,0.0
1994-12-29,3.660895994435186,3.676607994411303,3.550911994602369,3.613759994506836,82000,0.0,0.0
1994-12-30,3.582336664199829,3.770880699157715,3.550912658373515,3.770880699157715,383200,0.0,0.0
1995-01-03,3.770879819157809,3.770879819157809,3.660895824432373,3.660895824432373,170400,0.0,0.0
1995-01-04,3.645183825185882,3.660895824432373,3.6137598266929003,3.660895824432373,153400,0.0,0.0
1995-01-05,3.66089614619196,3.66089614619196,3.535200141172494,3.5509121417999268,101600,0.0,0.0
1995-01-06,3.582337158736183,3.6137611689005356,3.566625153654007,3.5980491638183594,87000,0.0,0.0
1995-01-09,3.6294721449370932,3.6451841455645266,3.5509121417999268,3.5509121417999268,43800,0.0,0.0
1995-01-10,3.5509107677560103,3.598046751398789,3.5509107677560103,3.5823347568511963,22600,0.0,0.0
1995-01-11,3.598048143682227,3.6137601443096603,3.535200141172494,3.5509121417999268,135600,0.0,0.0
1995-01-12,3.535200815115656,3.535200815115656,3.51948881149292,3.51948881149292,52000,0.0,0.0
1995-01-13,3.51948881149292,3.535200815115656,3.4880648042474474,3.51948881149292,104600,0.0,0.0
1995-01-16,3.550912272336796,3.566624273541826,3.4723522663116455,3.4723522663116455,185200,0.0,0.0
1995-01-17,3.488062705993652,3.53519868850708,3.4723507118225094,3.53519868850708,26000,0.0,0.0
1995-01-18,3.5666248223611285,3.5666248223611285,3.51948881149292,3.51948881149292,34800,0.0,0.0
1995-01-19,3.519489013396942,3.519489013396942,3.488065004348755,3.488065004348755,465000,0.0,0.0
1995-01-20,3.5194889762184838,3.5194889762184838,3.4566409587860107,3.4566409587860107,279000,0.0,0.0
1995-01-23,3.4880641108361363,3.4880641108361363,3.362368106842041,3.362368106842041,30400,0.0,0.0
1995-01-24,3.3937919370589715,3.4723519356020036,3.3937919370589715,3.409503936767578,246200,0.0,0.0
1995-01-25,3.409504632155101,3.440928637981415,3.3780806263287864,3.3937926292419434,87000,0.0,0.0
1995-01-26,3.393790214006291,3.393790214006291,3.3780782222747803,3.3780782222747803,380600,0.0,0.0
1995-01-27,3.3937926292419434,3.3937926292419434,3.3780806263287864,3.3937926292419434,76000,0.0,0.0
1995-01-30,3.393792107840565,3.393792107840565,3.3309441058435176,3.362368106842041,51200,0.0,0.0
1995-01-31,3.362368323993235,3.362368323993235,3.346656322479248,3.346656322479248,42400,0.0,0.0
1995-02-01,3.3780803255072223,3.3780803255072223,3.330944320965261,3.346656322479248,77600,0.0,0.0
1995-02-02,3.3623687838608367,3.3780807875237375,3.3152327728721334,3.330944776535034,83000,0.0,0.0
1995-02-03,3.315232411171626,3.315232411171626,3.1424003897361383,3.2366724014282227,1265000,0.0,0.0
1995-02-06,3.220961809158325,3.220961809158325,3.189537791508,3.220961809158325,509400,0.0,0.0
1995-02-07,3.2209609105036807,3.3152329371525693,3.2209609105036807,3.268096923828125,756800,0.0,0.0
1995-02-08,3.2680963149093127,3.3780803255072223,3.2680963149093127,3.346656322479248,884000,0.0,0.0
1995-02-09,3.3623686234156294,3.3937926292419434,3.3623686234156294,3.3937926292419434,319200,0.0,0.0
1995-02-10,3.4252161979675293,3.488064201599961,3.3937921961513133,3.4252161979675293,245200,0.0,0.0
1995-02-13,3.4252159364761843,3.440927936184791,3.3623679376417592,3.409503936767578,107400,0.0,0.0
1995-02-14,3.409504981728287,3.488065004348755,3.409504981728287,3.488065004348755,344400,0.0,0.0
1995-02-15,3.4880649675022473,3.4880649675022473,3.4566409587860107,3.4566409587860107,309000,0.0,0.0
1995-02-16,3.4723526438077292,3.4723526438077292,3.3780806263287864,3.3937926292419434,91400,0.0,0.0
1995-02-17,3.3780797962893807,3.3780797962893807,3.299519801026837,3.3152318000793457,126000,0.0,0.0
1995-02-21,3.3152321916107734,3.456640199783745,3.3152321916107734,3.4252161979675293,322000,0.0,0.0
1995-02-22,3.4566409587860107,3.4566409587860107,3.4252169500697742,3.4566409587860107,772800,0.0,0.0
1995-02-23,3.4409281988756373,3.456640199783745,3.3937921961513133,3.4252161979675293,444600,0.0,0.0
1995-02-24,3.409503936767578,3.4252159364761843,3.409503936767578,3.409503936767578,26600,0.0,0.0
1995-02-27,3.409504632155101,3.440928637981415,3.3937926292419434,3.3937926292419434,232200,0.0,0.0
1995-02-28,3.3780799373503654,3.4252159364761843,3.3780799373503654,3.409503936767578,257000,0.0,0.0
1995-03-01,3.409504632155101,3.409504632155101,3.3937926292419434,3.3937926292419434,183400,0.0,0.0
1995-03-02,3.3937921961513133,3.4409281988756373,3.3937921961513133,3.4252161979675293,55600,0.0,0.0
1995-03-03,3.425216635068258,3.425216635068258,3.3937926292419434,3.3937926292419434,167000,0.0,0.0
1995-03-06,3.409504632155101,3.409504632155101,3.3780806263287864,3.3937926292419434,27200,0.0,0.0
1995-03-07,3.393792107840565,3.393792107840565,3.3309441058435176,3.362368106842041,43600,0.0,0.0
1995-03-08,3.362368323993235,3.3780803255072223,3.346656322479248,3.346656322479248,30200,0.0,0.0
1995-03-09,3.3466567801979354,3.3780807875237375,3.330944776535034,3.330944776535034,112600,0.0,0.0
1995-03-10,3.3466569647264253,3.3466569647264253,3.283808946609497,3.283808946609497,32000,0.0,0.0
1995-03-13,3.2995200157165527,3.3623680160159157,3.2995200157165527,3.2995200157165527,152800,0.0,0.0
1995-03-14,3.315232955667961,3.315232955667961,3.283808946609497,3.283808946609497,70800,0.0,0.0
1995-03-15,3.283808946609497,3.299520951138729,3.268096942080265,3.283808946609497,104800,0.0,0.0
1995-03-16,3.268096942080265,3.283808946609497,3.252384937551033,3.283808946609497,290600,0.0,0.0
1995-03-17,3.283808187586098,3.3152321893811805,3.2523841857910156,3.2523841857910156,150400,0.0,0.0
1995-03-20,3.268096186688557,3.268096186688557,3.2209601839959334,3.2523841857910156,309600,0.0,0.0
1995-03-21,3.2523838038693107,3.346655798184363,3.2523838038693107,3.3152318000793457,309400,0.0,0.0
1995-03-22,3.3466559379331526,3.409503936767578,3.3466559379331526,3.409503936767578,252800,0.0,0.0
1995-03-23,3.425216635068258,3.425216635068258,3.3780806263287864,3.3937926292419434,133600,0.0,0.0
1995-03-24,3.3780803255072223,3.393792327021209,3.346656322479248,3.346656322479248,80400,0.0,0.0
1995-03-27,3.3806211289905366,3.3966430300757997,3.332555425734747,3.3645992279052734,378200,0.2575,0.0
1995-03-28,3.3485793505723658,3.364601261340655,3.332557439804077,3.332557439804077,36800,0.0,0.0
1995-03-29,3.332557439804077,3.364601261340655,3.332557439804077,3.332557439804077,312200,0.0,0.0
1995-03-30,3.316535529035788,3.332557439804077,3.3005136182674994,3.332557439804077,154600,0.0,0.0
1995-03-31,3.332557439804077,3.332557439804077,3.316535529035788,3.332557439804077,476600,0.0,0.0
1995-04-03,3.3485793505723658,3.3966450828772325,3.332557439804077,3.332557439804077,91800,0.0,0.0
1995-04-04,3.348578100520853,3.380621910095215,3.332556195733672,3.380621910095215,206800,0.0,0.0
1995-04-05,3.3806211289905366,3.3966430300757997,3.332555425734747,3.3645992279052734,110200,0.0,0.0
1995-04-06,3.3646012043607407,3.3806231148576966,3.2844916518759613,3.316535472869873,313800,0.0,0.0
1995-04-07,3.332557439804077,3.3485793505723658,3.2844917074992104,3.332557439804077,110200,0.0,0.0
1995-04-10,3.316535529035788,3.332557439804077,3.3005136182674994,3.332557439804077,241600,0.0,0.0
1995-04-11,3.332557326381646,3.332557326381646,3.28449159571268,3.300513505935669,52400,0.0,0.0
1995-04-12,3.3005126074617133,3.3005126074617133,3.2524468898773193,3.2524468898773193,118600,0.0,0.0
1995-04-13,3.2844905233850668,3.316534333369311,3.2684686183929443,3.2684686183929443,111600,0.0,0.0
1995-04-17,3.3005129697846205,3.316534877404934,3.2844910621643066,3.2844910621643066,69200,0.0,0.0
1995-04-18,3.316534877404934,3.3325567850252478,3.2364253393033655,3.2844910621643066,97800,0.0,0.0
1995-04-19,3.3165345133231776,3.3165345133231776,3.2204030781543898,3.2524468898773193,283000,0.0,0.0
1995-04-20,3.2524493658542637,3.2524493658542637,3.188361693620682,3.204383611679077,160600,0.0,0.0
1995-04-21,3.188361693620682,3.204383611679077,3.188361693620682,3.204383611679077,335600,0.0,0.0
1995-04-24,3.2043815240627382,3.2844910621643066,3.2043815240627382,3.2844910621643066,61800,0.0,0.0
1995-04-25,3.268467821393694,3.3645992279052734,3.268467821393694,3.3645992279052734,149800,0.0,0.0
1995-04-26,3.380621910095215,3.380621910095215,3.332556195733672,3.380621910095215,49200,0.0,0.0
1995-04-27,3.396642884542776,3.4447085857391357,3.396642884542776,3.4447085857391357,45400,0.0,0.0
1995-04-28,3.460731140921049,3.460731140921049,3.428687334060669,3.428687334060669,41000,0.0,0.0
1995-05-01,3.4447085857391357,3.4447085857391357,3.4126647849415623,3.4447085857391357,55400,0.0,0.0
1995-05-02,3.4447095292439394,3.4447095292439394,3.380621910095215,3.380621910095215,34800,0.0,0.0
1995-05-03,3.396643814882396,3.396643814882396,3.380621910095215,3.380621910095215,133200,0.0,0.0
1995-05-04,3.3806223311555494,3.524819492200099,3.3806223311555494,3.4927756786346436,522800,0.0,0.0
1995-05-05,3.4927764387943285,3.5728859901428223,3.4447107079852324,3.5728859901428223,205600,0.0,0.0
1995-05-08,3.572885978589499,3.66901743989684,3.572885978589499,3.6369736194610596,89600,0.0,0.0
1995-05-09,3.6690159476321678,3.7170816587365194,3.620950236527816,3.685037851333618,591200,0.0,0.0
1995-05-10,3.6850371625688343,3.7971904675165815,3.6850371625688343,3.749124765396118,895200,0.0,0.0
1995-05-11,3.749124631799501,3.749124631799501,3.701058931391815,3.71708083152771,142800,0.0,0.0
1995-05-12,3.701061248779297,3.701061248779297,3.6850393386114213,3.701061248779297,112000,0.0,0.0
1995-05-15,3.701058931391815,3.71708083152771,3.6850370312559195,3.71708083152771,20600,0.0,0.0
1995-05-16,3.733104705810547,3.749126614419176,3.717082797201918,3.733104705810547,69400,0.0,0.0
1995-05-17,3.7331027316636054,3.7331027316636054,3.701058931391815,3.71708083152771,294000,0.0,0.0
1995-05-18,3.701061248779297,3.7331050691150485,3.6690174284435453,3.701061248779297,109000,0.0,0.0
1995-05-19,3.7010611342550885,3.7010611342550885,3.652995405238789,3.6690173149108887,128000,0.0,0.0
1995-05-22,3.701060888593289,3.749126614419176,3.701060888593289,3.733104705810547,119000,0.0,0.0
1995-05-23,3.749126979282924,3.749126979282924,3.701061248779297,3.701061248779297,73400,0.0,0.0
1995-05-24,3.701061248779297,3.7170831589471724,3.701061248779297,3.701061248779297,268600,0.0,0.0
1995-05-25,3.7170816587365194,3.7170816587365194,3.6690159476321678,3.685037851333618,637200,0.0,0.0
1995-05-26,3.701059755035069,3.701059755035069,3.6529940439307174,3.685037851333618,92600,0.0,0.0
1995-05-30,3.6690173149108887,3.685039224582989,3.6690173149108887,3.6690173149108887,33400,0.0,0.0
1995-05-31,3.685039224582989,3.7010611342550885,3.652995405238789,3.6690173149108887,186000,0.0,0.0
1995-06-01,3.652995162767402,3.749126614419176,3.652995162767402,3.733104705810547,127600,0.0,0.0
1995-06-02,3.733102864689297,3.7971904675165815,3.7170809639824762,3.749124765396118,248000,0.0,0.0
1995-06-05,3.7651473984998813,3.8132131099700928,3.7651473984998813,3.8132131099700928,79800,0.0,0.0
1995-06-06,3.781170426541743,3.829236152302867,3.781170426541743,3.797192335128784,87600,0.0,0.0
1995-06-07,3.8132141848741954,3.8132141848741954,3.749126551514965,3.78117036819458,40800,0.0,0.0
1995-06-08,3.7651455402374268,3.7811674361533307,3.733101748405619,3.7651455402374268,34200,0.0,0.0
1995-06-09,3.7811707996186756,3.7811707996186756,3.6850393386114213,3.701061248779297,146200,0.0,0.0
1995-06-12,3.7010611342550885,3.7010611342550885,3.652995405238789,3.6690173149108887,241400,0.0,0.0
1995-06-13,3.685038685798645,3.685038685798645,3.6529948711395264,3.6529948711395264,73000,0.0,0.0
1995-06-14,3.6690173149108887,3.685039224582989,3.652995405238789,3.6690173149108887,149600,0.0,0.0
1995-06-15,3.701058931391815,3.7331027316636054,3.6850370312559195,3.71708083152771,67400,0.0,0.0
1995-06-16,3.7811674361533307,3.7971893320692347,3.7651455402374268,3.7651455402374268,57000,0.0,0.0
1995-06-19,3.7811704316364336,3.8132142488536918,3.733104705810547,3.733104705810547,271200,0.0,0.0
1995-06-20,3.701058931391815,3.749124631799501,3.620949430712338,3.71708083152771,313000,0.0,0.0
1995-06-21,3.749124631799501,3.749124631799501,3.669015131120024,3.71708083152771,122000,0.0,0.0
1995-06-22,3.7170831705505103,3.7170831705505103,3.62095170924317,3.6369736194610596,438200,0.0,0.0
1995-06-23,3.62095046043396,3.636972365126146,3.6049285557417745,3.62095046043396,281800,0.0,0.0
1995-06-26,3.6049296855926514,3.6209515953063964,3.556863956451416,3.6049296855926514,64800,0.0,0.0
1995-06-27,3.6209505753857747,3.6209505753857747,3.588906764984131,3.588906764984131,508200,0.0,0.0
1995-06-28,3.6071879493591448,3.6071879493591448,3.541899479687486,3.5745437145233154,329400,0.2575,0.0
1995-06-29,3.574543899959988,3.574543899959988,3.5092554269013583,3.5255775451660156,195600,0.0,0.0
1995-06-30,3.5255783577136395,3.6398332118988037,3.5255783577136395,3.6398332118988037,431800,0.0,0.0
1995-07-03,3.6561537000868056,3.672475814819336,3.6561537000868056,3.672475814819336,60200,0.0,0.0
1995-07-05,3.6561551094055176,3.688799351453781,3.639832988381386,3.6561551094055176,37600,0.0,0.0
1995-07-06,3.63983282876327,3.7377655506134033,3.6235107084549147,3.7377655506134033,91600,0.0,0.0
1995-07-07,3.770408477174475,3.8356969356536865,3.770408477174475,3.8356969356536865,164000,0.0,0.0
1995-07-10,3.8356969356536865,3.8520190502734897,3.819374821033884,3.8356969356536865,35600,0.0,0.0
1995-07-11,3.852020502090454,3.868342622862024,3.8356983813188847,3.852020502090454,90800,0.0,0.0
1995-07-12,3.85201933011727,3.8683414459228516,3.8356972143116885,3.8683414459228516,72400,0.0,0.0
1995-07-13,3.8683426679427657,3.900986909866333,3.835698426019198,3.900986909866333,149600,0.0,0.0
1995-07-14,3.868342622862024,3.868342622862024,3.819376260547315,3.852020502090454,24200,0.0,0.0
1995-07-17,3.8683426679427657,3.917309030828117,3.819376305057414,3.900986909866333,148400,0.0,0.0
1995-07-18,3.900985677534015,3.900985677534015,3.8683414459228516,3.8683414459228516,54000,0.0,0.0
1995-07-19,3.852019430243451,3.852019430243451,3.737764616634535,3.75408673286438,168600,0.0,0.0
1995-07-20,3.75408673286438,3.7867309653240704,3.75408673286438,3.75408673286438,333600,0.0,0.0
1995-07-21,3.75408673286438,3.7867309653240704,3.75408673286438,3.75408673286438,61800,0.0,0.0
1995-07-24,3.737765817931204,3.7704100608825684,3.737765817931204,3.7704100608825684,31400,0.0,0.0
1995-07-25,3.7704088490942254,3.7704088490942254,3.72144250040469,3.75408673286438,92200,0.0,0.0
1995-07-26,3.754087777461036,3.868342622862024,3.7214435359178966,3.852020502090454,80000,0.0,0.0
1995-07-27,3.852020502090454,3.868342622862024,3.7867320190041753,3.852020502090454,166400,0.0,0.0
1995-07-28,3.852020502090454,3.852020502090454,3.8356983813188847,3.852020502090454,121000,0.0,0.0
1995-07-31,3.852020502090454,3.852020502090454,3.819376260547315,3.852020502090454,76600,0.0,0.0
1995-08-01,3.85201933011727,3.8683414459228516,3.803052982700525,3.8683414459228516,61000,0.0,0.0
1995-08-02,3.8683414459228516,3.8846635617284333,3.8683414459228516,3.8683414459228516,82800,0.0,0.0
1995-08-03,3.9009853941328982,3.9009853941328982,3.8356969356536865,3.8356969356536865,152400,0.0,0.0
1995-08-04,3.852020502090454,3.852020502090454,3.819376260547315,3.852020502090454,18000,0.0,0.0
1995-08-07,3.852020502090454,3.868342622862024,3.819376260547315,3.852020502090454,220200,0.0,0.0
1995-08-08,3.868342622862024,3.8846647436335937,3.8356983813188847,3.852020502090454,199000,0.0,0.0
1995-08-09,3.8520190502734897,3.8683411648932924,3.8356969356536865,3.8356969356536865,381600,0.0,0.0
1995-08-10,3.85201933011727,3.8683414459228516,3.819375098506107,3.8683414459228516,457000,0.0,0.0
1995-08-11,3.9009868644051635,3.9009868644051635,3.8356983813188847,3.852020502090454,91000,0.0,0.0
1995-08-14,3.85201933011727,3.8846635617284333,3.85201933011727,3.8683414459228516,170000,0.0,0.0
1995-08-15,3.868342622862024,3.8846647436335937,3.852020502090454,3.852020502090454,64800,0.0,0.0
1995-08-16,3.8520190502734897,3.8683411648932924,3.819374821033884,3.8356969356536865,118800,0.0,0.0
1995-08-17,3.835697314013606,3.852019430243451,3.75408673286438,3.75408673286438,309200,0.0,0.0
1995-08-18,3.7704100608825684,3.7867321823582505,3.7540879394068862,3.7704100608825684,63000,0.0,0.0
1995-08-21,3.7704100608825684,3.7867321823582505,3.7540879394068862,3.7704100608825684,129600,0.0,0.0
1995-08-22,3.7704080845180314,3.7704080845180314,3.656153294078091,3.7214417457580566,275200,0.0,0.0
1995-08-23,3.7214417457580566,3.7704080845180314,3.7214417457580566,3.7214417457580566,51600,0.0,0.0
1995-08-24,3.721443696455522,3.7867321823582505,3.721443696455522,3.7704100608825684,63200,0.0,0.0
1995-08-25,3.786729574203491,3.786729574203491,3.7540853537362198,3.786729574203491,20200,0.0,0.0
1995-08-28,3.786729837180207,3.8193740599145194,3.786729837180207,3.8030519485473633,73400,0.0,0.0
1995-08-29,3.8193755871107595,3.8846640586853027,3.8193755871107595,3.8846640586853027,187000,0.0,0.0
1995-08-30,3.852020502090454,3.8846647436335937,3.852020502090454,3.852020502090454,23200,0.0,0.0
1995-08-31,3.868342622862024,3.8846647436335937,3.7867320190041753,3.852020502090454,310400,0.0,0.0
1995-09-01,3.852020502090454,3.852020502090454,3.803054139775745,3.852020502090454,48600,0.0,0.0
1995-09-05,3.8356983813188847,3.9009868644051635,3.8356983813188847,3.852020502090454,149800,0.0,0.0
1995-09-06,3.852020502090454,3.9009868644051635,3.819376260547315,3.852020502090454,315400,0.0,0.0
1995-09-07,3.85201933011727,3.8683414459228516,3.819375098506107,3.8683414459228516,67600,0.0,0.0
1995-09-08,3.868342622862024,3.868342622862024,3.852020502090454,3.852020502090454,65000,0.0,0.0
1995-09-11,3.884664788904549,3.917309030828117,3.8683426679427657,3.900986909866333,157400,0.0,0.0
1995-09-12,3.917308294472574,3.917308294472574,3.868341940791667,3.8846640586853027,179000,0.0,0.0
1995-09-13,3.884662934853328,3.933629274368286,3.884662934853328,3.933629274368286,134800,0.0,0.0
1995-09-14,3.9499528740273147,3.998919231969802,3.9499528740273147,3.9825971126556396,137200,0.0,0.0
1995-09-15,3.9499531412512305,4.047885863761592,3.9499531412512305,4.015241622924805,117000,0.0,0.0
1995-09-18,4.015241351283964,4.015241351283964,3.9662749933414774,3.9825971126556396,45200,0.0,0.0
1995-09-19,3.9825955586261057,4.064206123352051,3.9662734456809168,4.064206123352051,97800,0.0,0.0
1995-09-20,4.064205115623319,4.064205115623319,4.015238788929063,4.031560897827148,265400,0.0,0.0
1995-09-21,4.031561897461673,4.064206123352051,4.015239784516484,4.064206123352051,61600,0.0,0.0
1995-09-22,4.031561897461673,4.064206123352051,4.031561897461673,4.064206123352051,65000,0.0,0.0
1995-09-25,4.064206123352051,4.08052823629724,4.047884010406862,4.064206123352051,98800,0.0,0.0
1995-09-26,4.064207096099853,4.08052921295166,4.064207096099853,4.08052921295166,15400,0.0,0.0
1995-09-27,4.09911636854886,4.09911636854886,4.032733917236328,4.032733917236328,127400,0.2575,0.0
1995-09-28,4.03273461881231,4.049330234527588,4.016139003097034,4.049330234527588,256200,0.0,0.0
1995-09-29,4.049329310531933,4.065924922460343,3.9497556389614754,3.999542474746704,46400,0.0,0.0
1995-10-02,3.9995417876585626,3.9995417876585626,3.9165637422714554,3.933159351348877,28000,0.0,0.0
1995-10-03,3.933160555564751,3.933160555564751,3.883373713089248,3.91656494140625,97200,0.0,0.0
1995-10-04,3.899968133194034,3.933159351348877,3.899968133194034,3.933159351348877,122600,0.0,0.0
1995-10-05,3.883373191247837,3.999542474746704,3.883373191247837,3.999542474746704,47800,0.0,0.0
1995-10-06,3.9829468530071668,4.032733688669756,3.9829468530071668,4.016138076782227,42000,0.0,0.0
1995-10-09,3.982948094856839,3.982948094856839,3.8999700095473213,3.9497568607330322,120800,0.0,0.0
1995-10-10,3.9331591312701883,3.9331591312701883,3.8833723068237305,3.8833723068237305,208400,0.0,0.0
1995-10-11,3.8501810905260916,3.9331591312701883,3.8501810905260916,3.8833723068237305,104400,0.0,0.0
1995-10-12,3.866776698674911,3.8833723068237305,3.8501810905260916,3.8833723068237305,86800,0.0,0.0
1995-10-13,3.8833723068237305,3.8833723068237305,3.8501810905260916,3.8833723068237305,87600,0.0,0.0
1995-10-16,3.883373040577461,3.883373040577461,3.8335862067239037,3.850181818008423,137200,0.0,0.0
1995-10-17,3.8501810905260916,3.8833723068237305,3.8501810905260916,3.8833723068237305,57000,0.0,0.0
1995-10-18,3.8833737744913472,3.8833737744913472,3.8335869312286377,3.8335869312286377,119000,0.0,0.0
1995-10-19,3.8335869312286377,3.8335869312286377,3.8169913168077345,3.8335869312286377,32000,0.0,0.0
1995-10-20,3.833585994212388,3.833585994212388,3.767203552754165,3.8003947734832764,344600,0.0,0.0
1995-10-23,3.7672045357459414,3.7838001504408574,3.7340133063561094,3.7506089210510254,139000,0.0,0.0
1995-10-24,3.767204999923706,3.767204999923706,3.734013766444202,3.767204999923706,182000,0.0,0.0
1995-10-25,3.767204999923706,3.767204999923706,3.7506093831839538,3.767204999923706,94800,0.0,0.0
1995-10-26,3.767204999923706,3.783800616663458,3.734013766444202,3.767204999923706,126400,0.0,0.0
1995-10-27,3.767204999923706,3.767204999923706,3.734013766444202,3.767204999923706,91600,0.0,0.0
1995-10-30,3.7672040674421523,3.7672040674421523,3.7340128421783447,3.7340128421783447,70600,0.0,0.0
1995-10-31,3.7340128421783447,3.7672040674421523,3.717417229546441,3.7340128421783447,156800,0.0,0.0
1995-11-01,3.7340133063561094,3.7672045357459414,3.7340133063561094,3.7506089210510254,87800,0.0,0.0
1995-11-02,3.767204999923706,3.783800616663458,3.7506093831839538,3.767204999923706,63000,0.0,0.0
1995-11-03,3.767204999923706,3.767204999923706,3.7506093831839538,3.767204999923706,28800,0.0,0.0
1995-11-06,3.7506091871431892,3.7672048030155043,3.7174179553985596,3.7174179553985596,93600,0.0,0.0
1995-11-07,3.7174179553985596,3.7174179553985596,3.6842267236539294,3.7174179553985596,61800,0.0,0.0
1995-11-08,3.734013571270874,3.734013571270874,3.7008223395262445,3.7174179553985596,81200,0.0,0.0
1995-11-09,3.7174179553985596,3.7174179553985596,3.7008223395262445,3.7174179553985596,56600,0.0,0.0
1995-11-10,3.6842267236539294,3.734013571270874,3.6842267236539294,3.7174179553985596,144000,0.0,0.0
1995-11-13,3.7174176916611934,3.7672045357459414,3.7174176916611934,3.7506089210510254,25800,0.0,0.0
1995-11-14,3.750608859124122,3.8335869312286377,3.750608859124122,3.8335869312286377,66200,0.0,0.0
1995-11-15,3.8003942660796337,3.916563523121369,3.8003942660796337,3.8833723068237305,83000,0.0,0.0
1995-11-16,3.9165652197318015,3.9165652197318015,3.8667783737182617,3.8667783737182617,32800,0.0,0.0
1995-11-17,3.8667787754235143,3.9497568607330322,3.8667787754235143,3.9497568607330322,104200,0.0,0.0
1995-11-20,3.949754960426298,3.949754960426298,3.9165637422714554,3.933159351348877,60200,0.0,0.0
1995-11-21,3.933159351348877,3.9414571558875875,3.9165637422714554,3.933159351348877,120200,0.0,0.0
1995-11-22,3.9497573206115466,3.982948558599879,3.9331617016173803,3.966352939605713,98400,0.0,0.0
1995-11-24,3.9663524777949357,3.9663524777949357,3.9497568607330322,3.9497568607330322,8200,0.0,0.0
1995-11-27,3.9663477235910842,4.065921306610107,3.949752126421247,4.065921306610107,136200,0.0,0.0
1995-11-28,4.065921306610107,4.082516903779944,4.04932570944027,4.065921306610107,104400,0.0,0.0
1995-11-29,4.049329300557286,4.049329300557286,3.9829468530071668,4.016138076782227,206400,0.0,0.0
1995-11-30,3.999543797585272,4.115713119506836,3.982948180167906,4.115713119506836,314000,0.0,0.0
1995-12-01,4.099116802215576,4.099116802215576,4.082521187631707,4.099116802215576,145200,0.0,0.0
1995-12-04,4.082521884672103,4.115713119506836,4.082521884672103,4.115713119506836,137600,0.0,0.0
1995-12-05,4.115713119506836,4.132308736924202,4.082521884672103,4.115713119506836,202400,0.0,0.0
1995-12-06,4.1323072626477195,4.198689708634028,4.115711651151142,4.182094097137451,247400,0.0,0.0
1995-12-07,4.182093867267746,4.215285088436537,4.16549825668335,4.16549825668335,27000,0.0,0.0
1995-12-08,4.182093867267746,4.182093867267746,4.1489026460989535,4.16549825668335,99600,0.0,0.0
1995-12-11,4.198689443924848,4.2318806648254395,4.182093833474552,4.2318806648254395,50400,0.0,0.0
1995-12-12,4.198690414428711,4.23188164300127,4.182094800142432,4.198690414428711,43600,0.0,0.0
1995-12-13,4.165498485640874,4.215285320130605,4.165498485640874,4.182094097137451,38600,0.0,0.0
1995-12-14,4.182094097137451,4.215285320130605,4.115711651151142,4.182094097137451,1044200,0.0,0.0
1995-12-15,4.198688762664795,4.198688762664795,4.115710723876953,4.14890193939209,191400,0.0,0.0
1995-12-18,4.115713119506836,4.132308736924202,4.065926267254737,4.115713119506836,60600,0.0,0.0
1995-12-19,4.08252020376137,4.182093867267746,4.08252020376137,4.16549825668335,180600,0.0,0.0
1995-12-20,4.165498485640874,4.182094097137451,4.165498485640874,4.182094097137451,250400,0.0,0.0
1995-12-21,4.165499260551051,4.182094875134919,4.099116802215576,4.099116802215576,201200,0.0,0.0
1995-12-22,4.0991158313061815,4.132307052612305,4.0991158313061815,4.132307052612305,152200,0.0,0.0
1995-12-26,4.1157114419592435,4.132307052612305,4.0991158313061815,4.132307052612305,27600,0.0,0.0
1995-12-27,4.144484996795654,4.1952337926747845,4.110652466209568,4.144484996795654,139800,0.295,0.0
1995-12-28,4.161404609680176,4.161404609680176,4.127572051877898,4.161404609680176,105400,0.0,0.0
1995-12-29,4.1952337926747845,4.1952337926747845,4.07681993562348,4.144484996795654,214800,0.0,0.0
1996-01-02,4.144484996795654,4.178317527381742,4.110652466209568,4.144484996795654,172800,0.0,0.0
1996-01-03,4.14448641147851,4.14448641147851,4.076821327209473,4.076821327209473,134000,0.0,0.0
1996-01-04,4.076822037413969,4.076822037413969,3.958408119314808,3.9922406673431396,846400,0.0,0.0
1996-01-05,3.992239222567306,4.00915549045954,3.8230765436449623,3.958406686782837,588200,0.0,0.0
1996-01-08,3.9584083557128906,3.9584083557128906,3.9245758056640625,3.9245758056640625,86000,0.0,0.0
1996-01-09,3.907660003383784,3.9414925575256348,3.8569111721710074,3.9414925575256348,780800,0.0,0.0
1996-01-10,3.9414920806884766,3.9584083557128906,3.8907432556152344,3.9245758056640625,1480000,0.0,0.0
1996-01-11,3.9245776649282758,4.02607536315918,3.9245776649282758,4.02607536315918,405600,0.0,0.0
1996-01-12,4.026072982947031,4.0768218020598095,3.9753241638342542,4.059905529022217,317600,0.0,0.0
1996-01-15,4.059905063958816,4.12757014835813,4.042988792858988,4.110653877258301,182000,0.0,0.0
1996-01-16,4.093738311428135,4.110654585442301,3.9922406673431396,3.9922406673431396,216000,0.0,0.0
1996-01-17,4.00915549045954,4.00915549045954,3.9414904188906026,3.958406686782837,260800,0.0,0.0
1996-01-18,3.975326514043728,4.042991646197663,3.975326514043728,4.02607536315918,418000,0.0,0.0
1996-01-19,4.042990201760914,4.093739032745361,4.0260739247660995,4.093739032745361,297200,0.0,0.0
1996-01-22,4.076821327209473,4.093737598276732,4.042988785074954,4.076821327209473,200800,0.0,0.0
1996-01-23,4.026072982947031,4.059905529022217,4.026072982947031,4.059905529022217,650800,0.0,0.0
1996-01-24,4.0599079292361475,4.0599079292361475,4.02607536315918,4.02607536315918,168800,0.0,0.0
1996-01-25,4.042989255984624,4.093738075097402,4.026072982947031,4.059905529022217,356400,0.0,0.0
1996-01-26,4.093737598276732,4.093737598276732,4.059905056142213,4.076821327209473,560400,0.0,0.0
1996-01-29,4.076821327209473,4.093737598276732,4.059905056142213,4.076821327209473,428800,0.0,0.0
1996-01-30,4.076822280883789,4.127571105957031,4.076822280883789,4.127571105957031,217200,0.0,0.0
1996-01-31,4.127572051877898,4.178320888581315,4.127572051877898,4.161404609680176,175400,0.0,0.0
1996-02-01,4.144486419457958,4.144486419457958,4.110653877258301,4.110653877258301,72400,0.0,0.0
1996-02-02,4.093739032745361,4.161404140724623,4.076822755750546,4.093739032745361,95200,0.0,0.0
1996-02-05,4.127572051877898,4.161404609680176,4.093739494075621,4.161404609680176,144800,0.0,0.0
1996-02-06,4.161401262088698,4.161401262088698,4.093736200916524,4.144484996795654,266200,0.0,0.0
1996-02-07,4.161404130912503,4.178320407867432,4.161404130912503,4.178320407867432,136000,0.0,0.0
1996-02-08,4.178320407867432,4.195236684822361,4.161404130912503,4.178320407867432,258600,0.0,0.0
1996-02-09,4.195237159729004,4.195237159729004,4.178320880859129,4.195237159729004,63000,0.0,0.0
1996-02-12,4.195234786987305,4.2967324028015135,4.178318517684937,4.229067325592041,359400,0.0,0.0
1996-02-13,4.262902256057196,4.398232486408219,4.245985977263318,4.279818534851074,161600,0.0,0.0
1996-02-14,4.313650602518126,4.3982319868812265,4.313650602518126,4.364399433135986,226600,0.0,0.0
1996-02-15,4.364397514611483,4.381313784047961,4.296732436865568,4.330564975738525,143200,0.0,0.0
1996-02-16,4.330568306177042,4.347484588623047,4.330568306177042,4.347484588623047,76000,0.0,0.0
1996-02-20,4.313649654388428,4.330565927542892,4.296733381233963,4.313649654388428,122400,0.0,0.0
1996-02-21,4.313646780224297,4.33056304210753,4.279814256457832,4.2967305183410645,39200,0.0,0.0
1996-02-22,4.330565919914093,4.364398466163423,4.212152008041443,4.2459845542907715,201000,0.0,0.0
1996-02-23,4.262899864196777,4.262899864196777,4.229067325592041,4.229067325592041,336000,0.0,0.0
1996-02-26,4.245984046056928,4.245984046056928,4.093737606158473,4.110653877258301,210000,0.0,0.0
1996-02-27,4.127569720858619,4.262899875640869,4.127569720858619,4.262899875640869,103600,0.0,0.0
1996-02-28,4.262897994574599,4.313646780224297,4.195232947041669,4.2967305183410645,130600,0.0,0.0
1996-02-29,4.313646780224297,4.33056304210753,4.2967305183410645,4.2967305183410645,239600,0.0,0.0
1996-03-01,4.330564975738525,4.364397514611483,4.296732436865568,4.330564975738525,156800,0.0,0.0
1996-03-04,4.330564975738525,4.330564975738525,4.2798161674290895,4.330564975738525,112600,0.0,0.0
1996-03-05,4.330566877563948,4.3813157081604,4.322108739131205,4.3813157081604,46200,0.0,0.0
1996-03-06,4.38131476173836,4.4658961277950855,4.38131476173836,4.44897985458374,404800,0.0,0.0
1996-03-07,4.448981270807959,4.533562663789099,4.432064992211731,4.516646385192871,412000,0.0,0.0
1996-03-08,4.516644481402724,4.584309567266436,4.398230581141229,4.533560752868652,334200,0.0,0.0
1996-03-11,4.533560752868652,4.55047702433458,4.465895667004941,4.533560752868652,348600,0.0,0.0
1996-03-12,4.533561226120568,4.533561226120568,4.4828124064251895,4.499728679656982,221000,0.0,0.0
1996-03-13,4.482814810658229,4.4997310929626,4.432065963745117,4.432065963745117,762800,0.0,0.0
1996-03-14,4.296734813644952,4.330567371232708,4.279818534851074,4.279818534851074,468400,0.0,0.0
1996-03-15,4.279818554078379,4.279818554078379,4.127572044249504,4.195237159729004,216200,0.0,0.0
1996-03-18,4.229065470808134,4.2967305183410645,4.195232947041669,4.2967305183410645,144000,0.0,0.0
1996-03-19,4.347481245175004,4.381313784047961,4.296732436865568,4.330564975738525,70000,0.0,0.0
1996-03-20,4.330564975738525,4.39823005348444,4.330564975738525,4.330564975738525,141200,0.0,0.0
1996-03-21,4.364398956298828,4.398231506347656,4.347482681274414,4.398231506347656,145400,0.0,0.0
1996-03-22,4.415148261891368,4.415148261891368,4.364399431294916,4.3813157081604,80400,0.0,0.0
1996-03-25,4.448982246049487,4.448982246049487,4.3813171168320055,4.432065963745117,91800,0.0,0.0
1996-03-26,4.4658966064453125,4.499729156494141,4.41514778137207,4.41514778137207,292600,0.0,0.0
1996-03-27,4.4447789697086115,4.479234620636585,4.39309549331665,4.39309549331665,206800,0.295,0.0
1996-03-28,4.39309549331665,4.410323318780637,4.358639842388677,4.39309549331665,133800,0.0,0.0
1996-03-29,4.393094930648804,4.393094930648804,4.27250016784668,4.306955814361572,338800,0.0,0.0
1996-04-01,4.341411590576172,4.341411590576172,4.324183766804044,4.341411590576172,122600,0.0,0.0
1996-04-02,4.324183766804044,4.341411590576172,4.306955943031917,4.341411590576172,93200,0.0,0.0
1996-04-03,4.341413316990547,4.358641147613525,4.341413316990547,4.358641147613525,66400,0.0,0.0
1996-04-04,4.3586394143483,4.3586394143483,4.341411590576172,4.341411590576172,98800,0.0,0.0
1996-04-08,4.341411460876465,4.341411460876465,4.27250016784668,4.306955814361572,292800,0.0,0.0
1996-04-09,4.306955943031917,4.3586394143483,4.306955943031917,4.341411590576172,124600,0.0,0.0
1996-04-10,4.375867238120428,4.375867238120428,4.306955943031917,4.341411590576172,145400,0.0,0.0
1996-04-11,4.375868978236504,4.375868978236504,4.324185486367569,4.358641147613525,93600,0.0,0.0
1996-04-12,4.393096386000168,4.444779872894287,4.393096386000168,4.444779872894287,295000,0.0,0.0
1996-04-15,4.479235829533757,4.496463659647349,4.427552339192983,4.462007999420166,71800,0.0,0.0
1996-04-16,4.427551633958128,4.530918598175049,4.427551633958128,4.530918598175049,89000,0.0,0.0
1996-04-17,4.51369148976094,4.565374980101714,4.410324509079392,4.462007999420166,197600,0.0,0.0
1996-04-18,4.462007168152323,4.513690648864512,4.462007168152323,4.496462821960449,44000,0.0,0.0
1996-04-19,4.513692855834961,4.530920691162575,4.496465020507347,4.513692855834961,62400,0.0,0.0
1996-04-22,4.530917471105402,4.582600940357555,4.513689648021351,4.548145294189453,84000,0.0,0.0
1996-04-23,4.548146482614371,4.548146482614371,4.444779517100407,4.4792351722717285,66400,0.0,0.0
1996-04-24,4.479235829533757,4.496463659647349,4.444780169306575,4.462007999420166,18600,0.0,0.0
1996-04-25,4.462007344686068,4.4792351722717285,4.444779517100407,4.4792351722717285,68400,0.0,0.0
1996-04-26,4.479235829533757,4.479235829533757,4.427552339192983,4.462007999420166,65800,0.0,0.0
1996-04-29,4.462007344686068,4.496462999857389,4.444779517100407,4.4792351722717285,120400,0.0,0.0
1996-04-30,4.4792355308237,4.4792355308237,4.410324214964874,4.444779872894287,132200,0.0,0.0
1996-05-01,4.444779517100407,4.4792351722717285,4.427551689514747,4.4792351722717285,164600,0.0,0.0
1996-05-02,4.444780169306575,4.462007999420166,4.427552339192983,4.462007999420166,44400,0.0,0.0
1996-05-03,4.479235829533757,4.496463659647349,4.444780169306575,4.462007999420166,62000,0.0,0.0
1996-05-06,4.444779872894287,4.462007701858994,4.410324214964874,4.444779872894287,146400,0.0,0.0
1996-05-07,4.444777695212777,4.444777695212777,4.272499489971971,4.375866413116455,825400,0.0,0.0
1996-05-08,4.375866074115038,4.427549531683326,4.375866074115038,4.4103217124938965,90200,0.0,0.0
1996-05-09,4.427551689514747,4.4792351722717285,4.427551689514747,4.4792351722717285,81200,0.0,0.0
1996-05-10,4.513692855834961,4.513692855834961,4.462009349852118,4.513692855834961,87600,0.0,0.0
1996-05-13,4.530920691162575,4.565376361817804,4.479237185179732,4.513692855834961,129800,0.0,0.0
1996-05-14,4.5309164468199015,4.5309164468199015,4.4103217124938965,4.4103217124938965,256200,0.0,0.0
1996-05-15,4.427549531683326,4.462005170062184,4.393093893304467,4.4103217124938965,115800,0.0,0.0
1996-05-16,4.41032275390625,4.41032275390625,4.306955814361572,4.306955814361572,279400,0.0,0.0
1996-05-17,4.341411590576172,4.341411590576172,4.306955943031917,4.341411590576172,127800,0.0,0.0
1996-05-20,4.341412244090046,4.341412244090046,4.306956591359173,4.324184417724609,61800,0.0,0.0
1996-05-21,4.34141163653638,4.34141163653638,4.289728164672852,4.289728164672852,305200,0.0,0.0
1996-05-22,4.289728119259789,4.3586394143483,4.272500295487661,4.341411590576172,139000,0.0,0.0
1996-05-23,4.3586394143483,4.3586394143483,4.306955943031917,4.341411590576172,153600,0.0,0.0
1996-05-24,4.341411460876465,4.341411460876465,4.27250016784668,4.306955814361572,109800,0.0,0.0
1996-05-28,4.289728164672852,4.306955988627361,4.272500340718342,4.289728164672852,133800,0.0,0.0
1996-05-29,4.289731212200657,4.289731212200657,4.255275539813503,4.27250337600708,144800,0.0,0.0
1996-05-30,4.255272516763832,4.289728164672852,4.255272516763832,4.289728164672852,127800,0.0,0.0
1996-05-31,4.289731212200657,4.289731212200657,4.27250337600708,4.27250337600708,142200,0.0,0.0
1996-06-03,4.27250337600708,4.27250337600708,4.255275539813503,4.27250337600708,32200,0.0,0.0
1996-06-04,4.27250337600708,4.27250337600708,4.255275539813503,4.27250337600708,55600,0.0,0.0
1996-06-05,4.272500715068743,4.39309549331665,4.255272889604756,4.39309549331665,291000,0.0,0.0
1996-06-06,4.375867667852663,4.410323318780637,4.306956365996716,4.39309549331665,376800,0.0,0.0
1996-06-07,4.393094233640535,4.393094233640535,4.358638592592374,4.375866413116455,58200,0.0,0.0
1996-06-10,4.358638254925609,4.4103217124938965,4.358638254925609,4.4103217124938965,176800,0.0,0.0
1996-06-11,4.410324214964874,4.462007701858994,4.393096386000168,4.444779872894287,138200,0.0,0.0
1996-06-12,4.444777350872755,4.444777350872755,4.4103217124938965,4.4103217124938965,267000,0.0,0.0
1996-06-13,4.427553176879883,4.427553176879883,4.410325343506809,4.427553176879883,40800,0.0,0.0
1996-06-14,4.444781514524503,4.565376361817804,4.444781514524503,4.513692855834961,680600,0.0,0.0
1996-06-17,4.582602080283509,4.582602080283509,4.530918598175049,4.530918598175049,144800,0.0,0.0
1996-06-18,4.530918598175049,4.548146425544536,4.479235116066588,4.530918598175049,191000,0.0,0.0
1996-06-19,4.513689648021351,4.548145294189453,4.513689648021351,4.548145294189453,130400,0.0,0.0
1996-06-20,4.582602080283509,4.582602080283509,4.513690770805562,4.530918598175049,31200,0.0,0.0
1996-06-21,4.565376361817804,4.582604197145418,4.496465020507347,4.513692855834961,129000,0.0,0.0
1996-06-24,4.5309187187338775,4.565374374389648,4.513690890905992,4.565374374389648,83400,0.0,0.0
1996-06-25,4.565375440576103,4.5998311042785645,4.513691945022412,4.5998311042785645,933400,0.0,0.0
1996-06-26,4.647531771298611,4.700145338520859,4.612456059817112,4.629993915557861,128600,0.295,0.0
1996-06-27,4.594920635223389,4.647534230283198,4.559844905183516,4.594920635223389,112200,0.0,0.0
1996-06-28,4.629996093053781,4.647533957042621,4.612458229064941,4.612458229064941,146600,0.0,0.0
1996-07-01,4.6124572196096745,4.647532939910889,4.6124572196096745,4.647532939910889,127000,0.0,0.0
1996-07-02,4.647533831078461,4.700147421618973,4.647533831078461,4.682609558105469,199800,0.0,0.0
1996-07-03,4.700147421618973,4.7352231486459795,4.6650716945919655,4.682609558105469,44000,0.0,0.0
1996-07-05,4.682609558105469,4.682609558105469,4.682609558105469,4.682609558105469,35800,0.0,0.0
1996-07-08,4.682608392901886,4.682608392901886,4.665070533752441,4.665070533752441,251800,0.0,0.0
1996-07-09,4.665070533752441,4.682608392901886,4.647532674602996,4.665070533752441,44800,0.0,0.0
1996-07-10,4.682609558105469,4.682609558105469,4.6650716945919655,4.682609558105469,54400,0.0,0.0
1996-07-11,4.647533831078461,4.682609558105469,4.629995967564958,4.682609558105469,160200,0.0,0.0
1996-07-12,4.682607555741313,4.752758979797363,4.682607555741313,4.752758979797363,133800,0.0,0.0
1996-07-15,4.735219955444336,4.787833510504829,4.717682103757505,4.735219955444336,389000,0.0,0.0
1996-07-16,4.717682103757505,4.752757807131166,4.682606400383843,4.735219955444336,465200,0.0,0.0
1996-07-17,4.735219955444336,4.770295658817997,4.717682103757505,4.735219955444336,268000,0.0,0.0
1996-07-18,4.752758979797363,4.770296835811376,4.700145411755326,4.752758979797363,127800,0.0,0.0
1996-07-19,4.752760143841014,4.770298004150391,4.7352222835316375,4.770298004150391,31400,0.0,0.0
1996-07-22,4.770296835811376,4.770296835811376,4.735221123783351,4.752758979797363,62200,0.0,0.0
1996-07-23,4.752757807131166,4.752757807131166,4.717682103757505,4.735219955444336,41600,0.0,0.0
1996-07-24,4.700144252070674,4.735219955444336,4.665068548697012,4.735219955444336,117400,0.0,0.0
1996-07-25,4.735221123783351,4.752758979797363,4.717683267769338,4.752758979797363,75000,0.0,0.0
1996-07-26,4.770295658817997,4.787833510504829,4.717682103757505,4.735219955444336,45000,0.0,0.0
1996-07-29,4.7352222835316375,4.805373724769144,4.717684423222261,4.770298004150391,87800,0.0,0.0
1996-07-30,4.770298330314097,4.770298330314097,4.717684745788574,4.717684745788574,65600,0.0,0.0
1996-07-31,4.717682103757505,4.735219955444336,4.717682103757505,4.735219955444336,71600,0.0,0.0
1996-08-01,4.752761299356873,4.822912757649963,4.752761299356873,4.787837028503418,39600,0.0,0.0
1996-08-02,4.840450368317845,4.945677550237798,4.805374641011194,4.928139686584473,127800,0.0,0.0
1996-08-05,4.963215413891124,4.963215413891124,4.875526095624497,4.928139686584473,63400,0.0,0.0
1996-08-06,4.910599708557129,4.910599708557129,4.893061852455139,4.910599708557129,53600,0.0,0.0
1996-08-07,4.910601407396324,4.963214993904141,4.875525683057778,4.893063545227051,419000,0.0,0.0
1996-08-08,4.875525264533418,4.875525264533418,4.805373821878261,4.857987403869629,167800,0.0,0.0
1996-08-09,4.875523393804376,4.875523393804376,4.805371978066184,4.822909832000732,83600,0.0,0.0
1996-08-12,4.840449543205839,4.910600985860997,4.805373821878261,4.857987403869629,159600,0.0,0.0
1996-08-13,4.857987138007184,4.910600717119175,4.805373558895193,4.875524997711182,95400,0.0,0.0
1996-08-14,4.893061852455139,4.910599708557129,4.87552399635315,4.910599708557129,92800,0.0,0.0
1996-08-15,4.910600985860997,4.910600985860997,4.840449543205839,4.857987403869629,92800,0.0,0.0
1996-08-16,4.857986235964126,4.857986235964126,4.805372666621554,4.840448379516602,114400,0.0,0.0
1996-08-19,4.857987138007184,4.875524997711182,4.82291141859919,4.875524997711182,57000,0.0,0.0
1996-08-20,4.87552399635315,4.910599708557129,4.87552399635315,4.910599708557129,72600,0.0,0.0
1996-08-21,4.893061852455139,4.910599708557129,4.893061852455139,4.910599708557129,56000,0.0,0.0
1996-08-22,4.910599708557129,4.910599708557129,4.8579861402511595,4.910599708557129,106000,0.0,0.0
1996-08-23,4.910599708557129,4.910599708557129,4.87552399635315,4.910599708557129,72800,0.0,0.0
1996-08-26,4.910601407396324,4.910601407396324,4.857987820888505,4.893063545227051,68400,0.0,0.0
1996-08-27,4.910599708557129,4.910599708557129,4.893061852455139,4.910599708557129,79800,0.0,0.0
1996-08-28,4.910599708557129,4.910599708557129,4.893061852455139,4.910599708557129,83800,0.0,0.0
1996-08-29,4.910601822931147,4.98075327754445,4.893063959277821,4.928139686584473,307800,0.0,0.0
1996-08-30,4.963215351104736,4.998291077967667,4.9456774876732705,4.963215351104736,172000,0.0,0.0
1996-09-03,4.945676690214997,5.0333659932329935,4.910600969007799,5.0158281326293945,108200,0.0,0.0
1996-09-04,4.998290061950684,5.0684415014166575,4.998290061950684,4.998290061950684,96400,0.0,0.0
1996-09-05,5.0333657816836705,5.0333657816836705,4.945676482351202,4.998290061950684,197600,0.0,0.0
1996-09-06,5.015828941399133,5.0509046682620635,4.9456774876732705,4.963215351104736,201000,0.0,0.0
1996-09-09,4.96321460730593,4.998290328912332,4.96321460730593,4.980752468109131,301000,0.0,0.0
1996-09-10,4.98075220208419,4.998290061950684,4.963214342217696,4.998290061950684,180600,0.0,0.0
1996-09-11,5.015828189715533,5.015828189715533,4.96321460730593,4.980752468109131,107000,0.0,0.0
1996-09-12,4.98075220208419,4.998290061950684,4.98075220208419,4.998290061950684,99600,0.0,0.0
1996-09-13,4.998290061950684,4.998290061950684,4.98075220208419,4.998290061950684,80800,0.0,0.0
1996-09-16,4.998291077967667,4.998291077967667,4.9456774876732705,4.963215351104736,114600,0.0,0.0
1996-09-17,4.963215351104736,4.980753214536201,4.963215351104736,4.963215351104736,97600,0.0,0.0
1996-09-18,4.963214664594501,4.963214664594501,4.945676803588867,4.945676803588867,250000,0.0,0.0
1996-09-19,4.963214664594501,4.963214664594501,4.9281389425832325,4.945676803588867,215200,0.0,0.0
1996-09-20,4.9456774876732705,4.963215351104736,4.9456774876732705,4.963215351104736,218600,0.0,0.0
1996-09-23,4.963215351104736,4.980753214536201,4.963215351104736,4.963215351104736,92000,0.0,0.0
1996-09-24,4.98075220208419,4.998290061950684,4.945676482351202,4.998290061950684,903400,0.0,0.0
1996-09-25,5.028963594470344,5.046796798706055,5.0111303902346345,5.046796798706055,553800,0.295,0.0
1996-09-26,5.028963622912555,5.064630031585693,5.028963622912555,5.064630031585693,89000,0.0,0.0
1996-09-27,5.0646310103567025,5.082464218139648,5.0646310103567025,5.082464218139648,112000,0.0,0.0
1996-09-30,5.082464218139648,5.11813063370554,5.0646310103567025,5.082464218139648,299200,0.0,0.0
1996-10-01,5.11812789217411,5.153794288635254,5.100294693943539,5.153794288635254,127600,0.0,0.0
1996-10-02,5.153793738694141,5.171626935021803,5.100294149711157,5.118127346038818,1054000,0.0,0.0
1996-10-03,5.118129814082178,5.171629428863525,5.082463404227948,5.171629428863525,79000,0.0,0.0
1996-10-04,5.18946031348346,5.207293510437012,5.171627116529908,5.207293510437012,100200,0.0,0.0
1996-10-07,5.20729388332697,5.20729388332697,5.135961090404682,5.153794288635254,89600,0.0,0.0
1996-10-08,5.189460685096398,5.189460685096398,5.135961090404682,5.153794288635254,104600,0.0,0.0
1996-10-09,5.153797198816673,5.2072968237178845,5.153797198816673,5.1894636154174805,110000,0.0,0.0
1996-10-10,5.1716304071170764,5.1894636154174805,5.153797198816673,5.1894636154174805,155000,0.0,0.0
1996-10-11,5.20729267314329,5.260792255401611,5.20729267314329,5.260792255401611,366200,0.0,0.0
1996-10-14,5.278625449487718,5.296458643573826,5.260792255401611,5.260792255401611,310600,0.0,0.0
1996-10-15,5.278628826141357,5.296462031635078,5.260795620647636,5.278628826141357,87400,0.0,0.0
1996-10-16,5.296463036697183,5.33212945445272,5.278629827819415,5.314296245574951,193400,0.0,0.0
1996-10-17,5.296463534186118,5.332129955291748,5.296463534186118,5.332129955291748,89200,0.0,0.0
1996-10-18,5.332129955291748,5.349963165844563,5.296463534186118,5.332129955291748,55800,0.0,0.0
1996-10-21,5.332127510096488,5.332127510096488,5.278627902971775,5.29646110534668,163600,0.0,0.0
1996-10-22,5.278630323633302,5.332129955291748,5.2607971130804865,5.332129955291748,97200,0.0,0.0
1996-10-23,5.314296744738932,5.349963165844563,5.314296744738932,5.332129955291748,53800,0.0,0.0
1996-10-24,5.332129955291748,5.367796376397378,5.314296744738932,5.332129955291748,259800,0.0,0.0
1996-10-25,5.314296744738932,5.332129955291748,5.314296744738932,5.332129955291748,46400,0.0,0.0
1996-10-28,5.332127510096488,5.349960712471393,5.29646110534668,5.29646110534668,311000,0.0,0.0
1996-10-29,5.314295237128799,5.314295237128799,5.260795620647636,5.278628826141357,181800,0.0,0.0
1996-10-30,5.260795620647636,5.314295237128799,5.260795620647636,5.278628826141357,133800,0.0,0.0
1996-10-31,5.278630211239769,5.314296631585984,5.225130580720448,5.242963790893555,286800,0.0,0.0
1996-11-01,5.2607971130804865,5.332129955291748,5.242963902527672,5.332129955291748,251200,0.0,0.0
1996-11-04,5.33212945445272,5.33212945445272,5.260796618941646,5.314296245574951,155200,0.0,0.0
1996-11-05,5.332128631793234,5.439127868551626,5.314295425666835,5.403461456298828,104000,0.0,0.0
1996-11-06,5.421292040424962,5.581790817937543,5.421292040424962,5.52829122543335,269400,0.0,0.0
1996-11-07,5.4926252365112305,5.528291634150914,5.474792037691389,5.4926252365112305,99800,0.0,0.0
1996-11-08,5.492626342529687,5.670958366637794,5.474793140118876,5.58179235458374,1007200,0.0,0.0
1996-11-11,5.617457354903981,5.6709569487602085,5.581790958999828,5.599624156951904,121800,0.0,0.0
1996-11-12,5.617460799667071,5.688793635218398,5.617460799667071,5.670960426330566,123200,0.0,0.0
1996-11-13,5.635291198204303,5.688790798187256,5.617457998209986,5.688790798187256,178200,0.0,0.0
1996-11-14,5.688790798187256,5.688790798187256,5.670957598192938,5.688790798187256,77600,0.0,0.0
1996-11-15,5.670960947871208,5.724460579454899,5.653127737343311,5.706627368927002,341800,0.0,0.0
1996-11-18,5.706623998181573,5.777956798158843,5.653124398198621,5.688790798187256,211800,0.0,0.0
1996-11-19,5.706623998181573,5.724457198175891,5.670957598192938,5.688790798187256,162200,0.0,0.0
1996-11-20,5.688793105415151,5.7066263126421575,5.635293483734131,5.635293483734131,70200,0.0,0.0
1996-11-21,5.5996270692801176,5.688793105415151,5.5996270692801176,5.635293483734131,58400,0.0,0.0
1996-11-22,5.5996270692801176,5.670959898188144,5.581793862053111,5.635293483734131,108600,0.0,0.0
1996-11-25,5.617457998209986,5.706623998181573,5.617457998209986,5.688790798187256,102400,0.0,0.0
1996-11-26,5.670960947871208,5.742293789982796,5.670960947871208,5.706627368927002,635000,0.0,0.0
1996-11-27,5.724456888658029,5.813622883808465,5.724456888658029,5.777956485748291,433800,0.0,0.0
1996-11-29,5.76012414415306,5.76012414415306,5.688791337414322,5.724457740783691,23800,0.0,0.0
1996-12-02,5.706624318038801,5.867123126983643,5.706624318038801,5.867123126983643,154400,0.0,0.0
1996-12-03,5.884957952158792,6.027623599483853,5.867124746243159,5.991957187652588,539800,0.0,0.0
1996-12-04,5.9741224294685455,5.991955630750541,5.920622825622559,5.920622825622559,245200,0.0,0.0
1996-12-05,5.92062132286303,5.938454519618642,5.849288535840584,5.884954929351807,78400,0.0,0.0
1996-12-06,5.849291879244801,5.938457913989387,5.849291879244801,5.902791500091553,1081000,0.0,0.0
1996-12-09,5.902790906817414,6.134622573852539,5.902790906817414,6.134622573852539,341600,0.0,0.0
1996-12-10,6.098956135897177,6.1167893409729,6.063289725745732,6.1167893409729,950200,0.0,0.0
1996-12-11,6.081122930821455,6.152455751124346,5.991956905442841,6.1167893409729,814400,0.0,0.0
1996-12-12,6.1346225460486234,6.1346225460486234,6.098956135897177,6.1167893409729,984000,0.0,0.0
1996-12-13,6.116792162842065,6.116792162842065,6.081125736236572,6.081125736236572,921200,0.0,0.0
1996-12-16,6.098954448415273,6.098954448415273,5.902789246858056,5.974122047424316,283200,0.0,0.0
1996-12-17,5.956288847282751,5.974122047424316,5.884956046716491,5.974122047424316,282000,0.0,0.0
1996-12-18,5.9384572902156725,6.1167893409729,5.9384572902156725,6.1167893409729,141600,0.0,0.0
1996-12-19,6.170287609100342,6.205954011465084,6.1346212067356,6.170287609100342,419200,0.0,0.0
1996-12-20,6.027626096328333,6.116792162842065,5.956293243117346,6.081125736236572,383800,0.0,0.0
1996-12-23,6.045459309631079,6.081125736236572,6.009792883025586,6.081125736236572,268800,0.0,0.0
1996-12-24,6.044924798096425,6.117319107055664,6.044924798096425,6.117319107055664,104200,0.3125,0.0
1996-12-26,6.117318819529975,6.117318819529975,6.008727361195123,6.063023090362549,150800,0.0,0.0
1996-12-27,6.008728332972314,6.1354183881855855,5.990629753656132,6.099221229553223,726800,0.0,0.0
1996-12-30,6.117320421265393,6.117320421265393,5.936334609985352,5.936334609985352,1046400,0.0,0.0
1996-12-31,5.936331315474076,6.008725599809126,5.936331315474076,5.972528457641602,263600,0.0,0.0
1997-01-02,5.936333852914664,5.936333852914664,5.7553480647160455,5.882038116455078,307200,0.0,0.0
1997-01-03,5.88203886660134,5.954433191113356,5.88203886660134,5.936334609985352,314400,0.0,0.0
1997-01-06,5.936333055638555,6.063023090362549,5.936333055638555,6.063023090362549,278000,0.0,0.0
1997-01-07,6.063024070920859,6.099221229553223,6.026826912288496,6.099221229553223,184600,0.0,0.0
1997-01-08,6.081122454474954,6.171615348142736,6.0449252970078415,6.15351676940918,182400,0.0,0.0
1997-01-09,6.1173182258829035,6.207811099046852,6.0811210766173245,6.1897125244140625,160200,0.0,0.0
1997-01-10,6.1173222253749096,6.207815157702941,6.1173222253749096,6.1716179847717285,201800,0.0,0.0
1997-01-13,6.207812786102295,6.225911365653614,6.171615626999658,6.207812786102295,228000,0.0,0.0
1997-01-14,6.189714206550977,6.244009945204932,6.189714206550977,6.207812786102295,334600,0.0,0.0
1997-01-15,6.225910219842987,6.2621073722839355,6.225910219842987,6.2621073722839355,228000,0.0,0.0
1997-01-16,6.262107151042487,6.298304302204583,6.24400857546144,6.280205726623535,218600,0.0,0.0
1997-01-17,6.207812250187967,6.225910828176853,6.026826470299104,6.135417938232422,1381400,0.0,0.0
1997-01-20,6.117318819529975,6.117318819529975,6.026825937584265,6.063023090362549,898000,0.0,0.0
1997-01-21,6.0630247706458675,6.081123352050781,6.044926189240955,6.081123352050781,965600,0.0,0.0
1997-01-22,6.063023090362549,6.081121666751691,6.044924513973407,6.063023090362549,609400,0.0,0.0
1997-01-23,6.081122849515812,6.081122849515812,6.026827109787993,6.044925689697266,654800,0.0,0.0
1997-01-24,6.0449227419766505,6.0449227419766505,5.954429886557839,5.972528457641602,566000,0.0,0.0
1997-01-27,5.9725315693281935,5.990630149841309,5.9725315693281935,5.990630149841309,585200,0.0,0.0
1997-01-28,5.972530396587877,6.026826127465949,5.972530396587877,6.008727550506592,347200,0.0,0.0
1997-01-29,6.008729705581436,6.026828289031982,6.008729705581436,6.026828289031982,190200,0.0,0.0
1997-01-30,6.026825937584265,6.063023090362549,6.008727361195123,6.063023090362549,304200,0.0,0.0
1997-01-31,6.063024394733961,6.225911617279053,6.026827234168385,6.225911617279053,332400,0.0,0.0
1997-02-03,6.225911365653614,6.225911365653614,6.153517047448339,6.207812786102295,596600,0.0,0.0
1997-02-04,6.207815157702941,6.207815157702941,6.1535193983061225,6.1716179847717285,251800,0.0,0.0
1997-02-05,6.1535193983061225,6.1716179847717285,6.1535193983061225,6.1716179847717285,194000,0.0,0.0
1997-02-06,6.1716179847717285,6.1716179847717285,6.1535193983061225,6.1716179847717285,150200,0.0,0.0
1997-02-07,6.171613949781273,6.1897125244140625,6.171613949781273,6.1897125244140625,395200,0.0,0.0
1997-02-10,6.1897125244140625,6.207811099046852,6.1535153751484835,6.1897125244140625,96000,0.0,0.0
1997-02-11,6.189713416014903,6.189713416014903,6.117319107055664,6.117319107055664,87200,0.0,0.0
1997-02-12,6.171615626999658,6.207812786102295,6.153517047448339,6.207812786102295,333800,0.0,0.0
1997-02-13,6.406897094812286,6.461192832903916,6.3526013567206565,6.443094253540039,668200,0.0,0.0
1997-02-14,6.479291412267792,6.479291412267792,6.443094253540039,6.443094253540039,227000,0.0,0.0
1997-02-18,6.479290517171225,6.533586247762044,6.479290517171225,6.5154876708984375,225000,0.0,0.0
1997-02-19,6.515488676972441,6.624080154921982,6.4973900973141845,6.587882995605469,447000,0.0,0.0
1997-02-20,6.569784641265869,6.569784641265869,6.53358748070793,6.569784641265869,272800,0.0,0.0
1997-02-21,6.587882969260875,6.587882969260875,6.53358723050323,6.551685810089111,197600,0.0,0.0
1997-02-24,6.5516860609869,6.587883221544838,6.515488900428961,6.569784641265869,174000,0.0,0.0
1997-02-25,6.587882995605469,6.605981575263725,6.569784415947212,6.587882995605469,366600,0.0,0.0
1997-02-26,6.605981826782227,6.624080407129575,6.5878832464348775,6.605981826782227,277000,0.0,0.0
1997-02-27,6.605981575263725,6.605981575263725,6.569784415947212,6.587882995605469,55800,0.0,0.0
1997-02-28,6.569784389674993,6.587882969260875,6.551685810089111,6.551685810089111,90400,0.0,0.0
1997-03-03,6.5516858362889545,6.587882995605469,6.533587256630698,6.587882995605469,217400,0.0,0.0
1997-03-04,6.5878832464348775,6.605981826782227,6.569784666087529,6.605981826782227,190200,0.0,0.0
1997-03-05,6.569784218998631,6.642178535461426,6.569784218998631,6.642178535461426,233000,0.0,0.0
1997-03-06,6.642174294324425,6.678371429443359,6.642174294324425,6.678371429443359,117600,0.0,0.0
1997-03-07,6.660277082033806,6.949854346470059,6.660277082033806,6.913657188415527,257400,0.0,0.0
1997-03-10,6.9136567413806915,6.949853897094727,6.8412624299526215,6.949853897094727,143000,0.0,0.0
1997-03-11,6.967952756610644,7.004149913787842,6.949854178022044,7.004149913787842,132200,0.0,0.0
1997-03-12,6.986050163347697,7.058444465558554,6.986050163347697,7.022247314453125,294000,0.0,0.0
1997-03-13,7.004149630665779,7.076543942093849,6.949853897094727,6.949853897094727,225800,0.0,0.0
1997-03-14,6.9679521888572715,6.9679521888572715,6.895557880401611,6.895557880401611,125800,0.0,0.0
1997-03-17,6.859360726173781,6.895557880401611,6.841262149059866,6.895557880401611,90000,0.0,0.0
1997-03-18,6.8955602457152185,6.913658829037306,6.859363079071045,6.859363079071045,101600,0.0,0.0
1997-03-19,6.877452850341797,6.877452850341797,6.823157169944361,6.877452850341797,308400,0.0,0.0
1997-03-20,6.877460030360996,6.913657188415527,6.85936145133373,6.913657188415527,212600,0.0,0.0
1997-03-21,6.913658829037306,6.931757412359393,6.841264495748957,6.859363079071045,143200,0.0,0.0
1997-03-24,6.913654904683431,6.913654904683431,6.768866320292155,6.7869648933410645,1002600,0.0,0.0
1997-03-25,6.750280562148757,6.750280562148757,6.676907947342792,6.731937408447266,184200,0.3125,0.0
1997-03-26,6.713594803443322,6.731937958643987,6.676908493041992,6.676908493041992,282000,0.0,0.0
1997-03-27,6.676906643812016,6.676906643812016,6.603534043330565,6.621877193450928,427000,0.0,0.0
1997-03-31,6.640222313367197,6.658565468928985,6.456790757749318,6.520991802215576,345200,0.0,0.0
1997-04-01,6.511817932128906,6.530161081233494,6.475131633919729,6.511817932128906,209600,0.0,0.0
1997-04-02,6.493475849888906,6.5485053062438965,6.493475849888906,6.5485053062438965,214600,0.0,0.0
1997-04-03,6.511819002007236,6.585191610480557,6.511819002007236,6.5485053062438965,94400,0.0,0.0
1997-04-04,6.5485053062438965,6.566848458362227,6.511819002007236,6.5485053062438965,103400,0.0,0.0
1997-04-07,6.566849561838004,6.676908493041992,6.566849561838004,6.676908493041992,307400,0.0,0.0
1997-04-08,6.695251101044283,6.750280562148757,6.676907947342792,6.731937408447266,684200,0.0,0.0
1997-04-09,6.731938253690118,6.731938253690118,6.658565629671697,6.695251941680908,102800,0.0,0.0
1997-04-10,6.676906643812016,6.676906643812016,6.603534043330565,6.621877193450928,51600,0.0,0.0
1997-04-11,6.585190473322096,6.6218767712236115,6.566847324371338,6.566847324371338,65800,0.0,0.0
1997-04-14,6.603533677651848,6.603533677651848,6.511817932128906,6.511817932128906,55400,0.0,0.0
1997-04-15,6.530162811279297,6.548505965243565,6.475133349386494,6.530162811279297,69800,0.0,0.0
1997-04-16,6.530163251436674,6.530163251436674,6.420104320232685,6.43844747543335,171400,0.0,0.0
1997-04-17,6.401759685119453,6.42010283607968,6.328387081278542,6.3467302322387695,88600,0.0,0.0
1997-04-18,6.346732324793718,6.346732324793718,6.273359696761421,6.3283891677856445,74000,0.0,0.0
1997-04-21,6.346730053596606,6.365073204040527,6.328386903152686,6.365073204040527,239000,0.0,0.0
1997-04-22,6.365074706632038,6.365074706632038,6.273358932761259,6.31004524230957,83000,0.0,0.0
1997-04-23,6.291702608267466,6.291702608267466,6.108271045344217,6.163300514221191,322400,0.0,0.0
1997-04-24,6.1082700332709114,6.236672106042373,6.053240573511714,6.218328952789307,205400,0.0,0.0
1997-04-25,6.199985799536241,6.255015259295439,6.199985799536241,6.218328952789307,231000,0.0,0.0
1997-04-28,6.2550142410902945,6.291700541624548,6.2183279405560405,6.273357391357422,338200,0.0,0.0
1997-04-29,6.328386903152686,6.383416354484448,6.328386903152686,6.365073204040527,131800,0.0,0.0
1997-04-30,6.365071727207729,6.456787458147321,6.365071727207729,6.420101165771484,354600,0.0,0.0
1997-05-01,6.420106312324261,6.4384494732166155,6.383419990539551,6.383419990539551,192400,0.0,0.0
1997-05-02,6.401763151431906,6.401763151431906,6.383419990539551,6.383419990539551,410600,0.0,0.0
1997-05-05,6.4017611650320205,6.43844747543335,6.383418009831356,6.43844747543335,332400,0.0,0.0
1997-05-06,6.438445987039908,6.4751322889603635,6.328387081278542,6.3467302322387695,368400,0.0,0.0
1997-05-07,6.346731551857882,6.346731551857882,6.291702087535415,6.31004524230957,158600,0.0,0.0
1997-05-08,6.2917022705078125,6.3100454258154155,6.2733591152002095,6.2917022705078125,70400,0.0,0.0
1997-05-09,6.328388397083726,6.328388397083726,6.273358932761259,6.31004524230957,91600,0.0,0.0
1997-05-12,6.310043930318314,6.365073383198998,6.310043930318314,6.3467302322387695,131200,0.0,0.0
1997-05-13,6.365074706632038,6.383417861406193,6.31004524230957,6.31004524230957,319400,0.0,0.0
1997-05-14,6.365076829647196,6.401763151431906,6.346733668754841,6.383419990539551,273000,0.0,0.0
1997-05-15,6.38341700020483,6.493475914001465,6.38341700020483,6.493475914001465,343400,0.0,0.0
1997-05-16,6.47513374976793,6.585192680358887,6.47513374976793,6.585192680358887,163800,0.0,0.0
1997-05-19,6.603535872239333,6.731937958643987,6.585192717038669,6.676908493041992,159800,0.0,0.0
1997-05-20,6.6769083823946955,6.695251537291385,6.585192607911252,6.640222072601318,76600,0.0,0.0
1997-05-21,6.676907179785556,6.731936634564009,6.640220876599921,6.713593482971191,364400,0.0,0.0
1997-05-22,6.695250331378373,6.750279786156826,6.676907179785556,6.713593482971191,119800,0.0,0.0
1997-05-23,6.713594254745774,6.750280562148757,6.713594254745774,6.731937408447266,68000,0.0,0.0
1997-05-27,6.750279903411865,6.76862305532331,6.713593599588974,6.750279903411865,210600,0.0,0.0
1997-05-28,6.731933252598212,6.768619537353516,6.713590110220561,6.768619537353516,411400,0.0,0.0
1997-05-29,6.750276394975864,6.768619537353516,6.731933252598212,6.768619537353516,255800,0.0,0.0
1997-05-30,6.786966777983166,6.933712005615234,6.768623624529158,6.933712005615234,211200,0.0,0.0
1997-06-02,6.933712144051828,6.933712144051828,6.768623759669642,6.823653221130371,221400,0.0,0.0
1997-06-03,6.823653221130371,6.823653221130371,6.786966913489885,6.823653221130371,92000,0.0,0.0
1997-06-04,6.805305822108819,6.823648964486471,6.750276394975864,6.768619537353516,115400,0.0,0.0
1997-06-05,6.768624565699329,6.768624565699329,6.695251941680908,6.695251941680908,349400,0.0,0.0
1997-06-06,6.731935517628988,6.915367003122966,6.676906071980794,6.87868070602417,424600,0.0,0.0
1997-06-09,6.8970257917606865,6.8970257917606865,6.731937408447266,6.731937408447266,222600,0.0,0.0
1997-06-10,6.676907947342792,6.731937408447266,6.64022163993981,6.731937408447266,1898400,0.0,0.0
1997-06-11,6.713593482971191,6.731936634564009,6.713593482971191,6.713593482971191,513400,0.0,0.0
1997-06-12,6.713594254745774,6.750280562148757,6.713594254745774,6.731937408447266,355200,0.0,0.0
1997-06-13,6.731936867172654,6.823652628305797,6.731936867172654,6.786966323852539,622400,0.0,0.0
1997-06-16,6.786964963277181,6.87868070602417,6.786964963277181,6.87868070602417,358200,0.0,0.0
1997-06-17,6.841994408925374,6.915367003122966,6.823651260375977,6.87868070602417,298400,0.0,0.0
1997-06-18,6.8603375574747725,6.897023854573568,6.805308111826579,6.87868070602417,222200,0.0,0.0
1997-06-19,6.8603375574747725,6.897023854573568,6.841994408925374,6.87868070602417,193400,0.0,0.0
1997-06-20,6.878683458384496,6.915369770162547,6.805310834828395,6.841997146606445,662400,0.0,0.0
1997-06-23,6.878684809867372,6.915371128853332,6.860341650374393,6.897027969360352,282800,0.0,0.0
1997-06-24,6.878681450962541,6.878681450962541,6.8236519993548415,6.851166725158691,206200,0.0,0.0
1997-06-25,6.841873479083302,6.8790575740783195,6.804689384088284,6.8604655265808105,419000,0.3125,0.0
1997-06-26,6.897648334503174,6.934832422559795,6.841872202418243,6.897648334503174,199600,0.0,0.0
1997-06-27,6.897649040478188,6.925537109375,6.87905699454698,6.925537109375,329600,0.0,0.0
1997-06-30,6.93482770417866,7.064971923828125,6.925531688489412,7.064971923828125,245800,0.0,0.0
1997-07-01,7.083563955206619,7.083563955206619,7.009195829692639,7.064971923828125,184000,0.0,0.0
1997-07-02,7.102162586197237,7.139346683507171,7.092866561869754,7.1300506591796875,83000,0.0,0.0
1997-07-03,7.130049954534201,7.13934597794298,7.074273814081521,7.102161884307861,94600,0.0,0.0
1997-07-07,7.130046765630444,7.139342784881592,7.083566669374704,7.139342784881592,110400,0.0,0.0
1997-07-08,7.139342560165231,7.297374882460554,7.139342560165231,7.278782844543457,278200,0.0,0.0
1997-07-09,7.288082934648562,7.381043176161937,7.213714741437863,7.250898838043213,120200,0.0,0.0
1997-07-10,7.213712513597705,7.362448854084256,7.1579363859152485,7.3438568115234375,208400,0.0,0.0
1997-07-11,7.3624499416351314,7.4368181228637695,7.343857896327973,7.4368181228637695,204200,0.0,0.0
1997-07-14,7.436818205221126,7.455410250734179,7.3810420686819675,7.4275221824646,194400,0.0,0.0
1997-07-15,7.455409595957476,7.501889705657959,7.399633464316896,7.501889705657959,288600,0.0,0.0
1997-07-16,7.501886150416206,7.585550308227539,7.492590132881613,7.585550308227539,173400,0.0,0.0
1997-07-17,7.566958273158354,7.585550308227539,7.529774203019984,7.585550308227539,148600,0.0,0.0
1997-07-18,7.557662255623762,7.65991844850428,7.557662255623762,7.585550308227539,381200,0.0,0.0
1997-07-21,7.585556001840911,7.585556001840911,7.4368196096479515,7.483299732208252,96200,0.0,0.0
1997-07-22,7.492596642623771,7.594852924346924,7.474004591401379,7.594852924346924,288400,0.0,0.0
1997-07-23,7.632032791193384,7.669216873001878,7.585552688932767,7.641328811645508,377600,0.0,0.0
1997-07-24,7.641329047463157,7.697105171897194,7.63203302672415,7.669217109680176,79200,0.0,0.0
1997-07-25,7.669217658330159,7.752881850966489,7.659921636926123,7.715697765350342,137400,0.0,0.0
1997-07-28,7.752883538657837,7.752883538657837,7.6041471638154805,7.687811374664307,142200,0.0,0.0
1997-07-29,7.687811479917387,7.687811479917387,7.576259197258368,7.622739315032959,367800,0.0,0.0
1997-07-30,7.613439955348173,7.613439955348173,7.548367818977675,7.566959857940674,300600,0.0,0.0
1997-07-31,7.585553903118828,7.585553903118828,7.343857332676317,7.501889705657959,291400,0.0,0.0
1997-08-01,7.5111870323739405,7.678515456362469,7.5111870323739405,7.622739315032959,104800,0.0,0.0
1997-08-04,7.659918785095215,7.669214803038291,7.566958605664448,7.659918785095215,126000,0.0,0.0
1997-08-05,7.659920061971806,7.790064334869385,7.6320320034937525,7.790064334869385,252800,0.0,0.0
1997-08-06,7.883024851481119,7.883024851481119,7.790064652760823,7.808656692504883,158000,0.0,0.0
1997-08-07,7.790064652760823,7.808656692504883,7.771472613016764,7.808656692504883,193000,0.0,0.0
1997-08-08,7.771472613016764,7.8272487322489415,7.771472613016764,7.808656692504883,224200,0.0,0.0
1997-08-11,7.808661478258135,7.808661478258135,7.5855568645936176,7.650629043579102,111600,0.0,0.0
1997-08-12,7.650622430969687,7.678510483573465,7.566958273158354,7.585550308227539,306600,0.0,0.0
1997-08-13,7.585551894537293,7.585551894537293,7.4368155828796985,7.511183738708496,133800,0.0,0.0
1997-08-14,7.492591702088677,7.566959857940674,7.492591702088677,7.566959857940674,125400,0.0,0.0
1997-08-15,7.548369317992121,7.622737488612732,7.548369317992121,7.613441467285156,86400,0.0,0.0
1997-08-18,7.622737551309976,7.715697765350342,7.58555346569383,7.715697765350342,148600,0.0,0.0
1997-08-19,7.6971060358561,7.762178188333144,7.6971060358561,7.73429012298584,868200,0.0,0.0
1997-08-20,7.734290436303301,7.752882480621338,7.724994414144283,7.752882480621338,77000,0.0,0.0
1997-08-21,7.752885359737252,7.762181385348447,7.566964847513337,7.594852924346924,307400,0.0,0.0
1997-08-22,7.576260873124532,7.60414894995812,7.576260873124532,7.594852924346924,45800,0.0,0.0
1997-08-25,7.585553903118828,7.622737990879214,7.464705617897573,7.501889705657959,73000,0.0,0.0
1997-08-26,7.501888115420663,7.576256275177002,7.464704035542494,7.576256275177002,71000,0.0,0.0
1997-08-27,7.5762560349835955,7.5762560349835955,7.455407779210851,7.492591857910156,192600,0.0,0.0
1997-08-28,7.399635224464611,7.408931248615949,7.176530644832513,7.250898838043213,2715000,0.0,0.0
1997-08-29,7.232302587359799,7.241598606109619,7.213710549860159,7.241598606109619,752400,0.0,0.0
1997-09-02,7.2323027497507155,7.278782844543458,7.2323027497507155,7.278782844543457,928200,0.0,0.0
1997-09-03,7.278786142817083,7.399634444038822,7.278786142817083,7.39033842086792,966600,0.0,0.0
1997-09-04,7.399633395701572,7.474001570532744,7.381041351993779,7.455409526824951,441200,0.0,0.0
1997-09-05,7.474002609538675,7.483298632684867,7.41822647066152,7.446114540100098,697600,0.0,0.0
1997-09-08,7.446114145517349,7.455410168170928,7.381041986942291,7.4368181228637695,339600,0.0,0.0
1997-09-09,7.436818516953905,7.45541056324629,7.41822647066152,7.446114540100098,181400,0.0,0.0
1997-09-10,7.446114767843218,7.4740028381347665,7.399634650690639,7.474002838134766,174400,0.0,0.0
1997-09-11,7.474001226914832,7.604145526885986,7.474001226914832,7.604145526885986,156400,0.0,0.0
1997-09-12,7.622737326953065,7.659921411474788,7.622737326953065,7.632033348083496,297600,0.0,0.0
1997-09-15,7.632036493329579,7.632036493329579,7.501892143869635,7.548372268676758,279000,0.0,0.0
1997-09-16,7.511184135390206,7.576256275177002,7.455408015572951,7.576256275177002,301800,0.0,0.0
1997-09-17,7.53907520803285,7.557667255401611,7.520483160664089,7.557667255401611,283000,0.0,0.0
1997-09-18,7.520479758187095,7.566959855580094,7.492591699751296,7.511183738708496,574400,0.0,0.0
1997-09-19,7.520481749538152,7.520481749538152,7.483297661777765,7.501889705657959,358800,0.0,0.0
1997-09-22,7.511183738708495,7.520479758187095,7.492591699751296,7.511183738708496,370600,0.0,0.0
1997-09-23,7.548368607124273,7.650624832097631,7.520480545767902,7.641328811645508,636600,0.0,0.0
1997-09-24,7.6413282133996265,7.660149218851349,7.622507207947903,7.650738716125488,888200,0.3125,0.0
1997-09-25,7.650738107026929,7.7354326248168945,7.631917103073603,7.7354326248168945,353000,0.0,0.0
1997-09-26,7.735433437333641,7.829538466984902,7.735433437333641,7.820127964019775,360600,0.0,0.0
1997-09-29,7.829541608620594,7.980109716478682,7.810720595138333,7.94246768951416,488200,0.0,0.0
1997-09-30,7.923644547609939,8.215370178222656,7.923644547609939,8.215370178222656,429800,0.0,0.0
1997-10-01,8.215369688880077,8.262422207143995,8.215369688880077,8.253011703491211,326400,0.0,0.0
1997-10-02,8.243600978917014,8.281242992519374,8.149495944911111,8.196548461914062,269800,0.0,0.0
1997-10-03,8.224781781297676,8.28124481412123,8.149497737532936,8.168318748474121,211200,0.0,0.0
1997-10-06,8.168316951712292,8.224779972115833,8.168316951712292,8.196548461914062,77400,0.0,0.0
1997-10-07,8.22478068243597,8.234191186649284,8.140086144516149,8.215370178222656,261200,0.0,0.0
1997-10-08,8.234190940856934,8.271832956586566,8.215369932992118,8.234190940856934,346800,0.0,0.0
1997-10-09,8.234191681628122,8.234191681628122,8.177728652954102,8.177728652954102,173600,0.0,0.0
1997-10-10,8.149495367650633,8.168316373118648,8.111853356714603,8.130674362182617,123000,0.0,0.0
1997-10-13,8.093035848517166,8.130677875719572,8.04598331451416,8.04598331451416,117600,0.0,0.0
1997-10-14,8.027159703774783,8.083622726310129,7.9801071849953304,7.989517688751221,220000,0.0,0.0
1997-10-15,8.008341236702075,8.017751743443204,7.94246768951416,7.94246768951416,200000,0.0,0.0
1997-10-16,7.914235239369528,7.914235239369528,7.829540688650948,7.904824733734131,293600,0.0,0.0
1997-10-17,7.8954142280987325,7.970698273181915,7.886003722463335,7.904824733734131,210800,0.0,0.0
1997-10-20,7.9048217519426744,7.951874262370905,7.9048217519426744,7.91423225402832,215000,0.0,0.0
1997-10-21,7.942466526441187,7.942466526441187,7.848361472810367,7.886003494262695,152800,0.0,0.0
1997-10-22,7.886003370364602,7.895413875579834,7.8765928651493695,7.895413875579834,67200,0.0,0.0
1997-10-23,7.886004095863698,7.886004095863698,7.8295410593778,7.876593589782715,114600,0.0,0.0
1997-10-24,7.867180478845406,7.886001484775658,7.801306958089524,7.820127964019775,108200,0.0,0.0
1997-10-27,7.754254246109966,7.754254246109966,7.650738716125488,7.650738716125488,487400,0.0,0.0
1997-10-28,7.189621833677447,7.584862824534061,7.133158834983645,7.537810325622559,684000,0.0,0.0
1997-10-29,7.547225660878449,7.641330718994141,7.547225660878449,7.641330718994141,428400,0.0,0.0
1997-10-30,7.603688010506831,7.6130985154703295,7.566045990652837,7.584867000579834,271000,0.0,0.0
1997-10-31,7.594277258556668,7.603687763214111,7.575456249241782,7.603687763214111,306400,0.0,0.0
1997-11-03,7.603687763214111,7.603687763214111,7.566045744584338,7.603687763214111,144400,0.0,0.0
1997-11-04,7.603687779820381,7.613098284498376,7.566045761108398,7.566045761108398,120000,0.0,0.0
1997-11-05,7.584866860056923,7.6319193840026855,7.528403831322008,7.6319193840026855,467400,0.0,0.0
1997-11-06,7.641330718994141,7.660151730617279,7.613099201559433,7.641330718994141,407000,0.0,0.0
1997-11-07,7.641327622496052,7.641327622496052,7.566043606510869,7.622506618499756,164400,0.0,0.0
1997-11-10,7.603688010506831,7.603688010506831,7.509582960871846,7.584867000579834,149600,0.0,0.0
1997-11-11,7.6036874391558165,7.6225084476685785,7.518992900848388,7.518992900848389,280200,0.0,0.0
1997-11-12,7.490762960400329,7.528404985326964,7.453120935473694,7.471941947937012,316200,0.0,0.0
1997-11-13,7.490761666243521,7.509582675455188,7.35901460176185,7.4248881340026855,262400,0.0,0.0
1997-11-14,7.415479633543227,7.509584705034892,7.330785069200728,7.453121662139893,301000,0.0,0.0
1997-11-17,7.471939441992801,7.528402460446148,7.453118435841686,7.481349945068359,413000,0.0,0.0
1997-11-18,7.471939441992801,7.5095814542950325,7.453118435841686,7.481349945068359,351400,0.0,0.0
1997-11-19,7.4813522046534855,7.528404734242502,7.471941698735683,7.490762710571289,128800,0.0,0.0
1997-11-20,7.481348980705289,7.60368550491808,7.481348980705289,7.556632995605469,314200,0.0,0.0
1997-11-21,7.5284014900179015,7.566043497467991,7.509580486292856,7.556632995605469,271400,0.0,0.0
1997-11-24,7.547225746078108,7.566046757913714,7.490762710571289,7.490762710571289,388800,0.0,0.0
1997-11-25,7.5095783404414025,7.5095783404414025,7.443704846227004,7.462525844573975,158200,0.0,0.0
1997-11-26,7.48135245416867,7.490762960400329,7.4625314417053525,7.471941947937012,133800,0.0,0.0
1997-11-28,7.490763638019562,7.528405666351318,7.490763638019562,7.528405666351318,137400,0.0,0.0
1997-12-01,7.509583722406895,7.518994228324698,7.4813522046534855,7.490762710571289,319200,0.0,0.0
1997-12-02,7.4907602322329385,7.4907602322329385,7.321371181755309,7.387244701385498,837200,0.0,0.0
1997-12-03,7.377836394728275,7.509583473205566,7.377836394728275,7.509583473205566,204200,0.0,0.0
1997-12-04,7.528405666351318,7.5378161734342575,7.424890088438988,7.528405666351318,182400,0.0,0.0
1997-12-05,7.528405719333225,7.528405719333225,7.453121662139893,7.453121662139893,160400,0.0,0.0
1997-12-08,7.471936827146457,7.537810325622559,7.471936827146457,7.537810325622559,256200,0.0,0.0
1997-12-09,7.53781515506688,7.660151730617279,7.528404649255311,7.641330718994141,510800,0.0,0.0
1997-12-10,7.678969132756612,7.810716152191162,7.678969132756612,7.810716152191162,337400,0.0,0.0
1997-12-11,7.772830300115167,7.772830300115167,7.725377123679788,7.753849029541016,285600,0.219,0.0
1997-12-12,7.763340656931808,7.782321929931641,7.744359383931974,7.782321929931641,206600,0.0,0.0
1997-12-15,7.782320935402243,7.79181157068932,7.74435839425394,7.753849029541016,149400,0.0,0.0
1997-12-16,7.763340656931808,7.801303202931474,7.734868747432058,7.782321929931641,340400,0.0,0.0
1997-12-17,7.791813226221831,7.820285138132508,7.782322588918272,7.801303863525391,515400,0.0,0.0
1997-12-18,7.8013049658846185,7.810795604529248,7.706398579438334,7.79181432723999,256600,0.0,0.0
1997-12-19,7.791814595460892,7.791814595460892,7.592511177062988,7.592511177062988,326400,0.0,0.0
1997-12-22,7.592510997800899,7.649454830284405,7.564039081559145,7.5735297203063965,328400,0.0,0.0
1997-12-23,7.573530077042425,7.6494551905967345,7.573530077042425,7.61149263381958,286200,0.0,0.0
1997-12-24,7.630472727175112,7.706397828938049,7.630472727175112,7.6874165534973145,190000,0.0,0.0
1997-12-26,7.687415893715206,7.696906530621028,7.649453346091922,7.6684346199035645,131200,0.0,0.0
1997-12-29,7.687413118395231,7.725375652313232,7.67792248491573,7.725375652313232,259600,0.0,0.0
1997-12-30,7.725375652313232,7.744356919272232,7.687413118395231,7.725375652313232,218600,0.0,0.0
1997-12-31,7.734867489087419,7.75384875899929,7.677923679351806,7.677923679351807,657000,0.0,0.0
1998-01-02,7.6874165534973145,7.725379104378783,7.66843527805658,7.6874165534973145,208600,0.0,0.0
1998-01-05,7.687413404727804,7.7443572077257885,7.66843213706181,7.706394672393799,624800,0.0,0.0
1998-01-06,7.72537704166737,7.744358312040017,7.687414500922075,7.696905136108398,697400,0.0,0.0
1998-01-07,7.706395771294722,7.72537704166737,7.687414500922075,7.696905136108398,465600,0.0,0.0
1998-01-08,7.696905507046752,7.744358685265289,7.696905507046752,7.734868049621582,434400,0.0,0.0
1998-01-09,7.7538472653604025,7.8677348628932355,7.725375365977194,7.744356632232666,452400,0.0,0.0
1998-01-12,7.706397167526849,7.706397167526849,7.63047207228028,7.6684346199035645,329200,0.0,0.0
1998-01-13,7.649450635378246,7.687413169548857,7.649450635378246,7.658941268920898,303400,0.0,0.0
1998-01-14,7.668433230549428,7.706395771294722,7.649451960176781,7.696905136108398,187800,0.0,0.0
1998-01-15,7.696906563147758,7.829775480390753,7.696906563147758,7.820284843444824,454000,0.0,0.0
1998-01-16,7.896210851143304,7.953154679396742,7.896210851143304,7.915192127227783,551800,0.0,0.0
1998-01-20,7.953149290714404,7.962639922326235,7.7443553952541215,7.763336658477783,104200,0.0,0.0
1998-01-21,7.76333823789008,7.76333823789008,7.649450635378246,7.658941268920898,175000,0.0,0.0
1998-01-22,7.630473912208157,7.6494551905967345,7.592511355431002,7.61149263381958,2043000,0.0,0.0
1998-01-23,7.620977686287907,7.649449582998821,7.592505789576993,7.601996421813965,536800,0.0,0.0
1998-01-26,7.60199804056626,7.630469943339916,7.592507406308375,7.620979309082031,274800,0.0,0.0
1998-01-27,7.630472183227539,7.658944094358985,7.602000272096093,7.630472183227539,226400,0.0,0.0
1998-01-28,7.6494530189328085,7.782321929931641,7.630471745932975,7.782321929931641,560200,0.0,0.0
1998-01-29,7.772830300115167,7.801302205976396,7.74435839425394,7.753849029541016,454800,0.0,0.0
1998-01-30,7.763336658477783,7.782317921701446,7.7443553952541215,7.763336658477783,293800,0.0,0.0
1998-02-02,7.810789816536938,7.810789816536938,7.753846026865952,7.763336658477783,350800,0.0,0.0
1998-02-03,7.7538467386112,7.772828003577201,7.687412311230199,7.715884208679199,215400,0.0,0.0
1998-02-04,7.734866337262122,7.734866337262122,7.639960001835592,7.658941268920898,259600,0.0,0.0
1998-02-05,7.658941268920898,7.6969038030915105,7.649450635378246,7.658941268920898,280000,0.0,0.0
1998-02-06,7.658943982997743,7.677925256809385,7.649453346091922,7.6684346199035645,160400,0.0,0.0
1998-02-09,7.649454002615847,7.706397828938049,7.630472727175112,7.6874165534973145,558200,0.0,0.0
1998-02-10,7.706395771294722,7.706395771294722,7.687414500922075,7.696905136108398,425200,0.0,0.0
1998-02-11,7.706395584219613,7.725376854131484,7.677923679351806,7.677923679351807,310800,0.0,0.0
1998-02-12,7.687415893715206,7.687415893715206,7.6684346199035645,7.6684346199035645,251800,0.0,0.0
1998-02-13,7.649453457315169,7.6779253684466156,7.630472183227539,7.630472183227539,683000,0.0,0.0
1998-02-17,7.630472841097167,7.677926030407472,7.630472841097167,7.649454116821289,408200,0.0,0.0
1998-02-18,7.649455010890961,7.658945649862289,7.5830205380916595,7.592511177062988,495800,0.0,0.0
1998-02-19,7.573524560247149,7.573524560247149,7.402693179188943,7.440655708312988,664400,0.0,0.0
1998-02-20,7.440656994862161,7.478619530550234,7.440656994862161,7.45014762878418,1015600,0.0,0.0
1998-02-23,7.450148520445583,7.5545455060824,7.450148520445583,7.51658296585083,346800,0.0,0.0
1998-02-24,7.516580766561081,7.535562031123104,7.431165076031977,7.440655708312988,775200,0.0,0.0
1998-02-25,7.440656994862161,7.459638262706197,7.431166360940144,7.45014762878418,588400,0.0,0.0
1998-02-26,7.450146340594,7.459636972875011,7.421674443750966,7.440655708312988,432600,0.0,0.0
1998-02-27,7.440657546122869,7.440657546122869,7.279316757495204,7.288807392120361,3267600,0.0,0.0
1998-03-02,7.279319369165521,7.279319369165521,7.127469160682277,7.212884902954102,1743800,0.0,0.0
1998-03-03,7.212884820890862,7.32677247595756,7.203394182968637,7.2793192863464355,998200,0.0,0.0
1998-03-04,7.269827804614588,7.364734172821045,7.250846530973297,7.364734172821045,507000,0.0,0.0
1998-03-05,7.326772987068473,7.383716818574187,7.2888104327313314,7.307791709899902,313600,0.0,0.0
1998-03-06,7.307791184156369,7.402697563171387,7.307791184156369,7.402697563171387,533600,0.0,0.0
1998-03-09,7.383713577769994,7.412185481026176,7.364732308932538,7.393204212188721,414600,0.0,0.0
1998-03-10,7.393206925269885,7.42167883897439,7.383716287368383,7.402697563171387,731800,0.0,0.0
1998-03-11,7.40269617102612,7.459639987726321,7.40269617102612,7.431168079376221,435400,0.0,0.0
1998-03-12,7.440655708312988,7.440655708312988,7.421674443750966,7.440655708312988,175600,0.0,0.0
1998-03-13,7.440659008929733,7.440659008929733,7.364733917001878,7.412187099456787,634200,0.0,0.0
1998-03-16,7.402697563171387,7.431169476875892,7.402697563171387,7.402697563171387,239600,0.0,0.0
1998-03-17,7.4121873569242736,7.4121873569242736,7.364734172821045,7.364734172821045,642400,0.0,0.0
1998-03-18,7.383716287368383,7.402697563171387,7.355244373663878,7.402697563171387,508400,0.0,0.0
1998-03-19,7.40269617102612,7.440658715492921,7.39320553490942,7.431168079376221,1165200,0.0,0.0
1998-03-20,7.535567343235016,7.611492455005646,7.535567343235016,7.592511177062988,1860400,0.0,0.0
1998-03-23,7.611490172956457,7.620980809082337,7.554546356201172,7.554546356201172,492400,0.0,0.0
1998-03-24,7.5735297203063965,7.611492275295401,7.554548442811894,7.5735297203063965,1366600,0.0,0.0
1998-03-25,7.618933298330767,7.79209087329283,7.609313433055097,7.76323127746582,2225400,0.335,0.0
1998-03-26,7.743992057673606,7.849810582685294,7.715132459943145,7.820950984954834,291600,0.0,0.0
1998-03-27,7.77285114274149,7.811330603844171,7.715131951087469,7.76323127746582,231800,0.0,0.0
1998-03-30,7.76323333981611,7.801712811141097,7.753613471984863,7.753613471984863,164000,0.0,0.0
1998-03-31,7.753611870666048,7.763231736510547,7.6766529439100575,7.734372138977051,490800,0.0,0.0
1998-04-01,7.734370557417781,7.763230149049936,7.695891101908239,7.743990421295166,318200,0.0,0.0
1998-04-02,7.743993604153617,7.772853207647357,7.7151340006598765,7.753613471984863,577800,0.0,0.0
1998-04-03,7.763232247034709,7.840191178851658,7.75361238055759,7.7920918464660645,297400,0.0,0.0
1998-04-06,7.811331375578692,7.849810840483021,7.705512847091788,7.715132713317871,403000,0.0,0.0
1998-04-07,7.695894748230358,7.792093432583237,7.695894748230358,7.782473564147949,352800,0.0,0.0
1998-04-08,7.782471369173955,7.830570697784424,7.763231637729767,7.830570697784424,329400,0.0,0.0
1998-04-09,7.820953231904565,7.88829231262207,7.820953231904565,7.88829231262207,680400,0.0,0.0
1998-04-13,7.869051496235895,8.090308445396563,7.869051496235895,7.955630302429199,483200,0.0,0.0
1998-04-14,7.9363887973428495,7.994107988596252,7.917149066925049,7.917149066925049,1265400,0.0,0.0
1998-04-15,7.897912181296,7.926771787317788,7.88829231262207,7.88829231262207,385600,0.0,0.0
1998-04-16,7.849810410957007,7.849810410957007,7.792091216758794,7.801711082458496,380400,0.0,0.0
1998-04-17,7.782472398944368,7.782472398944368,7.61893466002959,7.676653861999512,678400,0.0,0.0
1998-04-20,7.695891357575037,7.734370814362912,7.667031764984131,7.667031764984131,302800,0.0,0.0
1998-04-21,7.657411527030075,7.676651254484925,7.590072480938103,7.599692344665527,1429800,0.0,0.0
1998-04-22,7.599696003833101,7.647795345629513,7.580456267114536,7.609315872192383,334600,0.0,0.0
1998-04-23,7.61893316079642,7.638172891000451,7.561213970184326,7.561213970184326,235200,0.0,0.0
1998-04-24,7.570833753861814,7.570833753861814,7.436155643882062,7.445775508880615,146000,0.0,0.0
1998-04-27,7.445776785573652,7.493876118813792,7.4072973189815405,7.45539665222168,258200,0.0,0.0
1998-04-28,7.4746319669201995,7.532351132687923,7.465012105958912,7.493871688842773,264400,0.0,0.0
1998-04-29,7.493874914470216,7.599693430592389,7.474635184266185,7.561213970184326,174800,0.0,0.0
1998-04-30,7.590073565490373,7.599693430592389,7.55159410508231,7.561213970184326,546000,0.0,0.0
1998-05-01,7.561216675492981,7.599696149668517,7.561216675492981,7.570836544036865,275000,0.0,0.0
1998-05-04,7.570836544036865,7.590076281124634,7.570836544036865,7.570836544036865,284400,0.0,0.0
1998-05-05,7.58045337458325,7.58045337458325,7.551593780517578,7.551593780517578,150000,0.0,0.0
1998-05-06,7.570833509894692,7.61893283333748,7.551593780517578,7.551593780517578,236800,0.0,0.0
1998-05-07,7.551596806949097,7.609316018212402,7.541976938405212,7.570836544036865,385600,0.0,0.0
1998-05-08,7.580451130867004,7.580451130867004,7.541971683502197,7.541971683502197,1011800,0.0,0.0
1998-05-11,7.522734509776263,7.599693430592389,7.522734509776263,7.561213970184326,309200,0.0,0.0
1998-05-12,7.561213190785519,7.599692647227176,7.541973462564691,7.580452919006348,179800,0.0,0.0
1998-05-13,7.609312208392952,7.609312208392952,7.570832753483253,7.599692344665527,697400,0.0,0.0
1998-05-14,7.580452919006348,7.618932375448004,7.580452919006348,7.580452919006348,459000,0.0,0.0
1998-05-15,7.561215995513288,7.580455730870828,7.465017318725586,7.465017318725586,233800,0.0,0.0
1998-05-18,7.445776495566735,7.522735425753471,7.407297030473367,7.503495693206787,194200,0.0,0.0
1998-05-19,7.465014156155231,7.513113474171695,7.445774428948646,7.484253883361816,189800,0.0,0.0
1998-05-20,7.484254927684863,7.493874792630473,7.349576818446318,7.38805627822876,275200,0.0,0.0
1998-05-21,7.38805627822876,7.455395332848032,7.38805627822876,7.38805627822876,184800,0.0,0.0
1998-05-22,7.465016518869708,7.493876118813792,7.436156918925624,7.45539665222168,95000,0.0,0.0
1998-05-26,7.426537052277596,7.484256252165764,7.416917185629568,7.45539665222168,153000,0.0,0.0
1998-05-27,7.4746385912620585,7.4746385912620585,7.34958028793335,7.34958028793335,143600,0.0,0.0
1998-05-28,7.368816608934636,7.484254989231261,7.368816608934636,7.474635124206543,128600,0.0,0.0
1998-05-29,7.455397794073113,7.541976607165575,7.455397794073113,7.5323567390441895,235800,0.0,0.0
1998-06-01,7.503497134680035,7.580456079651113,7.503497134680035,7.5323567390441895,845400,0.0,0.0
1998-06-02,7.541971683502197,7.599690854549408,7.5323518216609955,7.541971683502197,168000,0.0,0.0
1998-06-03,7.503497134680035,7.5612163434083435,7.503497134680035,7.5323567390441895,104800,0.0,0.0
1998-06-04,7.522736870922805,7.5612163434083435,7.513117002801421,7.5323567390441895,109600,0.0,0.0
1998-06-05,7.551593780517578,7.590073239271807,7.532354051140463,7.551593780517578,262800,0.0,0.0
1998-06-08,7.541980099617985,7.647798697954461,7.541980099617985,7.638178825378418,332000,0.0,0.0
1998-06-09,7.638173256064724,7.676652718311902,7.618933524941136,7.62855339050293,1603800,0.0,0.0
1998-06-10,7.657412987188313,7.657412987188313,7.62855339050293,7.62855339050293,514400,0.0,0.0
1998-06-11,7.628552239558418,7.628552239558418,7.580452919006348,7.580452919006348,313400,0.0,0.0
1998-06-12,7.580450437494359,7.580450437494359,7.4842518278814865,7.493871688842773,450400,0.0,0.0
1998-06-15,7.436160564422608,7.4457804357866735,7.349581722146019,7.436160564422607,150400,0.0,0.0
1998-06-16,7.465018721775235,7.465018721775235,7.339960418446526,7.34958028793335,202800,0.0,0.0
1998-06-17,7.34958028793335,7.388059765880644,7.301480940499231,7.34958028793335,336200,0.0,0.0
1998-06-18,7.330336963653564,7.339956828435262,7.195658856709798,7.214898586273193,497600,0.0,0.0
1998-06-19,7.214900803438483,7.224520671176401,7.118702126059302,7.1956610679626465,658800,0.0,0.0
1998-06-22,7.2052801193729525,7.21489998602098,7.118701319540701,7.1571807861328125,875200,0.0,0.0
1998-06-23,7.118701908828776,7.1571813786062295,7.022503234385145,7.060982704162598,1266000,0.0,0.0
1998-06-24,7.048487502344746,7.087537294601503,7.0094377100879885,7.0582499504089355,893200,0.335,0.0
1998-06-25,7.038726177931827,7.058251077177131,6.950864131327962,7.019201278686523,643600,0.0,0.0
1998-06-26,7.048485593649466,7.048485593649466,6.950861139443795,6.999673366546631,172200,0.0,0.0
1998-06-29,6.999671498443854,7.185157911931209,6.999671498443854,7.116820812225342,668000,0.0,0.0
1998-06-30,7.11682472505796,7.409698170533596,7.11682472505796,7.399935722351074,655000,0.0,0.0
1998-07-01,7.341358496322529,7.341358496322529,7.224209158615255,7.292546272277832,562400,0.0,0.0
1998-07-02,7.312070999529538,7.3511207778981875,7.263258776568727,7.273021221160889,437400,0.0,0.0
1998-07-06,7.253498077392578,7.341360099864359,7.194923395744724,7.253498077392578,153800,0.0,0.0
1998-07-07,7.292547068482053,7.399933973104948,7.214447501483583,7.360884189605713,571000,0.0,0.0
1998-07-08,7.360883385940409,7.419458054794045,7.253496493042074,7.292546272277832,818400,0.0,0.0
1998-07-09,7.224212699100889,7.224212699100889,7.028963707233297,7.077775955200195,1920800,0.0,0.0
1998-07-10,7.107061378344428,7.194923400878905,7.107061378344428,7.194923400878906,609200,0.0,0.0
1998-07-13,7.1949245087671345,7.224211854121682,7.185162060315619,7.214449405670166,399800,0.0,0.0
1998-07-14,7.243736751024714,7.243736751024714,7.204686957218651,7.214449405670166,460600,0.0,0.0
1998-07-15,7.214447817295709,7.214447817295709,7.136348246878435,7.165635585784912,417400,0.0,0.0
1998-07-16,7.185161113739014,7.224210902400639,7.146111325077388,7.185161113739014,491200,0.0,0.0
1998-07-17,7.165636219408201,7.2437357967314515,7.136348877911982,7.185161113739014,678200,0.0,0.0
1998-07-20,7.185161113739014,7.224210902400639,7.165636219408201,7.185161113739014,156400,0.0,0.0
1998-07-21,7.1851627162245455,7.224212513595331,7.14611291885376,7.14611291885376,128400,0.0,0.0
1998-07-22,7.116825570825671,7.175400266881849,7.116825570825671,7.14611291885376,97600,0.0,0.0
1998-07-23,7.146109256115588,7.165634144793501,7.107059478759766,7.107059478759766,537200,0.0,0.0
1998-07-24,7.1070602721747616,7.136347608461196,7.087535381317139,7.087535381317139,388000,0.0,0.0
1998-07-27,7.068011457763846,7.068011457763846,6.853237628936768,6.853237628936768,580800,0.0,0.0
1998-07-28,6.862999598185221,6.862999598185221,6.56036376953125,6.56036376953125,2248000,0.0,0.0
1998-07-29,6.5603629700437995,6.570125414939698,6.501788300668408,6.521313190460205,929000,0.0,0.0
1998-07-30,6.5408388773600254,6.570126215616861,6.521313985188802,6.56036376953125,763400,0.0,0.0
1998-07-31,6.56036376953125,6.60917599995931,6.5408388773600254,6.56036376953125,456800,0.0,0.0
1998-08-03,6.560364412006579,6.560364412006579,6.482264835673167,6.492027282714844,428400,0.0,0.0
1998-08-04,6.52131251732142,6.540837405097832,6.355350971221924,6.355350971221924,394200,0.0,0.0
1998-08-05,6.335826089987331,6.404163197275331,6.247964094902762,6.38463830947876,557200,0.0,0.0
1998-08-06,6.365114693143475,6.618938285201343,6.365114693143475,6.540838718414307,1363200,0.0,0.0
1998-08-07,6.5408399833769755,6.618939565268043,6.5408399833769755,6.57988977432251,684400,0.0,0.0
1998-08-10,6.579888501807825,6.609175839352964,6.540838718414307,6.540838718414307,326600,0.0,0.0
1998-08-11,6.501788143619828,6.560362811580368,6.44321347565929,6.531075477600098,722400,0.0,0.0
1998-08-12,6.540840297275119,6.618939882914225,6.531077849070231,6.5896525382995605,814600,0.0,0.0
1998-08-13,6.579888661702474,6.579888661702474,6.5408388773600254,6.56036376953125,779200,0.0,0.0
1998-08-14,6.570126215616861,6.579888661702474,6.5408388773600254,6.56036376953125,491600,0.0,0.0
1998-08-17,6.579886126095022,6.5994110107421875,6.560361241447855,6.5994110107421875,309200,0.0,0.0
1998-08-18,6.599411985299883,6.716561310482722,6.599411985299883,6.687273979187012,382000,0.0,0.0
1998-08-19,6.687276370395441,6.716563712163596,6.618939239603079,6.628701686859131,165000,0.0,0.0
1998-08-20,6.60917599995931,6.618938446044922,6.492026646931966,6.56036376953125,288000,0.0,0.0
1998-08-21,6.521314623839873,6.521314623839873,6.482264835673167,6.492027282714844,108400,0.0,0.0
1998-08-24,6.511552502892234,6.53107739795338,6.40416558005593,6.443215370178223,311600,0.0,0.0
1998-08-25,6.423686992743373,6.5115489728872795,6.423686992743373,6.452974319458008,523000,0.0,0.0
1998-08-26,6.413928162803989,6.57988977432251,6.413928162803989,6.57988977432251,470200,0.0,0.0
1998-08-27,6.531073857363703,6.531073857363703,6.443211877219796,6.452974319458008,300000,0.0,0.0
1998-08-28,6.433452922647649,6.462740265239368,6.40416558005593,6.443215370178223,920200,0.0,0.0
1998-08-31,6.404163653115524,6.423688542301853,6.238202095031738,6.238202095031738,414200,0.0,0.0
1998-09-01,6.228442863294274,6.247967762552249,6.091768568488443,6.1308183670043945,516400,0.0,0.0
1998-09-02,6.091762970715035,6.130812733347823,5.955088801500274,6.00390100479126,732000,0.0,0.0
1998-09-03,5.935565635806224,5.994140296685891,5.857466087966669,5.955090522766113,537800,0.0,0.0
1998-09-04,5.964855681963203,6.04295526536043,5.857468754792016,5.906280994415283,449200,0.0,0.0
1998-09-08,5.916043286299824,5.964855524635632,5.8769934956311785,5.88675594329834,428000,0.0,0.0
1998-09-09,5.867227231661479,5.8965145556132,5.818415025075277,5.857464790344238,503800,0.0,0.0
1998-09-10,5.857467487786687,5.857467487786687,5.662218571527132,5.6915059089660645,396200,0.0,0.0
1998-09-11,5.68174314002196,5.720792921053039,5.554831351670954,5.623168468475342,630400,0.0,0.0
1998-09-14,5.590537420965478,5.630327722894058,5.520904392590463,5.560694694519043,866000,0.335,0.0
1998-09-15,5.560698911916241,5.6402795761297115,5.560698911916241,5.630331993103027,814800,0.0,0.0
1998-09-16,5.660171869245627,5.92875647464041,5.630329135312873,5.869071006774902,611400,0.0,0.0
1998-09-17,5.869071762913961,5.869071762913961,5.759648391063023,5.859124183654785,324600,0.0,0.0
1998-09-18,5.859124585986137,6.068023764773419,5.8292818461593825,6.048128604888916,495400,0.0,0.0
1998-09-21,6.048128807340773,6.446032018350035,6.008338486239848,6.396294116973877,1018000,0.0,0.0
1998-09-22,6.585299885135958,7.022993533090614,6.585299885135958,6.92351770401001,1450800,0.0,0.0
1998-09-23,7.122468801853836,7.122468801853836,6.863831666590988,6.993150234222412,1638600,0.0,0.0
1998-09-24,6.983204655201509,7.082680504990704,6.943414315285831,7.0229949951171875,534800,0.0,0.0
1998-09-25,6.993149512075965,6.993149512075965,6.883726119995117,6.883726119995117,458800,0.0,0.0
1998-09-28,6.843935795602082,6.9135688632898935,6.814093052307306,6.883726119995117,411400,0.0,0.0
1998-09-29,6.843933261625948,6.903618726116872,6.754405064889562,6.804142951965332,401200,0.0,0.0
1998-09-30,6.764358040138527,6.814095966904252,6.684777357313368,6.714620113372803,986800,0.0,0.0
1998-10-01,6.714617707836094,6.724565289625481,6.6449846353103865,6.66487979888916,1276400,0.0,0.0
1998-10-02,6.664881048287411,6.744461717520694,6.654933464633251,6.704671382904053,539200,0.0,0.0
1998-10-05,6.684775904605263,6.694723487796639,6.495771823969102,6.615142822265625,373600,0.0,0.0
1998-10-06,6.654930690590662,6.724563747143928,6.5057169979765215,6.515664577484131,276400,0.0,0.0
1998-10-07,6.54550921366765,6.565404378450834,6.446033389751728,6.465928554534912,223800,0.0,0.0
1998-10-08,6.426136884371943,6.426136884371943,6.167499796146447,6.276923179626465,215000,0.0,0.0
1998-10-09,6.316715728491545,6.386348815262318,6.296820560842752,6.366453647613525,180600,0.0,0.0
1998-10-12,6.406239908177048,6.575348725628927,6.406239908177048,6.426135063171387,252400,0.0,0.0
1998-10-13,6.426139263459194,6.465929599455846,6.426139263459194,6.4460344314575195,268600,0.0,0.0
1998-10-14,6.446031210059944,6.485821526171425,6.396293314920593,6.475873947143555,226600,0.0,0.0
1998-10-15,6.4460336324330925,6.6250901222229,6.4460336324330925,6.6250901222229,332200,0.0,0.0
1998-10-16,6.625089471731613,6.714617707836094,6.595246726363452,6.66487979888916,583400,0.0,0.0
1998-10-19,6.6449837960956,6.784249923558681,6.6449837960956,6.694721698760986,510000,0.0,0.0
1998-10-20,6.694724942666513,6.794200796197962,6.674829771960223,6.714620113372803,629000,0.0,0.0
1998-10-21,6.724564242930639,6.724564242930639,6.585298119556336,6.684773921966553,282400,0.0,0.0
1998-10-22,6.6648802023667555,6.674827784758348,6.426138224968543,6.465928554534912,309000,0.0,0.0
1998-10-23,6.465927377250624,6.56540318305448,6.346556410285997,6.4062418937683105,825400,0.0,0.0
1998-10-26,6.406242895729934,6.426138060002388,6.247081581550309,6.286871910095215,671800,0.0,0.0
1998-10-27,6.257027993120635,6.406241697249109,6.257027993120635,6.396294116973877,1033200,0.0,0.0
1998-10-28,6.396292330679879,6.436082640668556,6.346554443194032,6.426135063171387,453400,0.0,0.0
1998-10-29,6.416191042286076,6.545509621432927,6.40624345927478,6.535562038421631,652200,0.0,0.0
1998-10-30,6.515665057869184,6.684773921966553,6.515665057869184,6.684773921966553,392800,0.0,0.0
1998-11-02,6.684773281481139,6.794196653648241,6.684773281481139,6.7245635986328125,700000,0.0,0.0
1998-11-03,6.724565525587084,6.824041346971509,6.7046703613102,6.774303436279297,375200,0.0,0.0
1998-11-04,6.764351969058482,6.8339850040340835,6.684771357657794,6.79419469833374,463600,0.0,0.0
1998-11-05,6.824039707464331,6.903620345452253,6.704668750482447,6.764354228973389,278600,0.0,0.0
1998-11-06,6.724565289625481,6.724565289625481,6.605194308152839,6.66487979888916,348200,0.0,0.0
1998-11-09,6.704669363985474,6.724564525302938,6.644983880033081,6.674826622009277,283200,0.0,0.0
1998-11-10,6.644980388652544,6.824036746430607,6.605190086924086,6.784246444702148,563600,0.0,0.0
1998-11-11,6.804147153137029,6.843937487365901,6.7643568189081575,6.824042320251465,549600,0.0,0.0
1998-11-12,6.784247797135024,6.82403810679564,6.734509910059254,6.804142951965332,389400,0.0,0.0
1998-11-13,6.774301808721879,6.833987287212821,6.744459069476409,6.764354228973389,336600,0.0,0.0
1998-11-16,6.784250009255331,6.804145170572795,6.654931460691813,6.674826622009277,315600,0.0,0.0
1998-11-17,6.635037422180176,6.70467049857487,6.605194675153879,6.635037422180176,305600,0.0,0.0
1998-11-18,6.625088718715617,6.724564525302938,6.625088718715617,6.674826622009277,315600,0.0,0.0
1998-11-19,6.635039430547644,6.714620113372803,6.605196674488209,6.714620113372803,207200,0.0,0.0
1998-11-20,6.684776215595732,6.754409301174854,6.664881048287411,6.704671382904053,301200,0.0,0.0
1998-11-23,6.704667177813792,6.804142951965332,6.684772022983484,6.804142951965332,386200,0.0,0.0
1998-11-24,6.804147063299667,6.843937397003174,6.76435672959616,6.843937397003174,605600,0.0,0.0
1998-11-25,6.833991432743598,6.873781775874565,6.833991432743598,6.853886604309082,490600,0.0,0.0
1998-11-27,6.833989903808683,6.873780238037554,6.784251986022594,6.824042320251465,95800,0.0,0.0
1998-11-30,6.843938049406296,6.843938049406296,6.704671868168377,6.7544097900390625,567200,0.0,0.0
1998-12-01,6.714616944644206,6.784250009255331,6.644983880033081,6.674826622009277,325000,0.0,0.0
1998-12-02,6.635036711847536,6.784250431004527,6.635036711847536,6.744460105895996,371000,0.0,0.0
1998-12-03,6.714613416677346,6.804141595566377,6.714613416677346,6.784246444702148,385800,0.0,0.0
1998-12-04,6.784252052137335,6.843937554062297,6.664881048287411,6.704671382904053,388800,0.0,0.0
1998-12-07,6.714616662689617,6.724564242930639,6.644983601002465,6.684773921966553,343000,0.0,0.0
1998-12-08,6.6847742026680095,6.6847742026680095,6.605193557398152,6.674826622009277,237400,0.0,0.0
1998-12-09,6.644983768463135,6.674826509938268,6.635036187971424,6.644983768463135,338400,0.0,0.0
1998-12-10,6.644985287755102,6.674828036053403,6.615142539456801,6.6250901222229,509800,0.0,0.0
1998-12-11,6.6250901222229,6.644985287755102,6.6051949566907,6.6250901222229,629200,0.0,0.0
1998-12-14,6.605194675153879,6.674827751548572,6.605194675153879,6.635037422180176,945200,0.0,0.0
1998-12-15,6.555455378833271,6.714616662689617,6.525612638110206,6.684773921966553,683200,0.0,0.0
1998-12-16,6.637826003336834,6.728893738138711,6.617588728936417,6.698537826538086,292800,0.355,0.0
1998-12-17,6.66818191493746,6.728893738138711,6.647944640537043,6.698537826538086,530400,0.0,0.0
1998-12-18,6.6681791837454565,6.739009615135773,6.647941917633938,6.658060550689697,458200,0.0,0.0
1998-12-21,6.617584482730813,6.617584482730813,6.4860422835328,6.566991329193115,479000,0.0,0.0
1998-12-22,6.556875051728713,6.577112320406887,6.5164005143723625,6.536637783050537,419600,0.0,0.0
1998-12-23,6.587230954745975,6.627705492102325,6.536637783050537,6.536637783050537,379400,0.0,0.0
1998-12-24,6.516398283492687,6.56699143786763,6.516398283492687,6.526516914367676,195000,0.0,0.0
1998-12-28,6.556875051728713,6.6175868577632375,6.5164005143723625,6.536637783050537,637000,0.0,0.0
1998-12-29,6.536637633440114,6.5568749016551,6.496163097010145,6.546756267547607,371800,0.0,0.0
1998-12-30,6.516401593930253,6.556876137991932,6.486045685883994,6.496164321899414,429000,0.0,0.0
1998-12-31,6.4556864982427555,6.577110068742619,6.4556864982427555,6.526516914367676,494200,0.0,0.0
1999-01-04,6.496163793374564,6.65806195644932,6.475926522990219,6.627706050872803,607400,0.0,0.0
1999-01-05,6.607469105139011,6.637825012207031,6.587231833760332,6.637825012207031,407800,0.0,0.0
1999-01-06,6.6580607898242485,6.759247124016106,6.6580607898242485,6.739009857177734,605400,0.0,0.0
1999-01-07,6.718774948005043,6.728893584974931,6.637825852245947,6.708656311035156,184800,0.0,0.0
1999-01-08,6.698535891693532,6.718773160248497,6.658061354583601,6.668179988861084,294600,0.0,0.0
1999-01-11,6.698537826538085,6.708656463738294,6.647944640537043,6.698537826538086,537800,0.0,0.0
1999-01-12,6.678297816801217,6.678297816801217,6.637823284578179,6.658060550689697,455400,0.0,0.0
1999-01-13,6.5164013839349515,6.688418190653731,6.475926841177592,6.637825012207031,505000,0.0,0.0
1999-01-14,6.658059340256911,6.658059340256911,6.566991659311148,6.577110290527344,329000,0.0,0.0
1999-01-15,6.556874543660165,6.6782981463205395,6.50628137588501,6.50628137588501,309800,0.0,0.0
1999-01-19,6.577113520246299,6.7187744268362195,6.566994884061305,6.64794397354126,360200,0.0,0.0
1999-01-20,6.688418133198234,6.789604489222413,6.678299497595817,6.769367218017578,630800,0.0,0.0
1999-01-21,6.728890452556268,6.779483613853683,6.688415923518336,6.759246349334717,376600,0.0,0.0
1999-01-22,6.718770789806207,6.749126681928826,6.566991329193115,6.566991329193115,492600,0.0,0.0
1999-01-25,6.5568756045275975,6.65806195644932,6.5568756045275975,6.627706050872803,538600,0.0,0.0
1999-01-26,6.587231335194516,6.637824509811986,6.577112700271022,6.607468605041504,413000,0.0,0.0
1999-01-27,6.607469105139011,6.6580622835857115,6.577113198070991,6.637825012207031,984000,0.0,0.0
1999-01-28,6.637825012207031,6.6580622835857115,6.597350469449672,6.637825012207031,540000,0.0,0.0
1999-01-29,6.607468605041504,6.637824509811986,6.556875430424034,6.607468605041504,1958400,0.0,0.0
1999-02-01,6.566993646086257,6.708654525971014,6.556875011808774,6.668179988861084,1757600,0.0,0.0
1999-02-02,6.647942815821595,6.647942815821595,6.5973496437072745,6.597349643707275,1706800,0.0,0.0
1999-02-03,6.617587036556668,6.6277056711691404,6.556875228881836,6.556875228881836,642400,0.0,0.0
1999-02-04,6.546756267547607,6.597349438085069,6.47592582879516,6.546756267547607,423000,0.0,0.0
1999-02-05,6.536638561983286,6.5568758330730175,6.475926748714092,6.516401290893555,696400,0.0,0.0
1999-02-08,6.5164005683243635,6.5973496437072745,6.45568876178718,6.597349643707275,536200,0.0,0.0
1999-02-09,6.627708112063393,6.6378267504024215,6.597352197046309,6.617589473724365,824400,0.0,0.0
1999-02-10,6.637824181398731,6.73901052562737,6.587231009284411,6.597349643707275,807200,0.0,0.0
1999-02-11,6.597349970118009,6.6175872399649975,6.536638160577047,6.607468605041504,339800,0.0,0.0
1999-02-12,6.587230803977577,6.617586706300054,6.536637633440114,6.546756267547607,594800,0.0,0.0
1999-02-16,6.556874543660165,6.577111810770228,6.486044108774948,6.50628137588501,340800,0.0,0.0
1999-02-17,6.536637633440114,6.566993535762592,6.51640036522513,6.546756267547607,2173800,0.0,0.0
1999-02-18,6.536637633440114,6.597349438085069,6.526518999332622,6.546756267547607,528600,0.0,0.0
1999-02-19,6.496163097010145,6.597349438085069,6.4556885605801755,6.546756267547607,559800,0.0,0.0
1999-02-22,6.5467580423193965,6.5973512265722505,6.516402131767683,6.58723258972168,382000,0.0,0.0
1999-02-23,6.5568756045275975,6.637824686064975,6.5568756045275975,6.627706050872803,358800,0.0,0.0
1999-02-24,6.6580622835857115,6.688418190653731,6.617587740828352,6.637825012207031,395400,0.0,0.0
1999-02-25,6.637824686064975,6.65806195644932,6.617587415680631,6.627706050872803,249400,0.0,0.0
1999-02-26,6.617587740828352,6.637825012207031,6.556875926692312,6.637825012207031,247200,0.0,0.0
1999-03-01,6.597347552959735,6.617584815392127,6.556873028094952,6.577110290527344,390000,0.0,0.0
1999-03-02,6.5568756045275975,6.678299226833664,6.5467569693354255,6.627706050872803,247800,0.0,0.0
1999-03-03,6.627708112063393,6.64794538874145,6.597352197046309,6.617589473724365,589000,0.0,0.0
1999-03-04,6.617587740828352,6.647943647896372,6.577113198070991,6.637825012207031,586600,0.0,0.0
1999-03-05,6.658059340256911,6.658059340256911,6.556873028094952,6.577110290527344,431400,0.0,0.0
1999-03-08,6.5568762478763105,6.678299882096242,6.5568762478763105,6.64794397354126,256600,0.0,0.0
1999-03-09,6.647941917633938,6.678297816801217,6.597348752355141,6.658060550689697,652200,0.0,0.0
1999-03-10,6.637824181398731,6.637824181398731,6.546756471592955,6.597349643707275,374800,0.0,0.0
1999-03-11,6.5973496437072745,6.617586912553003,6.566993740438683,6.597349643707275,383400,0.0,0.0
1999-03-12,6.577109959900655,6.627703113438352,6.556872698485576,6.566991329193115,363400,0.0,0.0
1999-03-15,6.556876679169967,6.5973512265722505,6.536639405468825,6.58723258972168,245400,0.0,0.0
1999-03-16,6.607468278130139,6.617586912553003,6.556875106015819,6.597349643707275,690800,0.0,0.0
1999-03-17,6.601056776163768,6.7143354415893555,6.590758715670533,6.7143354415893555,708200,0.355,0.0
1999-03-18,6.683440502715878,6.745228858673189,6.66284438406344,6.724632740020752,756400,0.0,0.0
1999-03-19,6.724634546944589,6.807019043691231,6.724634546944589,6.7967209815979,610200,0.0,0.0
1999-03-22,6.776125051626345,6.858509550734264,6.755528926849365,6.755528926849365,323400,0.0,0.0
1999-03-23,6.714336677295406,6.786423114014835,6.683442490129936,6.755528926849365,555400,0.0,0.0
1999-03-24,6.75552615477769,6.786420329266003,6.714333922126607,6.734930038452148,885000,0.0,0.0
1999-03-25,6.67314244338966,6.734930799346971,6.67314244338966,6.724632740020752,687600,0.0,0.0
1999-03-26,6.714336859135469,6.858509736478869,6.673144608465926,6.817317485809326,380200,0.0,0.0
1999-03-29,6.807016461680619,6.81731451986773,6.693737821622394,6.7864203453063965,294200,0.0,0.0
1999-03-30,6.755526170745062,6.807016461680619,6.714333937996616,6.7864203453063965,240400,0.0,0.0
1999-03-31,6.76582679531791,6.837913229971221,6.724634546944589,6.7967209815979,415800,0.0,0.0
1999-04-01,6.786420329266003,6.868804794568169,6.724631980289377,6.734930038452148,325800,0.0,0.0
1999-04-05,6.734932802072386,6.827615363568794,6.7246347396838955,6.755528926849365,295200,0.0,0.0
1999-04-06,6.755528926849365,6.837913425957284,6.7246347396838955,6.755528926849365,377400,0.0,0.0
1999-04-07,6.796719155304283,6.817315273956719,6.704036621368315,6.724632740020752,964000,0.0,0.0
1999-04-08,6.714335057185247,6.714335057185247,6.652546697763296,6.69373893737793,728200,0.0,0.0
1999-04-09,6.7143354415893555,6.745229623069061,6.631950957643474,6.7143354415893555,600400,0.0,0.0
1999-04-12,6.734932609037919,6.827615167877891,6.6834422985712685,6.7967209815979,364800,0.0,0.0
1999-04-13,6.796721176403325,6.807019238791815,6.714336677295406,6.755528926849365,449000,0.0,0.0
1999-04-14,6.755529109805011,6.8379136111440975,6.714336859135469,6.817317485809326,722000,0.0,0.0
1999-04-15,6.8276144103331715,7.08506593410139,6.8276144103331715,7.012979507446289,777600,0.0,0.0
1999-04-16,7.085063657281119,7.394005386523029,7.085063657281119,7.373409271240234,844400,0.0,0.0
1999-04-19,7.414605794859327,7.569076748918896,7.373413540443441,7.476394176483154,1136600,0.0,0.0
1999-04-20,7.455794618007718,7.466092676872369,7.394006264819809,7.445496559143066,602600,0.0,0.0
1999-04-21,7.44550138948391,7.579376241576981,7.435203323938289,7.527885913848877,1194600,0.0,0.0
1999-04-22,7.52787947976043,7.702946444406021,7.52787947976043,7.641158103942871,550800,0.0,0.0
1999-04-23,7.630860462477315,7.6411585197816025,7.435197373695845,7.486687660217285,516800,0.0,0.0
1999-04-26,7.4866887946016725,7.53817908892493,7.373410147090505,7.445496559143066,298800,0.0,0.0
1999-04-27,7.414603219905369,7.455795460015954,7.2086420193524425,7.311622619628906,393600,0.0,0.0
1999-04-28,7.352814029361202,7.455794618007718,7.332217911631899,7.445496559143066,374000,0.0,0.0
1999-04-29,7.466094108677176,7.47639216951673,7.394007682800293,7.394007682800293,362400,0.0,0.0
1999-04-30,7.435203101183918,7.661760536400048,7.435203101183918,7.62056827545166,844600,0.0,0.0
1999-05-03,7.610270210214564,7.744145058296822,7.579376014503273,7.62056827545166,404800,0.0,0.0
1999-05-04,7.579376097482755,7.682356750981162,7.579376097482755,7.651462554931641,235800,0.0,0.0
1999-05-05,7.6205622066151015,7.713244719938799,7.579369978471236,7.702946662902832,266600,0.0,0.0
1999-05-06,7.641158320687034,7.775033062154597,7.641158320687034,7.702946662902832,454800,0.0,0.0
1999-05-07,7.702949999504794,7.898613167941413,7.702949999504794,7.8059306144714355,1422800,0.0,0.0
1999-05-10,7.7956329326880605,7.950103862662064,7.785334870689793,7.826527118682861,764800,0.0,0.0
1999-05-11,7.82652837211953,7.867720626709632,7.75444192658685,7.764739990234375,637000,0.0,0.0
1999-05-12,7.744146213858181,7.826530748048161,7.692655879989443,7.816232681274414,442000,0.0,0.0
1999-05-13,7.8059306151046846,7.816228676602185,7.661757754139691,7.7544403076171875,590400,0.0,0.0
1999-05-14,7.713244828022272,7.7647351139236225,7.661754542120922,7.7338409423828125,334200,0.0,0.0
1999-05-17,7.641158320687034,7.764735005118631,7.630860263651068,7.702946662902832,660200,0.0,0.0
1999-05-18,7.682350330918305,7.723542557893738,7.599965876967438,7.641158103942871,525000,0.0,0.0
1999-05-19,7.6411616311446915,7.764738369114687,7.620565508149692,7.7544403076171875,671200,0.0,0.0
1999-05-20,7.764739990234375,7.805932244824478,7.702951608349221,7.764739990234375,525000,0.0,0.0
1999-05-21,7.764737321209434,7.805929561640253,7.702948960563205,7.775035381317139,374400,0.0,0.0
1999-05-24,7.7647377074234125,7.908910556102362,7.7647377074234125,7.8471221923828125,477800,0.0,0.0
1999-05-25,7.83682460859515,7.9295071598137525,7.826526547348639,7.898612976074219,938600,0.0,0.0
1999-05-26,7.867718600098939,7.888314722088727,7.785334112139788,7.836824417114258,480600,0.0,0.0
1999-05-27,7.8059307078468585,7.929507447285067,7.764738461367456,7.888315200805664,599800,0.0,0.0
1999-05-28,7.847122669841662,7.90891103732073,7.83682460859515,7.898612976074219,429000,0.0,0.0
1999-06-01,7.878017139185814,7.9089113240453655,7.8574210159461115,7.888315200805664,412200,0.0,0.0
1999-06-02,7.898612976074219,7.9295071598137525,7.847122669841662,7.898612976074219,344000,0.0,0.0
1999-06-03,7.888314914827707,7.970699404799798,7.878016853581196,7.898612976074219,475200,0.0,0.0
1999-06-04,7.867723015143152,7.867723015143152,7.785338480953171,7.816232681274414,325800,0.0,0.0
1999-06-07,7.795636547726919,7.826530748048161,7.764742347405676,7.816232681274414,311000,0.0,0.0
1999-06-08,7.7750352817647,7.81622752166809,7.744141101837158,7.744141101837158,230400,0.0,0.0
1999-06-09,7.744143862939324,7.805932244824478,7.744143862939324,7.764739990234375,152800,0.0,0.0
1999-06-10,7.754436948082664,7.795629176226529,7.6720524917949335,7.702946662902832,371600,0.0,0.0
1999-06-11,7.702952881680844,7.775039339129728,7.620568358882118,7.651462554931641,173000,0.0,0.0
1999-06-14,7.641161153633098,7.641161153633098,7.57937278850938,7.599968910217285,311200,0.0,0.0
1999-06-15,7.6205670991690155,7.82652837211953,7.579374844578913,7.764739990234375,852800,0.0,0.0
1999-06-16,7.716221901927033,7.862600095188521,7.663943975762215,7.758044242858887,1009400,0.355,0.0
1999-06-17,7.737138173885501,7.778960542392991,7.632582252616778,7.674404621124268,372800,0.0,0.0
1999-06-18,7.632578849792481,7.716223549516235,7.611667674861542,7.6325788497924805,2335200,0.0,0.0
1999-06-21,7.6325811630438185,7.695314706849658,7.548936437969365,7.590758800506592,557600,0.0,0.0
1999-06-22,7.528021496296585,7.643032935823339,7.486199154650493,7.601210594177246,315600,0.0,0.0
1999-06-23,7.56984611363292,7.622124056406628,7.486201405194987,7.5489349365234375,542800,0.0,0.0
1999-06-24,7.528023759413954,7.580301702187662,7.486201405194987,7.5489349365234375,584200,0.0,0.0
1999-06-25,7.486199195775608,7.528021537651449,7.360732170148085,7.402554512023926,520800,0.0,0.0
1999-06-28,7.38164698782046,7.6325811630438185,7.38164698782046,7.590758800506592,511600,0.0,0.0
1999-06-29,7.548934876835894,7.590757230724181,7.507112522947606,7.517568111419678,302600,0.0,0.0
1999-06-30,7.507111612867548,7.674401008140363,7.507111612867548,7.538478374481201,606600,0.0,0.0
1999-07-01,7.517568111419679,7.538479288363822,7.465290169059319,7.517568111419678,1412200,0.0,0.0
1999-07-02,7.486201346003463,7.52802369989175,7.486201346003463,7.517568111419678,601400,0.0,0.0
1999-07-06,7.517571035757104,7.569848998453607,7.444381887982001,7.559393405914307,828800,0.0,0.0
1999-07-07,7.51756835354774,7.559390708783054,7.392101287841797,7.392101287841797,595200,0.0,0.0
1999-07-08,7.392098211627293,7.392098211627293,7.256175613676579,7.297997951507568,992800,0.0,0.0
1999-07-09,7.298001643171536,7.517569027851482,7.298001643171536,7.496657848358154,529000,0.0,0.0
1999-07-12,7.5698451360948535,7.5698451360948535,7.496656025662998,7.538478374481201,434600,0.0,0.0
1999-07-13,7.5384802073448105,7.5384802073448105,7.444379899624833,7.496657848358154,217200,0.0,0.0
1999-07-14,7.46529150840848,7.486202689104302,7.193446159362794,7.193446159362793,4284000,0.0,0.0
1999-07-15,7.224813002382399,7.266635364190692,7.214357411930327,7.235268592834473,636800,0.0,0.0
1999-07-16,7.266636338584867,7.266636338584867,7.23526956302263,7.245725154876709,288600,0.0,0.0
1999-07-19,7.23526767763693,7.277090034155062,7.23526767763693,7.256178855895996,441400,0.0,0.0
1999-07-20,7.172534978666971,7.214357340058616,7.172534978666971,7.193446159362793,615600,0.0,0.0
1999-07-21,7.203900696767023,7.203900696767023,7.130711575029186,7.141167163848877,1094200,0.0,0.0
1999-07-22,7.099343321603888,7.141165668122909,7.067976561714621,7.109798908233643,383200,0.0,0.0
1999-07-23,7.099343321603888,7.120254494863398,7.099343321603888,7.109798908233643,260800,0.0,0.0
1999-07-26,7.02615589090527,7.099345014768866,6.984333534411785,6.994789123535156,1441800,0.0,0.0
1999-07-27,7.02615589090527,7.036611480028641,6.984333534411785,6.994789123535156,251600,0.0,0.0
1999-07-28,6.963423161932271,6.973878752265502,6.837956077933492,6.911145210266113,944200,0.0,0.0
1999-07-29,6.869322758622285,6.900689529209602,6.848411578230741,6.858867168426514,838000,0.0,0.0
1999-07-30,6.858867258599955,6.973878752265502,6.858867258599955,6.911145210266113,2033600,0.0,0.0
1999-08-02,6.942511908358453,6.942511908358453,6.8065892354538455,6.869322776794434,874200,0.0,0.0
1999-08-03,6.869322703771898,6.879778293884184,6.827500343322754,6.827500343322754,377200,0.0,0.0
1999-08-04,6.837953589344753,6.890231521985004,6.806586829760603,6.848409175872803,578000,0.0,0.0
1999-08-05,6.848411596347571,6.890233957241296,6.83795600612414,6.869322776794434,1563400,0.0,0.0
1999-08-06,6.869323357198033,6.96342367715965,6.869323357198033,6.932056903839111,866200,0.0,0.0
1999-08-09,6.921600434733652,6.984333973417039,6.921600434733652,6.973878383636475,568000,0.0,0.0
1999-08-10,7.047067146244587,7.067978324720091,7.005244789293581,7.036611557006836,678200,0.0,0.0
1999-08-11,7.005244294802348,7.057522237300873,6.942510763804118,7.026155471801758,550000,0.0,0.0
1999-08-12,6.984333852984815,7.193445644990348,6.984333852984815,7.172534465789795,1249200,0.0,0.0
1999-08-13,7.182987304223774,7.318909916967455,7.182987304223774,7.224809646606445,269800,0.0,0.0
1999-08-16,7.193445719843325,7.256179258097773,7.151623361007027,7.214356899261475,195000,0.0,0.0
1999-08-17,7.256177446653518,7.266633033752441,7.172532749862122,7.266633033752441,387200,0.0,0.0
1999-08-18,7.235266272455669,7.277088620851366,7.193443924059971,7.266633033752441,217800,0.0,0.0
1999-08-19,7.2457257723196955,7.3398261070251465,7.235270179574646,7.3398261070251465,173000,0.0,0.0
1999-08-20,7.297997048241752,7.360730547223773,7.287541465078082,7.318908214569092,360800,0.0,0.0
1999-08-23,7.360733488036762,7.371189075377723,7.318911138672917,7.350277900695801,240600,0.0,0.0
1999-08-24,7.339823760769584,7.360734939575195,7.329368171366778,7.360734939575195,139800,0.0,0.0
1999-08-25,7.339823607740731,7.3502791969255465,7.26663448344702,7.277090072631836,177800,0.0,0.0
1999-08-26,7.235268592834473,7.29800213554691,7.214357411930327,7.235268592834473,296200,0.0,0.0
1999-08-27,7.235268520754437,7.235268520754437,7.193446159362794,7.193446159362793,434800,0.0,0.0
1999-08-30,7.224811913845313,7.2352675027220785,7.141167202831185,7.162078380584717,482000,0.0,0.0
1999-08-31,7.172534330324694,7.360734939575195,7.151623151519082,7.360734939575195,438200,0.0,0.0
1999-09-01,7.318911138672917,7.371189075377723,7.2875443766500325,7.350277900695801,430600,0.0,0.0
1999-09-02,7.318914921535046,7.350281699770196,7.277092550554846,7.3398261070251465,621400,0.0,0.0
1999-09-03,7.339823343797654,7.44437923188594,7.339823343797654,7.392101287841797,456000,0.0,0.0
1999-09-07,7.413012981414796,7.444379750024449,7.402557391878244,7.413012981414795,239000,0.0,0.0
1999-09-08,7.371187755617044,7.423465682961846,7.360732170148085,7.402554512023926,243400,0.0,0.0
1999-09-09,7.360733633981623,7.444378334367778,7.360733633981623,7.42346715927124,145400,0.0,0.0
1999-09-10,7.433921268430806,7.444376853899767,7.392098926554965,7.402554512023926,103000,0.0,0.0
1999-09-13,7.402559663495446,7.413015256240497,7.277092550554846,7.3398261070251465,306600,0.0,0.0
1999-09-14,7.3502791969255465,7.39210155366481,7.277090072631835,7.277090072631836,139200,0.0,0.0
1999-09-15,7.308452631405422,7.371186130387443,7.266630298750742,7.318908214569092,620400,0.0,0.0
1999-09-16,7.309973083693406,7.427017776445411,7.309973083693406,7.405736923217773,870400,0.38,0.0
1999-09-17,7.405736080055073,7.448297781664585,7.3844552292503165,7.437657356262207,1125200,0.0,0.0
1999-09-20,7.458941170269652,7.458941170269652,7.405739022122223,7.416379451751709,1260200,0.0,0.0
1999-09-21,7.405735348546227,7.416375772897587,7.299331105032632,7.320611953735352,343600,0.0,0.0
1999-09-22,7.320616435589395,7.3418972973207595,7.320616435589395,7.331256866455078,159000,0.0,0.0
1999-09-23,7.3312552529151995,7.405738252581973,7.320614824391376,7.373816967010498,333200,0.0,0.0
1999-09-24,7.363175355793794,7.384456209423256,7.256771087646484,7.256771087646484,462400,0.0,0.0
1999-09-27,7.278053081141109,7.278053081141109,7.161008367847904,7.214210510253906,235200,0.0,0.0
1999-09-28,7.192927360534668,7.224848635803313,7.161006085266023,7.192927360534668,247000,0.0,0.0
1999-09-29,7.192928010509128,7.224849288662274,7.1290854542028335,7.150366306304932,377400,0.0,0.0
1999-09-30,7.139727510885503,7.2248509387351065,7.129087082404302,7.214210510253906,397400,0.0,0.0
1999-10-01,7.22485381533097,7.235494248048689,7.15037078630694,7.161011219024658,220000,0.0,0.0
1999-10-04,7.129086992319893,7.2461317041341,7.129086992319893,7.2354912757873535,329800,0.0,0.0
1999-10-05,7.256771087646484,7.309973221720139,7.214209380387561,7.256771087646484,404800,0.0,0.0
1999-10-06,7.2567694076271945,7.320611953735352,7.246128983275835,7.320611953735352,323400,0.0,0.0
1999-10-07,7.320614702561323,7.363176415948307,7.192929562400369,7.2354912757873535,446200,0.0,0.0
1999-10-08,7.150366656751517,7.171647509896611,7.065243244171143,7.065243244171143,2180400,0.0,0.0
1999-10-11,7.107804602100735,7.214208862611225,7.097164176049687,7.150366306304932,187000,0.0,0.0
1999-10-12,7.118448255323869,7.192931271448334,7.086526962699098,7.171650409698486,215600,0.0,0.0
1999-10-13,7.150369453714431,7.182290745918513,7.107807730775654,7.139729022979736,498000,0.0,0.0
1999-10-14,7.17164715840703,7.192928010509128,7.107804602100735,7.150366306304932,168000,0.0,0.0
1999-10-15,7.1078059894672085,7.118446417595154,6.9907612800598145,6.9907612800598145,410200,0.0,0.0
1999-10-18,7.0014017081877595,7.033322992571595,6.969480423803925,6.9907612800598145,187200,0.0,0.0
1999-10-19,7.001399404219999,7.012039828846473,6.937556856461153,6.969478130340576,182200,0.0,0.0
1999-10-20,6.958838613643203,6.969479039657948,6.863074779510498,6.863074779510498,639600,0.0,0.0
1999-10-21,6.852435409286875,6.937558830520253,6.841794981632703,6.8949971199035645,237400,0.0,0.0
1999-10-22,6.87371626459522,6.8949971199035645,6.87371626459522,6.8949971199035645,155600,0.0,0.0
1999-10-25,6.8949971199035645,6.948199258174425,6.87371626459522,6.8949971199035645,185600,0.0,0.0
1999-10-26,6.894996253329534,6.905636679646401,6.873715400695802,6.873715400695801,427400,0.0,0.0
1999-10-27,6.873716931864735,6.958840361361512,6.873716931864735,6.905638217926025,229200,0.0,0.0
1999-10-28,6.87371627842668,6.98012055518251,6.8630758507510965,6.948199272155762,551800,0.0,0.0
1999-10-29,6.980120318174719,7.15036715520337,6.980120318174719,7.118445873260498,684200,0.0,0.0
1999-11-01,7.150368313259548,7.278053461710612,7.129087455184371,7.1822896003723145,291600,0.0,0.0
1999-11-02,7.15036521609134,7.288690733664536,7.15036521609134,7.246129035949707,256400,0.0,0.0
1999-11-03,7.278050309235828,7.309971582521951,7.235488611520999,7.246129035949707,207800,0.0,0.0
1999-11-04,7.235494248048689,7.256775113484126,7.161011219024658,7.161011219024658,159800,0.0,0.0
1999-11-05,7.203569291774824,7.235490573717696,7.086524591317626,7.118445873260498,209200,0.0,0.0
1999-11-08,7.129085715468581,7.150366568350577,7.0439623039405985,7.08652400970459,296000,0.0,0.0
1999-11-09,7.086523447208062,7.192927703172147,7.086523447208062,7.107804298400879,337000,0.0,0.0
1999-11-10,7.086523728034664,7.150366284143085,7.075883302016595,7.097164154052734,395600,0.0,0.0
1999-11-11,7.097166821743825,7.107807251761432,7.022683811620577,7.033324241638184,225600,0.0,0.0
1999-11-12,7.06524178326944,7.06524178326944,6.926916266428321,7.012039661407471,426800,0.0,0.0
1999-11-15,6.937560367144747,6.969481657177622,6.873717787078998,6.926919937133789,703400,0.0,0.0
1999-11-16,6.9162768226871165,6.937557674449231,6.873715119162887,6.884355545043945,444000,0.0,0.0
1999-11-17,6.9056375475577365,6.948199258174425,6.8949971199035645,6.8949971199035645,509200,0.0,0.0
1999-11-18,6.894997586358576,6.9269188714806065,6.841795444488525,6.841795444488525,394000,0.0,0.0
1999-11-19,6.873715843044736,6.873715843044736,6.767311573028564,6.7673115730285645,779400,0.0,0.0
1999-11-22,6.809874148951803,6.852435862382752,6.7673124355208545,6.788593292236328,632200,0.0,0.0
1999-11-23,6.788592427031799,6.82051370803665,6.7353902920237125,6.7673115730285645,631400,0.0,0.0
1999-11-24,6.767311945910703,6.767311945910703,6.703469380383243,6.735390663146973,472200,0.0,0.0
1999-11-26,6.746030719025329,6.7992328540334155,6.7353902920237125,6.7673115730285645,136600,0.0,0.0
1999-11-29,6.799232482910155,6.809872909330985,6.7885920564893265,6.799232482910156,258400,0.0,0.0
1999-11-30,6.809874159366495,6.841795444488525,6.788593302618474,6.841795444488525,423600,0.0,0.0
1999-12-01,6.809876234888666,7.00140400399491,6.809876234888666,6.9588422775268555,566800,0.0,0.0
1999-12-02,6.916277975211909,6.980120541136942,6.8949971199035645,6.8949971199035645,356200,0.0,0.0
1999-12-03,6.916277320838414,6.969479454075632,6.894996467543526,6.937558174133301,428600,0.0,0.0
1999-12-06,6.937556856461153,7.001399404219999,6.926916431834679,6.969478130340576,315200,0.0,0.0
1999-12-07,6.937558844480178,6.969480127506928,6.937558844480178,6.948199272155762,292800,0.0,0.0
1999-12-08,6.990760968791114,6.990760968791114,6.8949971199035645,6.8949971199035645,643600,0.0,0.0
1999-12-09,6.894996820769696,6.894996820769696,6.852435111999512,6.852435111999512,282200,0.0,0.0
1999-12-10,6.841792916876124,6.873714190205251,6.746029096888744,6.756669521331787,436600,0.0,0.0
1999-12-13,6.799233032932764,6.809873460214349,6.72475004196167,6.72475004196167,519600,0.0,0.0
1999-12-14,6.724751853033166,6.809875294210801,6.692830562591553,6.692830562591553,1141800,0.0,0.0
1999-12-15,6.6821887945634515,6.703469650597094,6.52258237431114,6.671548366546631,1301400,0.0,0.0
1999-12-16,6.6190292389412235,6.705836179779797,6.6190292389412235,6.673283576965332,558800,0.38,0.0
1999-12-17,6.66243469048731,7.020513427923925,6.66243469048731,6.9879608154296875,917000,0.0,0.0
1999-12-20,6.987960118119435,7.118170555103027,6.977109248370803,7.063916206359863,996400,0.0,0.0
1999-12-21,7.031361103057862,7.085615432556765,6.944554175859617,7.031361103057861,787200,0.0,0.0
1999-12-22,6.944556822116786,7.085618132566033,6.944556822116786,6.977109432220459,385400,0.0,0.0
1999-12-23,6.977107949942259,7.129020098152511,6.966257082212955,7.0964674949646,351400,0.0,0.0
1999-12-27,7.053065336611231,7.1290214248516595,7.031363597113966,7.063916206359863,313800,0.0,0.0
1999-12-28,7.085619854030752,7.2483829440927146,7.020514618005968,7.215830326080322,432000,0.0,0.0
1999-12-29,7.2483802596134925,7.313485471526188,7.204976785005028,7.270081996917725,334600,0.0,0.0
1999-12-30,7.248381026726557,7.356889724731445,7.226679287125579,7.356889724731445,289800,0.0,0.0
1999-12-31,7.313486896531648,7.411144733428955,7.313486896531648,7.411144733428955,230800,0.0,0.0
2000-01-03,7.367741923155608,7.378592794912833,7.270084077340585,7.324338436126709,305200,0.0,0.0
2000-01-04,7.270081996917725,7.280932865569841,7.204976785005028,7.270081996917725,492600,0.0,0.0
2000-01-05,7.204978223432574,7.421995639801025,7.204978223432574,7.421995639801025,580400,0.0,0.0
2000-01-06,7.378591462948215,7.541354509925014,7.378591462948215,7.497951030731201,687600,0.0,0.0
2000-01-07,7.552206321196122,7.693267646160993,7.541355450044978,7.639013290405273,724400,0.0,0.0
2000-01-10,7.639012518319156,7.725819478754601,7.617310778210294,7.693266868591309,626600,0.0,0.0
2000-01-11,7.704117592344893,7.725819332041639,7.606459763709535,7.649863243103027,530800,0.0,0.0
2000-01-12,7.649862654188759,7.660713523201792,7.59560830912359,7.617310047149658,430400,0.0,0.0
2000-01-13,7.617312156501352,7.62816302851916,7.530505180358887,7.530505180358887,453200,0.0,0.0
2000-01-14,7.487095486034047,7.573902390219949,7.400288581848145,7.4002885818481445,437000,0.0,0.0
2000-01-18,7.378588033145701,7.389438897900327,7.259228520844815,7.335184574127197,669600,0.0,0.0
2000-01-19,7.291785014044378,7.378591978497287,7.291785014044378,7.367741107940674,673600,0.0,0.0
2000-01-20,7.335189307883933,7.443698025456181,7.324338436126709,7.324338436126709,439600,0.0,0.0
2000-01-21,7.3243325406854805,7.400288581848145,7.313481677662243,7.4002885818481445,338200,0.0,0.0
2000-01-24,7.378592759989844,7.389443631695711,7.302636658048772,7.313487529754639,465600,0.0,0.0
2000-01-25,7.30263614654541,7.356890501274574,7.291785275599578,7.30263614654541,708600,0.0,0.0
2000-01-26,7.291785786342904,7.356891016578109,7.161575325872495,7.313487529754639,875400,0.0,0.0
2000-01-27,7.291781115108693,7.335184574127197,7.237526791335562,7.335184574127197,362000,0.0,0.0
2000-01-28,7.346038077482536,7.346038077482536,7.22667852230926,7.270081996917725,330800,0.0,0.0
2000-01-31,7.291783022593303,7.302633890186448,7.2049760818481445,7.2049760818481445,419400,0.0,0.0
2000-02-01,7.204976388386318,7.291783332824707,7.194125520331519,7.291783332824707,365800,0.0,0.0
2000-02-02,7.248382195985797,7.324338296841935,7.248382195985797,7.280934810638428,374400,0.0,0.0
2000-02-03,7.2483787136278055,7.302633045316636,7.204975248276741,7.237527847290039,992000,0.0,0.0
2000-02-04,7.21582900264306,7.280934226727058,7.21582900264306,7.248381614685059,290800,0.0,0.0
2000-02-07,7.183274423753892,7.270081365430677,7.183274423753892,7.226677894592285,254800,0.0,0.0
2000-02-08,7.2375293909613765,7.291783734221957,7.215827653657144,7.270081996917725,533600,0.0,0.0
2000-02-09,7.280931312641104,7.29178217897887,7.2266769809522735,7.237527847290039,282800,0.0,0.0
2000-02-10,7.204974761264015,7.237527358076955,7.096466105220882,7.107316970825195,554400,0.0,0.0
2000-02-11,7.118168030256107,7.183273225654791,7.020510237158081,7.031361103057861,921000,0.0,0.0
2000-02-14,6.770942402777271,7.03136326442255,6.770942402777271,6.9662580490112305,693800,0.0,0.0
2000-02-15,6.944556822116786,6.987960302255016,6.922855082047671,6.977109432220459,665400,0.0,0.0
2000-02-16,6.933704814940785,6.966257419705765,6.890301341920811,6.922853946685791,741600,0.0,0.0
2000-02-17,6.933705622465453,6.933705622465453,6.879451274871826,6.879451274871826,1126000,0.0,0.0
2000-02-18,6.879450835580901,6.912003442058413,6.868599966755063,6.890301704406738,524000,0.0,0.0
2000-02-22,6.868600405353101,6.912003883428002,6.868600405353101,6.879451274871826,489000,0.0,0.0
2000-02-23,6.92285721856843,6.944558965335102,6.879453725035086,6.901155471801758,408200,0.0,0.0
2000-02-24,6.901151980025858,6.933704583705226,6.857748508453369,6.857748508453369,468200,0.0,0.0
2000-02-25,6.868599376346491,6.901151980025858,6.836046772667124,6.857748508453369,718600,0.0,0.0
2000-02-28,6.857748871577373,6.857748871577373,6.814345397706631,6.825196266174316,407000,0.0,0.0
2000-02-29,6.814346707482852,6.944557154122652,6.770943225269586,6.933706283569336,1129000,0.0,0.0
2000-03-01,6.944558143615723,6.966259887814521,6.868602038919926,6.944558143615723,338600,0.0,0.0
2000-03-02,6.857751670754086,6.987962145515239,6.846900797857323,6.955409526824951,580800,0.0,0.0
2000-03-03,6.944558653928189,6.987962145515239,6.933707781031425,6.955409526824951,715200,0.0,0.0
2000-03-06,6.901155162341137,6.9662603997217145,6.901155162341137,6.955409526824951,324800,0.0,0.0
2000-03-07,6.944556310540791,6.9662580490112305,6.901152833599911,6.9662580490112305,1015200,0.0,0.0
2000-03-08,6.912003213915802,6.944555819318859,6.814345397706631,6.825196266174316,686800,0.0,0.0
2000-03-09,6.825195827938262,6.901151902335031,6.825195827938262,6.8360466957092285,1255400,0.0,0.0
2000-03-10,6.814344960167294,6.868599299022129,6.770941489083427,6.8360466957092285,971200,0.0,0.0
2000-03-13,6.79264406116005,6.814345799374618,6.749240584730912,6.803494930267334,373800,0.0,0.0
2000-03-14,6.825195153808594,6.85774775390625,6.7709408203125,6.781791687011719,648600,0.0,0.0
2000-03-15,6.803494529238945,6.836047134642001,6.792643660771259,6.825196266174316,1478200,0.0,0.0
2000-03-16,6.849095521459154,6.992937592184468,6.849095521459154,6.948678493499756,703000,0.38,0.0
2000-03-17,6.959742984621544,7.026131629943848,6.915483887740008,7.026131629943848,898200,0.0,0.0
2000-03-20,6.981874218469934,7.059327656709695,6.94867988779575,6.992938995361328,532800,0.0,0.0
2000-03-21,6.9708089008927345,7.081456661224365,6.926549796760082,7.081456661224365,270400,0.0,0.0
2000-03-22,7.103586461062722,7.114651237481823,7.059327355386319,7.07039213180542,564800,0.0,0.0
2000-03-23,7.070393045434314,7.114652156829834,7.0593282675854345,7.114652156829834,355200,0.0,0.0
2000-03-24,7.081456612507256,7.147845268249512,7.081456612507256,7.147845268249512,865400,0.0,0.0
2000-03-27,7.070391192353876,7.14784461699625,7.037196867507143,7.048261642456055,1166400,0.0,0.0
2000-03-28,7.059327602386475,7.114651486417716,7.037198048773978,7.059327602386475,302200,0.0,0.0
2000-03-29,7.125716934678714,7.125716934678714,7.070393045434314,7.114652156829834,355800,0.0,0.0
2000-03-30,7.136780246516468,7.158909797668456,7.081456368636495,7.158909797668457,947400,0.0,0.0
2000-03-31,7.136781712527594,7.169976046074234,7.081457823283194,7.114652156829834,678200,0.0,0.0
2000-04-03,7.125716875073356,7.258494208149257,7.081457764048055,7.1810407638549805,1209000,0.0,0.0
2000-04-04,7.214236711507907,7.335949294064022,7.147848030113663,7.236366271972656,1061400,0.0,0.0
2000-04-05,7.236365006658926,7.36914234623065,7.236365006658926,7.313818454742432,1692000,0.0,0.0
2000-04-06,7.302755079657784,7.38020854262385,7.258495957962888,7.335949420928955,963400,0.0,0.0
2000-04-07,7.45766019821167,7.479789753695977,7.3802067540165925,7.45766019821167,554400,0.0,0.0
2000-04-10,7.54617877604315,7.612567445627107,7.457660549931207,7.590437889099121,1161600,0.0,0.0
2000-04-11,7.63469485122792,7.63469485122792,7.535111874907556,7.579370975494385,1167400,0.0,0.0
2000-04-12,7.590438277989368,7.6900212874673635,7.557243941496703,7.678956508636475,2401800,0.0,0.0
2000-04-13,7.701084088056516,7.822796623930972,7.6678897600907545,7.767472743988037,1829000,0.0,0.0
2000-04-14,7.778539680040172,7.8449283544075135,7.656827110366713,7.756410121917725,1112000,0.0,0.0
2000-04-17,7.789597996303013,7.789597996303013,7.568302598680768,7.7453389167785645,606000,0.0,0.0
2000-04-18,7.745341717357366,7.867054230058697,7.734276943475427,7.855989456176758,1607000,0.0,0.0
2000-04-19,7.844924682294819,7.867054230058697,7.7674712651212445,7.855989456176758,712800,0.0,0.0
2000-04-20,7.811734426139605,7.844928765060877,7.789604866858756,7.822799205780029,484200,0.0,0.0
2000-04-24,7.833860572910709,7.933443546295167,7.833860572910709,7.933443546295166,919800,0.0,0.0
2000-04-25,7.955573821201005,7.955573821201005,7.8891851662257535,7.922379493713379,452800,0.0,0.0
2000-04-26,7.955573298594298,7.988767623901368,7.922378973287229,7.988767623901367,1246400,0.0,0.0
2000-04-27,7.922379430486353,8.055156739377185,7.922379430486353,8.010897636413574,441200,0.0,0.0
2000-04-28,7.966634729406336,8.055152893066406,7.966634729406336,8.055152893066406,425000,0.0,0.0
2000-05-01,8.044092357645892,8.143675344191715,8.033027581363024,8.121545791625977,854800,0.0,0.0
2000-05-02,8.143677169100615,8.320713629298455,8.121547611575885,8.210065841674805,961000,0.0,0.0
2000-05-03,8.287517903939538,8.309647457755132,7.977704150521237,8.143675804138184,1188800,0.0,0.0
2000-05-04,8.143673627804487,8.198997497558594,8.055155436197916,8.198997497558594,731600,0.0,0.0
2000-05-05,8.17686794965695,8.221127045460236,8.143673627804487,8.198997497558594,709800,0.0,0.0
2000-05-08,8.187936284150075,8.221130620437169,8.154741947862979,8.210065841674805,382600,0.0,0.0
2000-05-09,8.232188937808044,8.26538324804114,8.187929857497247,8.243253707885742,711800,0.0,0.0
2000-05-10,8.287517867217193,8.287517867217193,8.176870098629513,8.187934875488281,932000,0.0,0.0
2000-05-11,8.22112924249276,8.265388350123946,8.110481473414795,8.143675804138184,542800,0.0,0.0
2000-05-12,8.077286473703449,8.110480801677573,8.010897817755202,8.088351249694824,550000,0.0,0.0
2000-05-15,8.055156889415922,8.132610321044922,8.033027337521924,8.132610321044922,632600,0.0,0.0
2000-05-16,8.143675096991922,8.154739872938922,8.121545545097922,8.132610321044922,567600,0.0,0.0
2000-05-17,8.099415993203923,8.165804648885922,8.088351217256923,8.132610321044922,318800,0.0,0.0
2000-05-18,8.143677914094216,8.210066592741722,8.099418794995877,8.176872253417969,713800,0.0,0.0
2000-05-19,8.143675096991922,8.176869424832923,8.110480769150922,8.132610321044922,629000,0.0,0.0
2000-05-22,8.132610567908847,8.143675344191715,8.066221910211631,8.121545791625977,614800,0.0,0.0
2000-05-23,8.110482464722597,8.132612021242986,8.077288129942014,8.099417686462402,993200,0.0,0.0
2000-05-24,8.07728487253189,8.099414420127868,7.922378039360046,7.966637134552002,770000,0.0,0.0
2000-05-25,7.966638597030214,7.977703372859422,7.900249942054963,7.922379493713379,804800,0.0,0.0
2000-05-26,7.900252114840343,7.933446451457319,7.844928220478716,7.889187335968018,466400,0.0,0.0
2000-05-30,7.867054462432861,7.90024878505916,7.844924914015329,7.867054462432861,640800,0.0,0.0
2000-05-31,7.878120881836621,7.911315211394921,7.844926552278321,7.900250434875488,446400,0.0,0.0
2000-06-01,7.855992999351042,7.944511230329645,7.855992999351042,7.889187335968018,279800,0.0,0.0
2000-06-02,7.867057778223367,7.944511230329645,7.800669104989415,7.889187335968018,313200,0.0,0.0
2000-06-05,7.922378282719428,7.988766927546686,7.844924863754294,7.955572605133057,450800,0.0,0.0
2000-06-06,7.93344584892536,8.066223185309049,7.87812195876549,8.021964073181152,593800,0.0,0.0
2000-06-07,8.066222330041834,8.187934875488281,8.055157553183067,8.187934875488281,850800,0.0,0.0
2000-06-08,8.221130620437169,8.221130620437169,8.154741947862979,8.210065841674805,481200,0.0,0.0
2000-06-09,8.210059397652644,8.276448018118838,8.210059397652644,8.243253707885742,692600,0.0,0.0
2000-06-12,8.221130950087426,8.276454846117623,8.221130950087426,8.237728118896484,175400,0.0,0.0
2000-06-13,8.287520534130598,8.298585314549998,8.210067071194798,8.281988143920898,479000,0.0,0.0
2000-06-14,8.30964657178875,8.586265964990773,8.29858179606067,8.525409698486328,1422800,0.0,0.0
2000-06-15,8.530948128108928,8.564142478801958,8.35391159107943,8.387105941772461,986200,0.0,0.0
2000-06-16,8.388900108337403,8.433880805969238,8.28769353866577,8.433880805969238,733200,0.38,0.0
2000-06-19,8.44512150165527,8.44512150165527,8.310179480323894,8.343914985656738,631000,0.0,0.0
2000-06-20,8.310185267180993,8.50135326385498,8.310185267180993,8.50135326385498,937200,0.0,0.0
2000-06-21,8.411388952359657,8.456369641944468,8.366408262774845,8.42263412475586,488400,0.0,0.0
2000-06-22,8.45637321472168,8.490108746163388,8.411392506132735,8.45637321472168,421000,0.0,0.0
2000-06-23,8.411391282985786,8.467617160545851,8.411391282985786,8.450749397277832,294600,0.0,0.0
2000-06-26,8.445128018488148,8.445128018488148,8.366411778635396,8.417015075683594,419200,0.0,0.0
2000-06-27,8.433881533988957,8.523842937018173,8.422636358610305,8.506975173950195,427000,0.0,0.0
2000-06-28,8.535088112396824,8.557578463154128,8.44512670936761,8.506975173950195,432200,0.0,0.0
2000-06-29,8.535088112396824,8.557578463154128,8.456371884746261,8.506975173950195,532600,0.0,0.0
2000-06-30,8.546328348567442,8.546328348567442,8.208973282176622,8.273633003234863,1555600,0.0,0.0
2000-07-03,8.478859306574662,8.501349649562925,8.411388277609879,8.428256034851074,478800,0.0,0.0
2000-07-05,8.47886179328507,8.681274939543863,8.433881094116447,8.653162002563477,710000,0.0,0.0
2000-07-06,8.62504823754231,8.681274106105167,8.591312716404596,8.636293411254883,824200,0.0,0.0
2000-07-07,8.636293109064304,8.81621588216981,8.636293109064304,8.765612602233887,748400,0.0,0.0
2000-07-10,8.748743176383506,8.771233518739248,8.703762491672023,8.7318754196167,333800,0.0,0.0
2000-07-11,8.748749874799678,8.771240234375,8.726259515224358,8.771240234375,475800,0.0,0.0
2000-07-12,8.748745334479757,8.759990508431532,8.69251946472089,8.698142051696777,737600,0.0,0.0
2000-07-13,8.726253872943714,8.726253872943714,8.658782837843633,8.675650596618652,252400,0.0,0.0
2000-07-14,8.703768137947456,8.703768137947456,8.574448585510254,8.574448585510254,375600,0.0,0.0
2000-07-17,8.6250522834959,8.6250522834959,8.501355314632205,8.523845672607422,702200,0.0,0.0
2000-07-18,8.512600493619814,8.535090851595031,8.478864956656988,8.523845672607422,303400,0.0,0.0
2000-07-19,8.47885966080498,8.523840348660709,8.47885966080498,8.512595176696777,273000,0.0,0.0
2000-07-20,8.512595176696777,8.53508552062464,8.501350004732844,8.512595176696777,743400,0.0,0.0
2000-07-21,8.546331385874378,8.703763806140485,8.535086212998227,8.681273460388184,744400,0.0,0.0
2000-07-24,8.658783269482988,8.759989827178245,8.658783269482988,8.703763961791992,494200,0.0,0.0
2000-07-25,8.681272894029872,8.804969787597656,8.65878254974482,8.804969787597656,628000,0.0,0.0
2000-07-26,8.771239051335973,8.88369083404541,8.748748694794086,8.88369083404541,935600,0.0,0.0
2000-07-27,8.838706540524287,8.984893798828125,8.827461366808608,8.984893798828125,1025800,0.0,0.0
2000-07-28,8.962398923222144,9.018624763392923,8.951153755187988,8.951153755187988,586400,0.0,0.0
2000-07-31,8.906178926166735,8.973649978637695,8.906178926166735,8.973649978637695,626000,0.0,0.0
2000-08-01,8.939911127090454,9.17605972290039,8.90617561340332,9.17605972290039,1067800,0.0,0.0
2000-08-02,9.153572934887784,9.209798812866211,9.097347056909358,9.209798812866211,502600,0.0,0.0
2000-08-03,9.176061814831149,9.209797336209204,9.00738420794087,9.063610076904297,543400,0.0,0.0
2000-08-04,9.108592083579616,9.108592083579616,8.928669276990389,8.973649978637695,526000,0.0,0.0
2000-08-07,9.018628537428244,9.018628537428244,8.838705773589275,8.872441291809082,427200,0.0,0.0
2000-08-08,8.906176672249197,9.086099433304735,8.906176672249197,9.024250984191895,626400,0.0,0.0
2000-08-09,9.074856860382004,9.074856860382004,8.97365027829596,9.018630981445312,271200,0.0,0.0
2000-08-10,8.996138637689263,9.074854850769043,8.984893464392151,9.074854850769043,518000,0.0,0.0
2000-08-11,9.063611481577306,9.153572885860951,9.007385603900026,9.131082534790039,312200,0.0,0.0
2000-08-14,9.086104276875288,9.164820526798712,9.06361391975431,9.142330169677734,362000,0.0,0.0
2000-08-15,9.131077928097888,9.164813437684456,9.131077928097888,9.153568267822266,233800,0.0,0.0
2000-08-16,9.153568267822266,9.176058607546645,9.131077928097888,9.153568267822266,680400,0.0,0.0
2000-08-17,9.198553335739792,9.198553335739792,9.153572634831528,9.164817810058594,234200,0.0,0.0
2000-08-18,9.153572885860951,9.164818061396407,9.119837359254584,9.131082534790039,314800,0.0,0.0
2000-08-21,9.08609978004738,9.131080472027813,9.041119088066948,9.108590126037598,244400,0.0,0.0
2000-08-22,9.086100269905964,9.131080964311439,9.041119575500488,9.041119575500488,207600,0.0,0.0
2000-08-23,9.041118563512327,9.086099252883036,8.827460289001465,8.827460289001465,404600,0.0,0.0
2000-08-24,8.838706038719,8.906177077182504,8.68127361563749,8.703763961791992,492200,0.0,0.0
2000-08-25,8.692517320494153,8.748743176383506,8.636291464604797,8.7318754196167,388400,0.0,0.0
2000-08-28,8.703764361520943,8.726254708708334,8.64753849355246,8.692519187927246,369000,0.0,0.0
2000-08-29,8.703765820691931,8.72625617164979,8.411391258239746,8.411391258239746,769000,0.0,0.0
2000-08-30,8.422635110716024,8.636293411254883,8.422635110716024,8.636293411254883,957400,0.0,0.0
2000-08-31,8.748745148380596,8.77123549580574,8.636293411254883,8.636293411254883,751200,0.0,0.0
2000-09-01,8.726256856401996,8.737502032763338,8.613805092788567,8.619427680969238,360400,0.0,0.0
2000-09-05,8.658783114635883,8.703763806140485,8.61380242313128,8.681273460388184,260400,0.0,0.0
2000-09-06,8.692518633264335,8.715008979016636,8.636292768883582,8.681273460388184,493200,0.0,0.0
2000-09-07,8.703763393232016,8.83870546134414,8.681273048546663,8.827460289001465,2010400,0.0,0.0
2000-09-08,8.827462503225496,9.086101531982422,8.816217328062152,9.086101531982422,648800,0.0,0.0
2000-09-11,9.041119667406523,9.041119667406523,8.928667930249725,8.984893798828125,453400,0.0,0.0
2000-09-12,8.962403451396765,9.018629319975163,8.917422756534046,8.984893798828125,873800,0.0,0.0
2000-09-13,8.962398923222144,8.9736440912563,8.91741825108552,8.951153755187988,250200,0.0,0.0
2000-09-14,8.906177520751953,8.92866786802658,8.872441999840014,8.906177520751953,685800,0.0,0.0
2000-09-15,8.928671547129184,8.928671547129184,8.861200477503523,8.88369083404541,505400,0.0,0.0
2000-09-18,8.88414196585857,8.907009770146493,8.701199531555176,8.701199531555176,609400,0.4075,0.0
2000-09-19,8.746936541384931,8.838407773190264,8.746936541384931,8.792672157287598,3106400,0.0,0.0
2000-09-20,8.71263253376746,8.804103741471055,8.71263253376746,8.73550033569336,337000,0.0,0.0
2000-09-21,8.712630679540723,8.712630679540723,8.586857795715332,8.586857795715332,1678400,0.0,0.0
2000-09-22,8.552558803683668,8.701199531555176,8.552558803683668,8.701199531555176,1112200,0.0,0.0
2000-09-25,8.65546412177048,8.689765828990177,8.552559000111385,8.621162414550781,449200,0.0,0.0
2000-09-26,8.621162216547441,8.701199531555176,8.598294412259516,8.701199531555176,1156800,0.0,0.0
2000-09-27,8.74693531844806,8.826972635087454,8.678331904185722,8.821255683898926,329800,0.0,0.0
2000-09-28,8.815542258033457,8.895579606679675,8.815542258033457,8.849843978881836,781800,0.0,0.0
2000-09-29,8.895577599604923,8.895577599604923,8.781238555908203,8.781238555908203,472600,0.0,0.0
2000-10-02,8.82697265786897,8.82697265786897,8.621162414550781,8.621162414550781,909800,0.0,0.0
2000-10-03,8.575427659692611,8.62116327387764,8.552559852600098,8.552559852600098,609200,0.0,0.0
2000-10-04,8.552560630051987,8.552560630051987,8.415353775024414,8.415353775024414,427600,0.0,0.0
2000-10-05,8.369618156681891,8.483957202538202,8.369618156681891,8.415353775024414,1281400,0.0,0.0
2000-10-06,8.392485965853153,8.415353775024414,8.381052061267521,8.415353775024414,839000,0.0,0.0
2000-10-09,8.403920087304135,8.415353992184821,8.33531665802002,8.33531665802002,228600,0.0,0.0
2000-10-10,8.34675435520729,8.34675435520729,8.301018714904785,8.301018714904785,883800,0.0,0.0
2000-10-11,8.289580824582474,8.415353775024414,8.289580824582474,8.415353775024414,1136000,0.0,0.0
2000-10-12,8.415356227329799,8.438224043164935,8.289583240236555,8.323884963989258,413600,0.0,0.0
2000-10-13,8.369617014300099,8.4153526264001,8.232410178000098,8.278145790100098,493800,0.0,0.0
2000-10-16,8.369620427428952,8.483959504306396,8.369620427428952,8.472525596618652,433000,0.0,0.0
2000-10-17,8.495391678712274,8.495391678712274,8.255279666258764,8.358184814453125,268000,0.0,0.0
2000-10-18,8.312446791595882,8.323880693647595,8.20954167313046,8.232409477233887,195800,0.0,0.0
2000-10-19,8.27814713361659,8.369618372662078,8.27814713361659,8.33531665802002,399800,0.0,0.0
2000-10-20,8.301018217447641,8.461092948913574,8.301018217447641,8.461092948913574,499400,0.0,0.0
2000-10-23,8.4267882465827,8.483957773357345,8.323883098388338,8.358184814453125,284600,0.0,0.0
2000-10-24,8.39248548047296,8.41535328832166,8.232410825532058,8.289580345153809,401400,0.0,0.0
2000-10-25,8.28957766875583,8.28957766875583,8.140936965729864,8.209540367126465,339600,0.0,0.0
2000-10-26,8.18667837087849,8.335319179288295,8.152376645860842,8.312451362609863,469200,0.0,0.0
2000-10-27,8.278148568976135,8.506826706240668,8.278148568976135,8.495392799377441,556000,0.0,0.0
2000-10-30,8.449652781902545,8.529690088361702,8.438218880979807,8.518256187438965,1158000,0.0,0.0
2000-10-31,8.598299672404133,8.609733581542969,8.518262308432286,8.609733581542969,507800,0.0,0.0
2000-11-01,8.598291694244914,8.609725592774494,8.552556100126589,8.586857795715332,253800,0.0,0.0
2000-11-02,8.56399730164954,8.609732934769163,8.56399730164954,8.598299026489258,678000,0.0,0.0
2000-11-03,8.575431209929446,8.598299026489258,8.552563393369633,8.598299026489258,490800,0.0,0.0
2000-11-06,8.644028422707006,8.689764022827148,8.563991122496756,8.689764022827148,370400,0.0,0.0
2000-11-07,8.655468327568768,8.689770051456096,8.644034419606326,8.678336143493652,212000,0.0,0.0
2000-11-08,8.712640784768496,8.758376431932636,8.632603402231254,8.746942520141602,496800,0.0,0.0
2000-11-09,8.769803601612884,8.769803601612884,8.689766280607289,8.712634086608887,653400,0.0,0.0
2000-11-10,8.689772961186428,8.76981034372367,8.689772961186428,8.746942520141602,1197200,0.0,0.0
2000-11-13,8.701201225320498,8.792672460277874,8.701201225320498,8.781238555908203,258200,0.0,0.0
2000-11-14,8.735502682819266,8.872709531240512,8.735502682819266,8.826973915100098,289200,0.0,0.0
2000-11-15,8.815538858112536,8.918443980969881,8.792671053033127,8.907010078430176,411600,0.0,0.0
2000-11-16,8.884142524965348,8.92987813641948,8.826973010647682,8.861274719238281,672600,0.0,0.0
2000-11-17,8.907016444817568,8.975619909090874,8.861280801968697,8.918450355529785,424000,0.0,0.0
2000-11-20,8.895577220552287,8.998482355494408,8.895577220552287,8.975614547729492,876400,0.0,0.0
2000-11-21,8.99848049667281,9.03278220123446,8.97561269363171,9.00991439819336,474200,0.0,0.0
2000-11-22,9.009916259376867,9.032784067141783,8.929878932199662,8.975614547729492,577000,0.0,0.0
2000-11-24,8.964179790125485,9.044217109680176,8.964179790125485,9.044217109680176,93400,0.0,0.0
2000-11-27,9.032783206886648,9.055651012473703,9.009915401299594,9.044217109680176,421600,0.0,0.0
2000-11-28,9.135691876363273,9.135691876363273,9.021352804068362,9.055654525756836,411800,0.0,0.0
2000-11-29,9.055655575870128,9.227164204201001,9.021353850203953,9.158560752868652,822200,0.0,0.0
2000-11-30,9.147122327019186,9.375800385194665,9.135688424110413,9.33006477355957,1375000,0.0,0.0
2000-12-01,9.33007393594114,9.33007393594114,9.158565223883398,9.204300880432129,476000,0.0,0.0
2000-12-04,9.15855622992796,9.33006477355957,9.15855622992796,9.33006477355957,354000,0.0,0.0
2000-12-05,9.307197457789798,9.513007720984167,9.307197457789798,9.455838203430176,1147400,0.0,0.0
2000-12-06,9.478711269478097,9.684521646861217,9.46727735962348,9.650219917297363,1116000,0.0,0.0
2000-12-07,9.650216711954945,9.684518430125403,9.593047181670853,9.627348899841309,1032200,0.0,0.0
2000-12-08,9.627347773789241,9.741686820983887,9.627347773789241,9.741686820983887,906200,0.0,0.0
2000-12-11,9.775986820459366,9.878891944885254,9.741685112317404,9.878891944885254,536200,0.0,0.0
2000-12-12,9.856025783697032,10.016100448397447,9.810290165211198,9.924629211425781,917400,0.0,0.0
2000-12-13,9.92462986110955,9.947497671849433,9.878894239629782,9.936063766479492,875400,0.0,0.0
2000-12-14,9.936067273150917,9.981802910771863,9.924633363745679,9.947501182556152,837400,0.0,0.0
2000-12-15,9.936352743229396,9.936352743229396,9.773842301167232,9.889921188354492,507600,0.4075,0.0
2000-12-18,9.866705832800744,10.0524320602417,9.831882165155564,10.0524320602417,856800,0.0,0.0
2000-12-19,10.052432742998226,10.133687973022461,9.994393292980915,10.133687973022461,955200,0.0,0.0
2000-12-20,10.110469574786432,10.21494055776356,10.110469574786432,10.145293235778809,753200,0.0,0.0
2000-12-21,10.110471977066883,10.145295646333475,10.075648307800293,10.075648307800293,515200,0.0,0.0
2000-12-22,10.14529665126357,10.14529665126357,9.959570396778195,9.982786178588867,487600,0.0,0.0
2000-12-26,9.959570582908919,10.145296840865264,9.947962691786648,10.087257385253906,310600,0.0,0.0
2000-12-27,10.11047649277108,10.400673866271973,10.11047649277108,10.400673866271973,1041000,0.0,0.0
2000-12-28,10.40066971909153,10.63282752532125,10.30780659659964,10.621219635009766,1239600,0.0,0.0
2000-12-29,10.57478675411246,10.609610420701193,10.272981643676758,10.272981643676758,637400,0.0,0.0
2001-01-02,10.272981955327833,10.272981955327833,10.0524320602417,10.0524320602417,898200,0.0,0.0
2001-01-03,10.052434379107332,10.214944865605602,9.959571243965463,10.168513298034668,1108200,0.0,0.0
2001-01-04,10.214946352202317,10.214946352202317,10.052435842053644,10.098867416381836,1660200,0.0,0.0
2001-01-05,10.052436942518177,10.052436942518177,9.797063255756745,9.913142204284668,1145400,0.0,0.0
2001-01-08,9.913136742331766,9.913136742331766,9.69258686164757,9.831881523132324,1108400,0.0,0.0
2001-01-09,9.808666229248047,9.878313563420223,9.785450451190655,9.808666229248047,509600,0.0,0.0
2001-01-10,9.785450451190655,9.866705674391527,9.704195227989784,9.808666229248047,383600,0.0,0.0
2001-01-11,9.855097815127355,9.866705704191109,9.70419525729855,9.715803146362305,634200,0.0,0.0
2001-01-12,9.63454888791454,9.739019899952169,9.611333107461734,9.66937255859375,386000,0.0,0.0
2001-01-16,9.68097711214852,9.727408657050912,9.541682477441347,9.599721908569336,732800,0.0,0.0
2001-01-17,9.599725217235331,9.66937255859375,9.530077875876913,9.66937255859375,886200,0.0,0.0
2001-01-18,9.715802688460919,9.750626354010958,9.599723803294122,9.64615535736084,793400,0.0,0.0
2001-01-19,9.634547952576051,9.657763730775029,9.564900617979117,9.622940063476562,616400,0.0,0.0
2001-01-22,9.599727256418301,9.611335149110463,9.425608866035866,9.437216758728027,1704000,0.0,0.0
2001-01-23,9.483652260584861,9.483652260584861,9.332749593035775,9.34435749053955,1808200,0.0,0.0
2001-01-24,9.367564657864124,9.5997223941185,9.367564657864124,9.530075073242188,771800,0.0,0.0
2001-01-25,9.53007952754314,9.657766342163086,9.49525585082861,9.657766342163086,869200,0.0,0.0
2001-01-26,9.622937681020531,9.634545567246128,9.564898249892543,9.599721908569336,593200,0.0,0.0
2001-01-29,9.646620526845531,9.657764356158811,9.589045846617012,9.618762016296387,397400,0.0,0.0
2001-01-30,9.620619972569267,9.720912321404114,9.620619972569267,9.70419692993164,938400,0.0,0.0
2001-01-31,9.685620352482603,9.7413380635312,9.657761142713735,9.728337287902832,465000,0.0,0.0
2001-02-01,9.681905460647116,9.713478569538117,9.590899325422313,9.64847469329834,669400,0.0,0.0
2001-02-02,9.676337878096291,9.685624757902724,9.629906313021952,9.655908584594727,216000,0.0,0.0
2001-02-05,9.702339976002209,9.702339976002209,9.598333017041156,9.6150484085083,306600,0.0,0.0
2001-02-06,9.616906117088185,9.629906899421508,9.538901423088252,9.620620727539062,610800,0.0,0.0
2001-02-07,9.62062192743516,9.639194982006003,9.566761131914093,9.611335754394531,591600,0.0,0.0
2001-02-08,9.590902427001053,9.639191643671689,9.537041650133553,9.59276008605957,569400,0.0,0.0
2001-02-09,9.63919321456273,9.67633789991439,9.453466953846606,9.511041641235352,919200,0.0,0.0
2001-02-12,9.52775680757396,9.537042978692126,9.379175944214976,9.384747505187988,295600,0.0,0.0
2001-02-13,9.397749548345987,9.520328865637818,9.388463375980907,9.503613471984863,769200,0.0,0.0
2001-02-14,9.475753955364185,9.564902475946504,9.472039345112073,9.50732707977295,321200,0.0,0.0
2001-02-15,9.481326076493714,9.602048437104493,9.481326076493714,9.52775764465332,656800,0.0,0.0
2001-02-16,9.51847358814721,9.564905166625977,9.50918741414939,9.564905166625977,490200,0.0,0.0
2001-02-20,9.574188232421875,9.611333624843795,9.518470498033711,9.574188232421875,932000,0.0,0.0
2001-02-21,9.60761588155454,9.60947354023901,9.388458917074198,9.401459693908691,770200,0.0,0.0
2001-02-22,9.403321322886777,9.427465228065396,9.212022781500151,9.221309661865234,762600,0.0,0.0
2001-02-23,9.221313227914631,9.332748750494778,9.213884004145347,9.230599403381348,1440000,0.0,0.0
2001-02-26,9.28630767950039,9.472033833090396,9.249162307084578,9.455318450927734,745400,0.0,0.0
2001-02-27,9.564904820382774,9.583477167706109,9.509187069923131,9.581620216369629,405600,0.0,0.0
2001-02-28,9.462750616667948,9.676335334777832,9.462750616667948,9.676335334777832,1018600,0.0,0.0
2001-03-01,9.65776589801487,9.87135138877061,9.65776589801487,9.860207557678223,759200,0.0,0.0
2001-03-02,9.860203072886165,9.936350779492239,9.843487688095115,9.893633842468262,973600,0.0,0.0
2001-03-05,9.888068115140888,9.888068115140888,9.667053373840305,9.797061920166016,560400,0.0,0.0
2001-03-06,9.797056823067319,9.797056823067319,9.69119294819862,9.767340660095215,553800,0.0,0.0
2001-03-07,9.767346615126353,9.80634896996477,9.667054238265015,9.715343475341797,454400,0.0,0.0
2001-03-08,9.808201210891735,9.834202766418457,9.741339663257733,9.834202766418457,732000,0.0,0.0
2001-03-09,9.834207716959202,9.834207716959202,9.769203086929812,9.776632308959961,253200,0.0,0.0
2001-03-12,9.741342714740728,9.936355150768192,9.732056543213607,9.862064361572266,1004000,0.0,0.0
2001-03-13,10.029219194076855,10.029219194076855,9.927069881020277,9.954928398132324,965600,0.0,0.0
2001-03-14,9.956785473207482,10.003217040824762,9.815633110896838,9.901067733764648,443800,0.0,0.0
2001-03-15,9.901065795261266,9.908494306173605,9.778486509090703,9.858348846435547,613000,0.0,0.0
2001-03-16,9.959266297209327,9.980014884087673,9.831002959722841,9.947949409484863,690600,0.4075,0.0
2001-03-19,10.044139111628422,10.200695991516113,9.99698352894472,10.200695991516113,717400,0.0,0.0
2001-03-20,10.200699207695068,10.200699207695068,9.983783171143738,9.991328239440918,498400,0.0,0.0
2001-03-21,10.034710183150953,10.09129674999112,9.666896419384017,9.783842086791992,838400,0.0,0.0
2001-03-22,9.73669026108386,9.834774017333984,9.610313570237313,9.834774017333984,766800,0.0,0.0
2001-03-23,9.83477137391896,10.06111838753977,9.76309466370595,9.787615776062012,1344000,0.0,0.0
2001-03-26,9.808362839382905,9.912104994738167,9.770638223016299,9.846087455749512,1455800,0.0,0.0
2001-03-27,9.808365312594812,9.827227265765615,9.657467528616216,9.714054107666016,1043800,0.0,0.0
2001-03-28,9.714048778309543,9.736683253604177,9.582013019939684,9.61973762512207,895400,0.0,0.0
2001-03-29,9.65747056033738,9.817799371232594,9.6291769021617,9.695195198059082,1114400,0.0,0.0
2001-03-30,9.695188600280135,9.876265874672288,9.685756907614962,9.814020156860352,546400,0.0,0.0
2001-04-02,9.874381482550111,9.874381482550111,9.78007029085608,9.830998420715332,400200,0.0,0.0
2001-04-03,9.830997745455107,9.830997745455107,9.689530967630969,9.751776695251465,662200,0.0,0.0
2001-04-04,9.751780950444365,9.831002035216153,9.751780950444365,9.827229499816895,1202800,0.0,0.0
2001-04-05,9.836657053999344,9.902674596829977,9.789501460681107,9.861177444458008,1326800,0.0,0.0
2001-04-06,9.908335474001293,9.930970682426329,9.80647991423834,9.808365821838379,768000,0.0,0.0
2001-04-09,9.821568823721853,9.855520915059211,9.714054107666016,9.714054107666016,467000,0.0,0.0
2001-04-10,9.73291532729836,9.80270613175268,9.73102941993837,9.740460395812988,746400,0.0,0.0
2001-04-11,9.732913039705165,9.734799666159065,9.487704126911511,9.553722381591797,732200,0.0,0.0
2001-04-12,9.591448010296418,9.591448010296418,9.517885395112387,9.572586059570312,594400,0.0,0.0
2001-04-16,9.610310387992497,9.683873000937055,9.534861148310382,9.57824420928955,330800,0.0,0.0
2001-04-17,9.582014286672958,9.789499282836914,9.553721368698618,9.789499282836914,416800,0.0,0.0
2001-04-18,9.789499365315544,9.959259033203125,9.497134173691144,9.959259033203125,1151000,0.0,0.0
2001-04-19,9.978124911172772,9.995100955381528,9.723484248041432,9.874382019042969,582400,0.0,0.0
2001-04-20,9.912102699279785,9.972461783673433,9.798929595925957,9.912102699279785,345400,0.0,0.0
2001-04-23,9.934740595369627,9.978124376775314,9.812136477794757,9.904561042785645,303400,0.0,0.0
2001-04-24,9.904560849135464,9.921536892103125,9.632944881190138,9.651806831359863,983800,0.0,0.0
2001-04-25,9.674442106656208,9.930968660273019,9.674442106656208,9.817794799804688,425000,0.0,0.0
2001-04-26,9.855521703783369,9.964923055633964,9.83100058706902,9.949832916259766,480000,0.0,0.0
2001-04-27,9.944174066657924,10.081868344891893,9.929083927901502,10.015850067138672,258600,0.0,0.0
2001-04-30,10.01584927554431,10.138454124869304,9.900790214538574,9.900790214538574,761000,0.0,0.0
2001-05-01,9.902676453809093,9.944173613962732,9.695192092115667,9.866838455200195,507600,0.0,0.0
2001-05-02,9.866841616132094,9.866841616132094,9.582021284893974,9.695195198059082,1655200,0.0,0.0
2001-05-03,9.695191186626714,9.789502382140446,9.676328515801575,9.764981269836426,510000,0.0,0.0
2001-05-04,9.70839173865073,9.732912123946983,9.57258342823474,9.649918556213379,712800,0.0,0.0
2001-05-07,9.685760571177642,9.74800631253354,9.629173991468807,9.653695106506348,310600,0.0,0.0
2001-05-08,9.663124424047611,9.663124424047611,9.57824420928955,9.57824420928955,341200,0.0,0.0
2001-05-09,9.582012294540592,9.636712931937133,9.574467230167908,9.595215797424316,257600,0.0,0.0
2001-05-10,9.595220252241162,9.617855455868163,9.553723817999549,9.57824420928955,280600,0.0,0.0
2001-05-11,9.572584436925938,9.676326587408834,9.553722489397112,9.617854118347168,567200,0.0,0.0
2001-05-14,9.58013373553529,9.76686954498291,9.572588665376045,9.76686954498291,418400,0.0,0.0
2001-05-15,9.76686772849563,9.780071239049914,9.70650861752252,9.757436752319336,467200,0.0,0.0
2001-05-16,9.757438403943612,9.855522155761719,9.734803913381734,9.855522155761719,458600,0.0,0.0
2001-05-17,9.855521728909787,9.923425917191905,9.836659774181399,9.898904800415039,274400,0.0,0.0
2001-05-18,9.917760912240897,9.963029861450195,9.846084236533041,9.963029861450195,360400,0.0,0.0
2001-05-21,9.978122534755045,9.996984481811523,9.847972653639,9.996984481811523,994800,0.0,0.0
2001-05-22,9.995100066308394,10.119590806253266,9.995100066308394,10.040369033813477,397000,0.0,0.0
2001-05-23,10.042255938405601,10.123362900724649,10.000758784096607,10.085638999938965,1500600,0.0,0.0
2001-05-24,10.085639591873317,10.181836695782351,10.055460037751136,10.123363494873047,869800,0.0,0.0
2001-05-25,10.123366248534214,10.123366248534214,9.949833945013415,10.110162734985352,506600,0.0,0.0
2001-05-29,10.102617658400915,10.102617658400915,10.036599375861057,10.063006401062012,548200,0.0,0.0
2001-05-30,10.078093923726907,10.078093923726907,9.963034155627705,10.012076377868652,780400,0.0,0.0
2001-05-31,10.01207417544611,10.13467826500387,9.987553069719706,10.119588851928711,468000,0.0,0.0
2001-06-01,10.129020602395013,10.13845157623291,10.053571372617476,10.13845157623291,337200,0.0,0.0
2001-06-04,10.138456251732302,10.168635813653632,10.072438684884863,10.147887229919434,574200,0.0,0.0
2001-06-05,10.147885484021222,10.183724202318952,10.121478461825458,10.179951667785645,462800,0.0,0.0
2001-06-06,10.183725388907265,10.242197882143167,10.155431736379429,10.228994369506836,781400,0.0,0.0
2001-06-07,10.23087443657266,10.242191314697266,10.176173793847031,10.242191314697266,751400,0.0,0.0
2001-06-08,10.242196264787363,10.27992088902152,10.181837153827656,10.223334312438965,402000,0.0,0.0
2001-06-11,10.26105837677375,10.449680768114904,10.26105837677375,10.428932189941406,706400,0.0,0.0
2001-06-12,10.466656800623749,10.628871452587667,10.464770173771509,10.553422927856445,1304400,0.0,0.0
2001-06-13,10.543990910062869,10.574170460879941,10.521355707297127,10.56285285949707,770200,0.0,0.0
2001-06-14,10.543990586411029,10.649618651259868,10.498720901806367,10.59680461883545,1538600,0.0,0.0
2001-06-15,10.643958892809595,10.749587664119026,10.615665253492224,10.736383438110352,1555800,0.0,0.0
2001-06-18,10.716291705951468,10.945926674219745,10.716291705951468,10.944012641906738,1844600,0.4075,0.0
2001-06-19,10.907655472067772,11.003336660419244,10.888519526393292,10.953582763671875,1085800,0.0,0.0
2001-06-20,10.945932153766364,10.959327466705357,10.831114247159524,10.922968864440918,768000,0.0,0.0
2001-06-21,10.884691486340701,10.955495356738284,10.846418867480836,10.878950119018555,661600,0.0,0.0
2001-06-22,10.85024715357599,10.90765572190389,10.783269882202148,10.783269882202148,343400,0.0,0.0
2001-06-25,10.81197428766481,10.863642216992218,10.716293099278397,10.760306358337402,550800,0.0,0.0
2001-06-26,10.731604780959298,10.91722583053006,10.524933018563365,10.905744552612305,855000,0.0,0.0
2001-06-27,10.867471236595716,10.869384539464614,10.639749505745643,10.737344741821289,1158200,0.0,0.0
2001-06-28,10.737344750328324,10.783271319114716,10.678022141490448,10.735430717468262,937200,0.0,0.0
2001-06-29,10.75456240593923,10.888516174391878,10.746907738030094,10.821538925170898,1372600,0.0,0.0
2001-07-02,10.821545099760657,10.898090362548828,10.78327246836657,10.898090362548828,937400,0.0,0.0
2001-07-03,10.903826474044635,10.926789751349899,10.831108577590305,10.90765380859375,363200,0.0,0.0
2001-07-05,10.907658337899917,10.926794288602096,10.888522387197739,10.898090362548828,355800,0.0,0.0
2001-07-06,10.89808509239527,10.89808509239527,10.75456334156475,10.81005859375,391000,0.0,0.0
2001-07-09,10.744993876837636,10.783265754412886,10.574680809674977,10.611040115356445,788200,0.0,0.0
2001-07-10,10.63017725392097,10.65122722695673,10.616781949259915,10.620609283447266,329400,0.0,0.0
2001-07-11,10.620611422364451,10.620611422364451,10.509620898546583,10.563202857971191,503800,0.0,0.0
2001-07-12,10.547893997515434,10.706725120544434,10.524930716712403,10.706725120544434,645800,0.0,0.0
2001-07-13,10.75456737672123,10.792840003967285,10.699072103713933,10.792840003967285,452600,0.0,0.0
2001-07-16,10.792840003967285,10.831111901223693,10.773703325349434,10.792840003967285,666800,0.0,0.0
2001-07-17,10.802408458061239,10.811976432800293,10.73543117490849,10.811976432800293,415800,0.0,0.0
2001-07-18,10.802403229264081,10.869379750007823,10.764130618843662,10.831107139587402,272600,0.0,0.0
2001-07-19,10.850243581623467,10.901911495106114,10.800488970126407,10.861724853515625,393400,0.0,0.0
2001-07-20,10.880861752130748,10.888516420212698,10.771785286925612,10.831107139587402,399000,0.0,0.0
2001-07-23,10.811974760092886,10.855988021075046,10.758393525851918,10.850247383117676,263000,0.0,0.0
2001-07-24,10.86938596521718,10.880867973905616,10.773704749449442,10.838768005371094,661000,0.0,0.0
2001-07-25,10.838764897520909,10.85981487575241,10.78901100078334,10.857901573181152,570000,0.0,0.0
2001-07-26,10.84067940985887,10.855988021075046,10.827284101298629,10.850247383117676,317400,0.0,0.0
2001-07-27,10.811970001781718,10.865551212441778,10.80814266816468,10.836847305297852,707200,0.0,0.0
2001-07-30,10.81771325055547,10.882776477784619,10.762218724675149,10.827281951904297,620200,0.0,0.0
2001-07-31,10.84642004781624,10.892346611454336,10.831110706610497,10.850247383117676,280400,0.0,0.0
2001-08-01,10.898085358550748,10.898085358550748,10.792836218035823,10.886603355407715,590200,0.0,0.0
2001-08-02,10.905740523808657,10.974630355834961,10.871295242800793,10.974630355834961,957600,0.0,0.0
2001-08-03,10.955495829718565,11.001423120331113,10.955495829718565,10.984200477600098,821000,0.0,0.0
2001-08-06,11.051175831558764,11.060743803163957,10.978457933378303,11.05500316619873,1094600,0.0,0.0
2001-08-07,11.055006269576122,11.070314882443999,10.907657129525875,11.010993003845215,1031800,0.0,0.0
2001-08-08,11.010989668194341,11.020557639586965,10.974630354917178,11.003334999084473,1331800,0.0,0.0
2001-08-09,10.926789768878418,10.974630355834961,10.825367958127165,10.974630355834961,814600,0.0,0.0
2001-08-10,11.003334999084473,11.022470941869718,10.936358469346684,11.003334999084473,424000,0.0,0.0
2001-08-13,11.020558582965451,11.022471885411987,10.907654758893118,10.936359405517578,533600,0.0,0.0
2001-08-14,10.938275085251274,11.02247428099871,10.926793078108133,11.010993003845215,632200,0.0,0.0
2001-08-15,11.041610943501045,11.231059316154472,11.041610943501045,11.200441360473633,412600,0.0,0.0
2001-08-16,11.22340752211653,11.22340752211653,11.032045080000236,11.185134887695312,747000,0.0,0.0
2001-08-17,11.185131795858434,11.225317722396959,11.108586548174932,11.213835716247559,594000,0.0,0.0
2001-08-20,11.22340604563518,11.384150505065918,11.22340604563518,11.384150505065918,639400,0.0,0.0
2001-08-21,11.422422608321638,11.558290481567383,11.414768666299526,11.558290481567383,939600,0.0,0.0
2001-08-22,11.481744976995866,11.653971443646679,11.462609027363415,11.61569881439209,1077000,0.0,0.0
2001-08-23,11.596558792674935,11.596558792674935,11.451123719409088,11.498964309692383,460800,0.0,0.0
2001-08-24,11.481743585901594,11.481743585901594,11.347789764734822,11.361185073852539,620200,0.0,0.0
2001-08-27,11.361187899023179,11.49131441708761,11.361187899023179,11.483659744262695,895200,0.0,0.0
2001-08-28,11.472172737121582,11.500876650898885,11.43964075885334,11.472172737121582,604600,0.0,0.0
2001-08-29,11.45686216699232,11.468344169262062,11.261672508342704,11.324822425842285,827600,0.0,0.0
2001-08-30,11.29037662480445,11.40519372221352,11.102841643042009,11.181300163269043,565000,0.0,0.0
2001-08-31,11.200440162713539,11.299948690532368,11.194699524759043,11.273158073425293,487600,0.0,0.0
2001-09-04,11.22531889935498,11.252109519856287,11.158342348101712,11.240628242492676,704200,0.0,0.0
2001-09-05,11.211925982407575,11.282729884559103,11.179393986290506,11.231061935424805,408400,0.0,0.0
2001-09-06,11.23105425872218,11.232968290709504,11.095187187194824,11.095187187194824,631600,0.0,0.0
2001-09-07,11.099016430792314,11.146857018856075,11.079880487562589,11.137289047241211,851400,0.0,0.0
2001-09-10,11.13920354522273,11.158340220495981,11.09901762213318,11.146858215332031,727200,0.0,0.0
2001-09-17,10.955501276006302,11.238717640608202,10.955501276006302,11.041614532470703,1862200,0.0,0.0
2001-09-18,11.11834821677298,11.46221474814942,11.083378688761838,11.361191749572754,1891400,0.4325,0.0
2001-09-19,11.365074965631077,11.419471668485679,10.918243106655224,11.122231483459473,1013200,0.0,0.0
2001-09-20,11.122230883876108,11.147486812168303,10.982352808534051,11.015379905700684,1027600,0.0,0.0
2001-09-21,10.927957631727793,11.00761027104396,10.79973629182617,10.910472869873047,1078000,0.0,0.0
2001-09-24,10.879384489832132,11.093086388728418,10.772533540383987,10.791960716247559,1169200,0.0,0.0
2001-09-25,10.821114323435582,10.937678991180995,10.78225918715375,10.844427108764648,1076400,0.0,0.0
2001-09-26,10.879390980422857,11.112520935366142,10.850249458142558,11.0386962890625,842200,0.0,0.0
2001-09-27,11.083378186134428,11.201885943342376,11.025095889125494,11.151374816894531,1013000,0.0,0.0
2001-09-28,11.190232093082463,11.413648487577086,11.190232093082463,11.34565258026123,704400,0.0,0.0
2001-10-01,11.345650555913291,11.462215159399518,11.236856382519719,11.314566612243652,699800,0.0,0.0
2001-10-02,11.37479328927377,11.53992737051554,10.926018821808036,10.933789253234863,2460000,0.0,0.0
2001-10-03,10.830821594359408,10.832764016543608,10.446157526218153,10.628775596618652,2863600,0.0,0.0
2001-10-04,10.630713081502016,10.94738034645388,10.630713081502016,10.791960716247559,1975000,0.0,0.0
2001-10-05,10.762826157097216,10.782253344160335,10.51026827867858,10.704543113708496,841600,0.0,0.0
2001-10-08,10.7045416256285,10.776423838188714,10.66568725690356,10.694828033447266,503800,0.0,0.0
2001-10-09,10.704541406673343,10.723969331738006,10.6443166917218,10.681228637695312,530000,0.0,0.0
2001-10-10,10.646261406430026,10.646261406430026,10.519983201262807,10.574379920959473,729200,0.0,0.0
2001-10-11,10.646257908695661,10.78225040435791,10.646257908695661,10.78225040435791,1316600,0.0,0.0
2001-10-12,10.879388874503729,10.879388874503729,10.685114073173304,10.801678657531738,478800,0.0,2.0
2001-10-15,10.836652427706227,10.840538014187459,10.70454545174374,10.755057334899902,699200,0.0,0.0
2001-10-16,10.751166918753444,10.797793194482807,10.580204895878463,10.646258354187012,562500,0.0,0.0
2001-10-17,10.510266187714782,10.68511380089654,10.490839004516602,10.490839004516602,1219600,0.0,0.0
2001-10-18,10.54523468901845,10.587975377234343,10.385929430703982,10.39370059967041,1059600,0.0,0.0
2001-10-19,10.424784341291902,10.467525028715919,10.102288246154785,10.102288246154785,945400,0.0,0.0
2001-10-22,9.94687321443283,10.141148079007301,9.663232090018054,9.810880661010742,2138200,0.0,0.0
2001-10-23,9.733170455483577,10.005155563354492,9.733170455483577,10.005155563354492,2779400,0.0,0.0
2001-10-24,10.02457777309199,10.044005694630584,9.756479125754241,9.865272521972656,892100,0.0,0.0
2001-10-25,9.830304078068522,9.942983812002113,9.818648064971605,9.896357536315918,630200,0.0,0.0
2001-10-26,9.896359049657967,10.024580401028107,9.865275108147012,9.96629810333252,698300,0.0,0.0
2001-10-29,10.055665191430105,10.098405892528161,9.873047112274232,9.946871757507324,416500,0.0,0.0
2001-10-30,9.915787605898345,10.044008965409976,9.873046905694578,9.958527565002441,534200,0.0,0.0
2001-10-31,9.985723560815046,10.141143229939521,9.95075404262461,10.082860946655273,592500,0.0,0.0
2001-11-01,10.1217173096225,10.323763289987454,10.024579904573919,10.265480995178223,992500,0.0,0.0
2001-11-02,10.288795651827602,10.296566823520608,10.071208032121504,10.180002212524414,440400,0.0,0.0
2001-11-05,10.218853881313125,10.296564095454478,10.176113930524954,10.284907341003418,393200,0.0,0.0
2001-11-06,10.354846754377197,10.506381603240948,10.218854245335185,10.378159523010254,753400,0.0,0.0
2001-11-07,10.529697049670881,10.529697049670881,10.331536613147032,10.33930778503418,931900,0.0,0.0
2001-11-08,10.413126883457732,10.448096399693101,10.261592807170732,10.327646255493164,719200,0.0,0.0
2001-11-09,10.296564178517409,10.335419285901532,10.110060552393056,10.242167472839355,459400,0.0,0.0
2001-11-12,10.257707804035311,10.413127473273835,10.199425520708296,10.409242630004883,427800,0.0,0.0
2001-11-13,10.393702431862415,10.587977243672928,10.3742752471212,10.459755897521973,903300,0.0,0.0
2001-11-14,10.451985202866314,10.622947252548112,10.436443602585948,10.584092140197754,439300,0.0,0.0
2001-11-15,10.51026827867858,10.704543113708496,10.490841091615462,10.704543113708496,476300,0.0,0.0
2001-11-16,10.646254194953134,10.840528909244611,10.646254194953134,10.727849960327148,344200,0.0,0.0
2001-11-19,10.801681816268694,10.894934400344766,10.66569000844894,10.712315559387207,392500,0.0,0.0
2001-11-20,10.708427308453668,10.81722146873534,10.657916183990498,10.677343368530273,501800,0.0,0.0
2001-11-21,10.723975940956942,10.739517549487449,10.413135618246583,10.56467056274414,770000,0.0,0.0
2001-11-23,10.615178465845242,10.83276610633422,10.56466732721558,10.817224502563477,246000,0.0,0.0
2001-11-26,10.817219867051788,10.879387737693508,10.685112956663266,10.859960556030273,786500,0.0,0.0
2001-11-27,10.821104178687193,10.91047038958483,10.677340531552371,10.852188110351562,690600,0.0,0.0
2001-11-28,11.17080699133371,11.326226766471407,11.093096733214889,11.104753494262695,4870600,0.0,0.0
2001-11-29,11.073661294267913,11.128057989789703,10.988180666862329,11.100859642028809,2694600,0.0,0.0
2001-11-30,11.10474575208498,11.2601654188648,11.073661818729017,11.248509407043457,31955700,0.0,0.0
2001-12-03,11.07366206542917,11.264051254113387,11.07366206542917,11.147486686706543,2827700,0.0,0.0
2001-12-04,11.09308835161921,11.260164761566928,11.09308835161921,11.221309661865234,1685700,0.0,0.0
2001-12-05,11.20965587805697,11.283480508049035,11.190227953796146,11.229083061218262,2803500,0.0,0.0
2001-12-06,11.256282414707343,11.333992636459598,11.174687348857116,11.326221466064453,1215400,0.0,0.0
2001-12-07,11.330110235103431,11.365079770608673,11.264056750382398,11.34565258026123,1182300,0.0,0.0
2001-12-10,11.190232281126903,11.26405693966741,11.170805090453,11.213545799255371,949700,0.0,0.0
2001-12-11,11.267938861865032,11.365076265846627,11.217427737878417,11.341763496398926,671300,0.0,0.0
2001-12-12,11.353418114416714,11.357303699030108,11.139716148376465,11.139716148376465,1099000,0.0,0.0
2001-12-13,11.135832621076112,11.15137496240109,10.937672215780385,10.995954513549805,1135800,0.0,0.0
2001-12-14,10.99595664996788,11.112522009253972,10.957102271305617,11.069781303405762,975800,0.0,0.0
2001-12-17,11.073662815923276,11.190227391230039,11.069777231266452,11.17080020904541,1802400,0.0,0.0
2001-12-18,11.203545307967767,11.239049561516579,11.148316803528255,11.23510456085205,1966400,0.433,0.0
2001-12-19,11.164092317296344,11.215376556339185,11.053635345385652,11.08519458770752,1055300,0.0,0.0
2001-12-20,11.04574620321622,11.093085446585686,11.026021957397461,11.026021957397461,2054700,0.0,0.0
2001-12-21,11.041809062574677,11.065478324890137,10.998414787969432,11.065478324890137,2283800,0.0,0.0
2001-12-24,11.081253210443915,11.231159472364064,11.053638958440093,11.199600219726562,251900,0.0,0.0
2001-12-26,11.14437386847044,11.306115163535091,11.124649613923856,11.282445907592773,488500,0.0,0.0
2001-12-27,11.223267800379126,11.400788275975701,11.223267800379126,11.262716293334961,785700,0.0,0.0
2001-12-28,11.242992681668492,11.381064672105168,11.199598434048783,11.349505424499512,532900,0.0,0.0
2001-12-31,11.341611407699071,11.420509874986118,10.454007036661752,11.325831413269043,824100,0.0,0.0
2002-01-02,11.266663127358301,11.381065882364243,11.10492187212582,11.3416166305542,1025000,0.0,0.0
2002-01-03,11.321892211420494,11.41656996288851,11.286387960566001,11.408679962158203,835500,0.0,0.0
2002-01-04,11.408678275539577,11.412623275321515,11.246937046638982,11.262716293334961,565100,0.0,0.0
2002-01-07,11.262714135553697,11.313998370461762,11.195650656972736,11.270604133605957,1190700,0.0,0.0
2002-01-08,11.270606648034963,11.282441647753696,11.215378154211129,11.242992401123047,782100,0.0,0.0
2002-01-09,11.223269985565139,11.274553487851756,11.160151481628418,11.160151481628418,1179500,0.0,0.0
2002-01-10,11.108865990517339,11.132535238751295,11.085196742283385,11.10097599029541,875900,0.0,0.0
2002-01-11,11.124644588627051,11.144368834263672,11.02602185558047,11.037856101989746,1202000,0.0,0.0
2002-01-14,11.085195950364087,11.097030197419716,10.982628212101874,11.03391170501709,1254300,0.0,0.0
2002-01-15,11.033910909109876,11.07730515166845,10.907673933410454,10.943178176879883,1031800,0.0,0.0
2002-01-16,10.99446476002091,11.022079010282207,10.828778506021255,10.868227005004883,848900,0.0,0.0
2002-01-17,10.848501466065091,10.852446465980929,10.769602972611898,10.793272972106934,1289000,0.0,0.0
2002-01-18,10.769603487330087,10.82088773625526,10.615752245418234,10.730154991149902,1207500,0.0,0.0
2002-01-22,10.730150201107097,10.8958363693682,10.710425209390598,10.8563871383667,916900,0.0,0.0
2002-01-23,10.824833505636514,10.907676256420398,10.781439253836258,10.868227005004883,2587000,0.0,0.0
2002-01-24,10.848501560551611,10.872170807821002,10.769603066411243,10.828777313232422,1353700,0.0,0.0
2002-01-25,10.832721206160073,10.860336204907535,10.75382346703409,10.848501205444336,683400,0.0,0.0
2002-01-28,10.82877982447346,10.844559075501728,10.765661315496429,10.824834823608398,537600,0.0,0.0
2002-01-29,10.824837359367617,10.824837359367617,10.619701780922492,10.706489562988281,816900,0.0,0.0
2002-01-30,10.71043327388577,10.761717538532011,10.651259759044159,10.678874015808105,899600,0.0,0.0
2002-01-31,10.659149012389653,10.670983263066852,10.521076985843589,10.564471244812012,1548400,0.0,0.0
2002-02-01,10.552633285522461,10.552633285522461,10.505294038779097,10.552633285522461,792100,0.0,0.0
2002-02-04,10.552631979277082,10.584191222388867,10.481623494167641,10.572356224060059,978300,0.0,0.0
2002-02-05,10.651253950961769,10.690703190155364,10.59997046671225,10.643363952636719,884000,0.0,0.0
2002-02-06,10.643369023163183,10.643369023163183,10.296217208225217,10.311996459960938,2592100,0.0,0.0
2002-02-07,10.311992649693561,10.343551893935915,10.260709159961637,10.264654159545898,1915000,0.0,0.0
2002-02-08,10.264658660315778,10.296217918395996,10.19365014152727,10.296217918395996,1447200,0.0,0.0
2002-02-11,10.29227211125833,10.434289137716256,10.288327110253164,10.41456413269043,2440400,0.0,0.0
2002-02-12,10.39483763214,10.450066129404751,10.375112631379844,10.386947631835938,1100800,0.0,0.0
2002-02-13,10.375111421598064,10.454009910575106,10.35933217526171,10.442174911499023,1143300,0.0,0.0
2002-02-14,10.454013895374949,10.528967413230307,10.43428964182819,10.513187408447266,1047900,0.0,0.0
2002-02-15,10.513183441101026,10.564467684860798,10.505293441686945,10.53290843963623,1033600,0.0,0.0
2002-02-19,10.532911744905618,10.532911744905618,10.36328046643069,10.43428897857666,826800,0.0,0.0
2002-02-20,10.438230544811214,10.57235753274698,10.43428629731175,10.552633285522461,1085500,0.0,0.0
2002-02-21,10.552633876062036,10.552633876062036,10.367223383507625,10.386947631835938,769400,0.0,0.0
2002-02-22,10.39483660729658,10.572357082044904,10.375111608481143,10.536852836608887,945400,0.0,0.0
2002-02-25,10.540803280548221,10.690710339243353,10.505299016774751,10.659151077270508,736200,0.0,0.0
2002-02-26,10.670983580834651,10.68281858429629,10.572360809283749,10.639424324035645,484900,0.0,0.0
2002-02-27,10.670977943173057,10.726207177716788,10.556575979879199,10.651253700256348,533100,0.0,0.0
2002-02-28,10.651259784273568,10.730158305870642,10.61970052612115,10.631535530090332,1324100,0.0,0.0
2002-03-01,10.690707033322024,10.761715538910778,10.62364352831397,10.757770538330078,572200,0.0,0.0
2002-03-04,10.75776790130469,11.04574610121709,10.75776790130469,11.037856101989746,645900,0.0,0.0
2002-03-05,10.998408173179788,11.235102911275549,10.951069677019735,11.203543663024902,893300,0.0,0.0
2002-03-06,11.239046792978517,11.302165283198972,11.168038303372565,11.294275283813477,677200,0.0,0.0
2002-03-07,11.282445907592773,11.314005166326558,11.22327239152094,11.282445907592773,662700,0.0,0.0
2002-03-08,11.302167735598518,11.43629474452846,11.266663483091657,11.321892738342285,955900,0.0,0.0
2002-03-11,11.321890993519428,11.349505240673137,11.203543252591217,11.254827499389648,1096100,0.0,0.0
2002-03-12,11.242996900525094,11.2863911644282,11.164098375688921,11.274556159973145,642800,0.0,0.0
2002-03-13,11.262716293334961,11.278496292462712,11.164093556081829,11.262716293334961,855200,0.0,0.0
2002-03-14,11.270605131756762,11.440236342745157,11.266660132381253,11.43234634399414,1155000,0.0,0.0
2002-03-15,11.432349036307413,11.499412536621094,11.39289978569374,11.499412536621094,2384500,0.0,0.0
2002-03-18,11.592719824946897,11.592719824946897,11.42853974777729,11.488605499267578,1858400,0.433,0.0
2002-03-19,11.436544888865436,11.55267263922466,11.432540404669194,11.508624076843262,1157700,0.0,0.0
2002-03-20,11.492602878815573,11.600720859139212,11.484593913228045,11.532646179199219,630100,0.0,0.0
2002-03-21,11.532651137605903,11.660792350769043,11.492607820005828,11.660792350769043,1344600,0.0,0.0
2002-03-22,11.612736471385343,11.724859719172281,11.560679712920384,11.644771575927734,953300,0.0,0.0
2002-03-25,11.67280193723028,11.67280193723028,11.496608484278564,11.544661521911621,731200,0.0,0.0
2002-03-26,11.472580443301288,11.612734285711829,11.472580443301288,11.552668571472168,820800,0.0,0.0
2002-03-27,11.572690517440307,11.688818229878768,11.552668866774304,11.632756233215332,1187500,0.0,0.0
2002-03-28,11.692826530984071,11.744883297980689,11.472584482854348,11.508624076843262,1207400,0.0,0.0
2002-04-01,11.492609981020827,11.612741483964646,11.37247771429954,11.604732513427734,982300,0.0,0.0
2002-04-02,11.63275932427489,11.812957283259221,11.616742152241402,11.744882583618164,1128500,0.0,0.0
2002-04-03,11.732865312584211,11.752887725830078,11.63275553768579,11.752887725830078,1001800,0.0,0.0
2002-04-04,11.792935165477967,11.820965788271842,11.676807426729418,11.804947853088379,1045900,0.0,0.0
2002-04-05,11.808957545857243,11.95311597098846,11.808957545857243,11.881036758422852,769800,0.0,0.0
2002-04-08,11.881038574230786,12.049223174662089,11.881038574230786,12.02920150756836,1049600,0.0,0.0
2002-04-09,12.053216486288214,12.149321774038567,11.997154495601142,12.121291160583496,703400,0.0,0.0
2002-04-10,12.117290075148357,12.397597052058757,12.117290075148357,12.301491737365723,767000,0.0,0.0
2002-04-11,12.313507817343979,12.313507817343979,12.061231407879923,12.201384544372559,773600,0.0,0.0
2002-04-12,12.233415634331523,12.37356948852539,12.173349915041882,12.37356948852539,1035700,0.0,0.0
2002-04-15,12.193375616200122,12.27346300890709,12.14131808535219,12.17335319519043,1174700,0.0,0.0
2002-04-16,12.093266774250596,12.13331009193317,11.853003049268516,11.901055335998535,1116500,0.0,0.0
2002-04-17,11.913065410458522,11.913065410458522,11.692824170565931,11.852999687194824,1137800,0.0,0.0
2002-04-18,11.853003049268516,11.965125560823447,11.772914886348712,11.901055335998535,1066400,0.0,0.0
2002-04-19,11.969131015044045,11.969131015044045,11.768911355300773,11.772915840148926,438000,0.0,0.0
2002-04-22,11.772916121486485,11.808955722203704,11.576700941902407,11.596722602844238,752800,0.0,0.0
2002-04-23,11.656786441296669,11.656786441296669,11.172254567037545,11.308403968811035,1682000,0.0,0.0
2002-04-24,11.324422129032614,11.452562565290181,11.256347426798627,11.284378051757812,1267300,0.0,0.0
2002-04-25,11.28838061789354,11.38048144533298,11.244332063997671,11.29238510131836,606000,0.0,0.0
2002-04-26,11.312407504062321,11.368468748169335,11.256346259955308,11.304398536682129,953800,0.0,0.0
2002-04-29,11.33242864931709,11.33242864931709,11.212297199123054,11.252341270446777,462000,0.0,0.0
2002-04-30,11.232318613723221,11.356455308561197,11.21630144380107,11.29238510131836,1076200,0.0,0.0
2002-05-01,11.332426622173003,11.552668593168038,11.292383321789357,11.532646179199219,1077500,0.0,0.0
2002-05-02,11.532648823600383,11.728864706601534,11.39249571256695,11.700833320617676,942100,0.0,0.0
2002-05-03,11.61273930639868,11.772914868214231,11.536655628119796,11.656787872314453,630400,0.0,0.0
2002-05-06,11.656787884511356,11.712849140261126,11.512629496837858,11.520638465881348,566000,0.0,0.0
2002-05-07,11.524641517025216,11.524641517025216,11.34043907082179,11.45256233215332,589300,0.0,0.0
2002-05-08,11.512623502497089,11.552667563087246,11.272359902733069,11.412513732910156,706600,0.0,0.0
2002-05-09,11.272361746097152,11.38048049823811,11.256344577507967,11.280370712280273,757300,0.0,0.0
2002-05-10,11.280371656010608,11.332428413001916,11.21630144873956,11.28838062286377,802800,0.0,0.0
2002-05-13,11.276370536073184,11.472585699839502,11.276370536073184,11.33243179321289,433100,0.0,0.0
2002-05-14,11.332430591094937,11.584707749017332,11.292387276687046,11.508624076843262,660600,0.0,0.0
2002-05-15,11.612739336650911,11.668800592488068,11.57669973967636,11.636765480041504,724100,0.0,0.0
2002-05-16,11.66479610796008,11.700835704934633,11.580704224204347,11.636765480041504,570400,0.0,0.0
2002-05-17,11.624748729069713,11.69282341470859,11.608730796553713,11.68881893157959,394600,0.0,0.0
2002-05-20,11.65278290845316,11.65278290845316,11.488602868873691,11.592717170715332,511500,0.0,0.0
2002-05-21,11.612731641951685,11.640762251296932,11.492600240821535,11.504612922668457,302900,0.0,0.0
2002-05-22,11.524637977388688,11.54465962758051,11.40450578490676,11.532646179199219,697400,0.0,0.0
2002-05-23,11.536652612080896,11.808951377868652,11.472582404104616,11.808951377868652,614100,0.0,0.0
2002-05-24,11.808948752125364,11.812953234705617,11.680808364665074,11.764900207519531,935900,0.0,0.0
2002-05-28,11.736873145499283,11.812956809997559,11.620746170632936,11.812956809997559,542500,0.0,0.0
2002-05-29,11.812955874688026,11.953109741210936,11.728864013040557,11.953109741210938,478700,0.0,0.0
2002-05-30,11.712847017115024,11.81295682068011,11.620746181141671,11.804947853088379,917400,0.0,0.0
2002-05-31,11.873022253318029,11.873022253318029,11.50061367115927,11.58871078491211,923100,0.0,0.0
2002-06-03,11.612731641951685,11.67279734251676,11.464568867699466,11.504612922668457,660900,0.0,0.0
2002-06-04,11.472581408909647,11.604726296869892,11.464572442663073,11.536651611328125,1051700,0.0,0.0
2002-06-05,11.536653724780766,11.60072393893656,11.47258351062497,11.524641036987305,781800,0.0,0.0
2002-06-06,11.55267263922466,11.572694296428605,11.468579998658107,11.508624076843262,995700,0.0,0.0
2002-06-07,11.508625485091406,11.52864790852265,11.408515659267252,11.460573196411133,576100,0.0,0.0
2002-06-10,11.432538757975697,11.648776290763259,11.39649916917777,11.612736701965332,723800,0.0,0.0
2002-06-11,11.612734785608627,11.776914768027138,11.576695202758025,11.620743751525879,831900,0.0,0.0
2002-06-12,11.6167416743,11.688820854928219,11.612737190512078,11.676807403564453,1111000,0.0,0.0
2002-06-13,11.680810913346475,11.708841533747403,11.632757875675509,11.692824363708496,700700,0.0,0.0
2002-06-14,11.692826988204143,11.732870304177833,11.576699233304021,11.592717170715332,784000,0.0,0.0
2002-06-17,11.608732701423735,11.680811882019043,11.556675939758895,11.680811882019043,2090500,0.0,0.0
2002-06-18,11.698292587519896,11.747068910726492,11.430020484026585,11.454408645629883,3144100,0.433,0.0
2002-06-19,11.421890727799159,11.490991164410804,11.3853080981056,11.482861518859863,1208400,0.0,0.0
2002-06-20,11.482863882667433,11.580417323503582,11.442216421830913,11.543834686279297,865000,0.0,0.0
2002-06-21,11.482858451214065,11.625124109206554,11.482858451214065,11.539764404296875,1016200,0.0,0.0
2002-06-24,11.56009160102245,11.600739053491477,11.474731873308924,11.482861518859863,1202700,0.0,0.0
2002-06-25,11.482854475054824,11.612925622939018,11.470660014208732,11.58447265625,1051100,0.0,0.0
2002-06-26,11.584481140500158,11.608869304768564,11.446280250836242,11.503186225891113,1241600,0.0,0.0
2002-06-27,11.482858515769436,11.588541554435553,11.36091696553917,11.580411911010742,1777700,0.0,0.0
2002-06-28,11.584479854417884,11.763328181530992,11.584479854417884,11.686098098754883,1924800,0.0,0.0
2002-07-01,11.68609907928362,11.710487242890812,11.45034476365211,11.564157485961914,802500,0.0,0.0
2002-07-02,11.564157447452974,11.580415964708381,11.385309105929066,11.413762092590332,718600,0.0,0.0
2002-07-03,11.352786689131404,11.397498950189423,11.153615088041343,11.316204071044922,736400,0.0,0.0
2002-07-05,11.320271074242347,11.450342285713326,11.194264685040533,11.421889305114746,584800,0.0,0.0
2002-07-08,11.421891126726171,11.503185259217878,11.178007178679657,11.21865463256836,847000,0.0,0.0
2002-07-09,11.218655883183454,11.279626683170461,11.039807531307218,11.092649459838867,1188900,0.0,0.0
2002-07-10,11.100776421771005,11.178006501955407,10.812180989675815,10.873151779174805,1386400,0.0,0.0
2002-07-11,10.856889074769327,10.90160133480973,10.572358554810117,10.771530151367188,1741500,0.0,0.0
2002-07-12,10.812182871959791,10.946318942323467,10.645528989849945,10.710564613342285,980700,0.0,0.0
2002-07-15,10.706493937659467,10.73088208931678,10.417897837787388,10.617070198059082,1113000,0.0,0.0
2002-07-16,10.560163085144291,11.084513365667103,10.539839755398507,10.730881690979004,1784300,0.0,0.0
2002-07-17,10.832501094014617,10.95444341189587,10.413834562559618,10.42602825164795,1621900,0.0,0.0
2002-07-18,10.426030949650302,10.426030949650302,10.137435529025518,10.182147026062012,1274200,0.0,0.0
2002-07-19,10.141506573243669,10.182153272706692,9.804133850812336,9.865104675292969,1364700,0.0,0.0
2002-07-22,9.881355888867343,10.243117293654798,9.344811789965663,9.613083839416504,1842000,0.0,0.0
2002-07-23,9.60088942383996,9.82444918974156,9.34887590611474,9.365135192871094,1623300,0.0,0.0
2002-07-24,9.18628582267869,9.726894638478635,9.10499094913426,9.531787872314453,2253400,0.0,0.0
2002-07-25,9.572438601704011,9.897617458784334,9.308231313335169,9.759416580200195,1488300,0.0,0.0
2002-07-26,9.86103675634678,10.304092464000751,9.836648589263637,10.247185707092285,1431700,0.0,0.0
2002-07-29,10.304090711064037,10.791857846176955,10.279702548129821,10.751211166381836,1336900,0.0,0.0
2002-07-30,10.75527310373092,11.178005313165903,10.523583663103718,10.917862892150879,975500,0.0,0.0
2002-07-31,10.897539939917271,10.966640374758967,10.653656006635659,10.873151779174805,1220400,0.0,0.0
2002-08-01,10.547970660470328,10.767465594092323,10.417898698551804,10.588617324829102,1354000,0.0,0.0
2002-08-02,10.621132898281756,10.649586642776583,10.263437209913265,10.470738410949707,728900,0.0,0.0
2002-08-05,10.527646710598388,10.547970818367443,10.088656061497531,10.121173858642578,688300,0.0,0.0
2002-08-06,10.121177152616154,10.149630137467517,9.978911453073648,10.019558906555176,1228600,0.0,0.0
2002-08-07,10.039878876856092,10.161820411682129,10.007361082550123,10.161820411682129,961200,0.0,0.0
2002-08-08,10.202465121605217,10.377248510018003,10.161817695765123,10.324406623840332,604500,0.0,0.0
2002-08-09,10.324413146930864,10.365060598452514,10.035817714169887,10.190277099609375,782200,0.0,0.0
2002-08-12,10.060203171460998,10.352863348255283,10.060203171460998,10.28376293182373,1029700,0.0,0.0
2002-08-13,10.324412023512508,10.43009507585497,10.165887832641602,10.165887832641602,713600,0.0,0.0
2002-08-14,10.222795370058993,10.36099624633789,10.12117712428249,10.36099624633789,827100,0.0,0.0
2002-08-15,10.340672124431501,10.552037470427582,10.206536081173036,10.482937812805176,755100,0.0,0.0
2002-08-16,10.507321874051378,10.771529034945814,10.44228628907076,10.747140884399414,1325300,0.0,0.0
2002-08-19,10.730887051198554,10.775599329316051,10.507327211182517,10.751211166381836,1296700,0.0,0.0
2002-08-20,10.71056023639322,10.848761073659105,10.678042437935687,10.787790298461914,702500,0.0,0.0
2002-08-21,10.799983385498441,10.970702011692715,10.78778969631091,10.946313858032227,1177300,0.0,0.0
2002-08-22,10.946313326532144,11.01541373795287,10.787789172507994,10.966636657714844,793000,0.0,0.0
2002-08-23,10.913793450427407,11.09670572205018,10.901598988871793,11.011346817016602,878600,0.0,0.0
2002-08-26,11.04792817200813,11.247099703090969,10.995086286552082,11.234905242919922,901000,0.0,0.0
2002-08-27,11.234907914618521,11.360915040495458,11.178001970858189,11.279620170593262,943500,0.0,0.0
2002-08-28,11.218651162793403,11.397499439416954,11.125162590464111,11.377175331115723,1052400,0.0,0.0
2002-08-29,11.320267768214936,11.381238533875054,11.190196594730592,11.304008483886719,855300,0.0,0.0
2002-08-30,11.308075966458007,11.413759013609129,11.299946322380492,11.348723411560059,617400,0.0,0.0
2002-09-03,11.340594485769577,11.340594485769577,11.01135163263199,11.064192771911621,965400,0.0,0.0
2002-09-04,11.112965770653636,11.210519143971682,11.03167090524595,11.068253517150879,764500,0.0,0.0
2002-09-05,11.068256274009697,11.137356694232034,10.995091031975987,11.096709251403809,831100,0.0,0.0
2002-09-06,11.076387405395508,11.076387405395508,11.076387405395508,11.076387405395508,663600,0.0,0.0
2002-09-09,11.076387405395508,11.092646694824916,10.974769172318485,11.076387405395508,811400,0.0,0.0
2002-09-10,11.08044797954762,11.117030591452549,11.03167090524595,11.068253517150879,981600,0.0,0.0
2002-09-11,11.076386495605385,11.084516139652337,10.995091605706914,11.007286071777344,576000,0.0,0.0
2002-09-12,10.999156781904933,10.999156781904933,10.791855503745674,10.865020751953125,1039300,0.0,0.0
2002-09-13,10.860954882886485,10.89347268170138,10.791854463494147,10.881278991699219,695600,0.0,0.0
2002-09-16,10.885342824522114,10.90160133480973,10.73088271272004,10.771530151367188,593700,0.0,0.0
2002-09-17,10.869084000003005,10.873148821568686,10.69430054910595,10.722753524780273,1990200,0.0,0.0
2002-09-18,10.620682154314295,10.744658669830649,10.356197712603432,10.451247215270996,2940900,0.433,0.0
2002-09-19,10.451247063428655,10.476042208526993,10.178497314453125,10.178497314453125,1152100,0.0,0.0
2002-09-20,10.178498050316158,10.389258769447787,10.104112609643385,10.35619831085205,1722500,0.0,0.0
2002-09-23,10.327268209387833,10.327268209387833,10.18262843964268,10.223954200744629,938700,0.0,0.0
2002-09-24,10.223951878857072,10.252879668591856,10.099975411929957,10.120637893676758,1793300,0.0,0.0
2002-09-25,10.12477554268339,10.128908198716209,9.91814747038373,9.971870422363281,1895900,0.0,0.0
2002-09-26,10.000799942980008,10.066920869196105,9.9636068234555,10.050390243530273,1279300,0.0,0.0
2002-09-27,10.050386989362778,10.12477320432663,9.918145179748535,9.918145179748535,1196600,0.0,0.0
2002-09-30,9.922277443706882,9.95120523989179,9.810698125659378,9.893349647521973,1239800,0.0,0.0
2002-10-01,9.88921738242334,9.980133429477291,9.70325184501371,9.918145179748535,1349000,0.0,0.0
2002-10-02,9.918140850743006,9.918140850743006,9.52554746011189,9.628861427307129,1329600,0.0,0.0
2002-10-03,9.628866950279326,9.68672334108586,9.57101134769626,9.67019271850586,1553300,0.0,0.0
2002-10-04,9.670191952553292,9.703252406871187,9.525552169328728,9.57101058959961,1595300,0.0,0.0
2002-10-07,9.59994053700844,9.64953162369517,9.389179797981107,9.393312454223633,2111400,0.0,0.0
2002-10-08,9.380914523018419,9.380914523018419,9.17428645676888,9.294130325317383,3964200,0.0,0.0
2002-10-09,9.310659610486375,9.310659610486375,9.05444049835205,9.05444049835205,1780600,0.0,0.0
2002-10-10,8.96765258563797,9.525547372800155,8.905663575310609,9.4635591506958,3408500,0.0,0.0
2002-10-11,9.525551061594573,9.87681884051261,9.525551061594573,9.806565284729004,1844600,0.0,0.0
2002-10-14,9.806564479542022,9.84375758179855,9.624732410980382,9.649527549743652,1031100,0.0,0.0
2002-10-15,9.670191403688518,10.050387000876706,9.670191403688518,9.976000785827637,1144500,0.0,0.0
2002-10-16,9.976000191932414,10.013193297242754,9.756975003130758,9.806565284729004,819400,0.0,0.0
2002-10-17,9.909877565151602,10.004926245181325,9.827226847473955,9.843756675720215,794700,0.0,0.0
2002-10-18,9.84376258479388,10.000800382628414,9.711520726548157,9.823100090026855,898600,0.0,0.0
2002-10-21,9.860290162045594,9.914013104761068,9.715650378733061,9.872687339782715,597500,0.0,0.0
2002-10-22,9.852025625768528,9.856158281413528,9.645397572859327,9.67019271850586,1331300,0.0,0.0
2002-10-23,9.670191952553292,9.715650372824175,9.484227192598913,9.57101058959961,868300,0.0,0.0
2002-10-24,9.67019480359322,9.74458104479545,9.649532309136442,9.707387924194336,1087000,0.0,0.0
2002-10-25,9.732180381819154,9.930543899536133,9.682590093557474,9.930543899536133,878700,0.0,0.0
2002-10-28,10.062784550329726,10.062784550329726,9.715649419926667,9.785902976989746,749600,0.0,0.0
2002-10-29,9.71565092923754,9.827230264534338,9.525552714855207,9.761109352111816,1009900,0.0,0.0
2002-10-30,9.75697406441401,9.856155406291592,9.703250344924127,9.835492134094238,630200,0.0,0.0
2002-10-31,9.914013298748133,9.980134208717919,9.723915879640849,9.802433967590332,740700,0.0,0.0
2002-11-01,9.732179068807417,9.872686180298102,9.703251273186979,9.856156349182129,815500,0.0,0.0
2002-11-04,9.860289979747307,10.18676186177129,9.835494048284682,10.108242988586426,818100,0.0,0.0
2002-11-05,10.108241608515367,10.166097985805678,9.918144222596117,9.967735290527344,1359500,0.0,0.0
2002-11-06,10.000792726234206,10.124769176369925,9.897478755046757,10.066913604736328,682700,0.0,0.0
2002-11-07,10.079314403703123,10.170231235525858,10.013193501408404,10.02972412109375,773000,0.0,0.0
2002-11-08,10.042123408110802,10.099979800945414,9.93880937803467,9.98840045928955,508700,0.0,0.0
2002-11-11,9.971868130744538,10.017326548435271,9.901614570778566,9.976000785827637,456800,0.0,0.0
2002-11-12,10.02145883839075,10.29834041308347,10.000796351951443,10.223954200744629,988100,0.0,0.0
2002-11-13,10.228088392873254,10.364462873249293,10.149569513801156,10.178497314453125,847400,0.0,0.0
2002-11-14,10.248749375337512,10.525630950927734,10.223954233885303,10.525630950927734,1174200,0.0,0.0
2002-11-15,10.525635349783396,10.57935909830921,10.409924115833023,10.442984580993652,863400,0.0,0.0
2002-11-18,10.442980961326233,10.504969213488556,10.372727398682697,10.401655197143555,807300,0.0,0.0
2002-11-19,10.389257222224105,10.459510784805444,10.319003659642764,10.343799591064453,637600,0.0,0.0
2002-11-20,10.331401824951172,10.372727589895657,10.091713334141241,10.331401824951172,1128200,0.0,0.0
2002-11-21,10.434717922831629,10.562827110290527,10.294210766951457,10.562827110290527,1241600,0.0,0.0
2002-11-22,10.476042351353074,10.839707374572754,10.43471658347679,10.839707374572754,1793700,0.0,0.0
2002-11-25,10.748789410349422,10.802512347308522,10.641342748207904,10.78184986114502,1395700,0.0,0.0
2002-11-26,10.74465367802373,10.827305175451613,10.628941739269314,10.66613483428955,1192100,0.0,0.0
2002-11-27,10.670271309885779,10.823176398428332,10.620681024245163,10.802513122558594,692600,0.0,0.0
2002-11-29,10.785984223543728,10.819044679573102,10.765320945885716,10.794249534606934,421200,0.0,0.0
2002-12-02,10.810779731048486,11.03393840789795,10.748791472442571,11.03393840789795,934700,0.0,0.0
2002-12-03,10.971948028918685,10.976080684087114,10.810778418466885,10.823176383972168,1600900,0.0,0.0
2002-12-04,10.785982136062987,10.876898175492334,10.695065308410346,10.736391067504883,808600,0.0,0.0
2002-12-05,10.73225896885031,10.73225896885031,10.538028915732504,10.60414981842041,1162000,0.0,0.0
2002-12-06,10.558695211921933,10.587623806981037,10.455381165667418,10.517370223999023,1342500,0.0,0.0
2002-12-09,10.414053926758264,10.575223551847111,10.405788615670772,10.529765129089355,1594200,0.0,0.0
2002-12-10,10.517370096292312,10.521501964455537,10.310742006292255,10.352066993713379,1957700,0.0,0.0
2002-12-11,10.290076060006687,10.393390078256198,10.290076060006687,10.331401824951172,1118500,0.0,0.0
2002-12-12,10.310737816183266,10.347930920326519,10.25701409321044,10.32726764678955,643200,0.0,0.0
2002-12-13,10.314871210806324,10.418185229127173,10.211557192485476,10.252882957458496,1397300,0.0,0.0
2002-12-16,10.290074559116338,10.385123252868652,10.17849524650799,10.385123252868652,837400,0.0,0.0
2002-12-17,10.372729137352673,10.376861793285993,10.215691364780607,10.228089332580566,1939300,0.0,0.0
2002-12-18,10.271409737296386,10.2966463915465,10.094751553028045,10.157843589782715,2467000,0.433,0.0
2002-12-19,10.094752953613554,10.157844999121862,9.998011763683557,10.04007339477539,1257100,0.0,0.0
2002-12-20,10.010629341454484,10.136814230318514,9.989598927773242,10.10737133026123,2769800,0.0,0.0
2002-12-23,10.115782853758345,10.237761497497559,10.111577412895958,10.237761497497559,1591200,0.0,0.0
2002-12-24,10.220933151166065,10.267201007968136,10.178872338355358,10.262994766235352,776500,0.0,0.0
2002-12-26,10.267202148094597,10.4144174160554,10.267202148094597,10.305057525634766,848000,0.0,0.0
2002-12-27,10.26299476623535,10.372354644512063,10.229345634631638,10.262994766235352,825400,0.0,0.0
2002-12-30,10.26299610710293,10.389180968796929,10.26299610710293,10.368149757385254,1040400,0.0,0.0
2002-12-31,10.347118500415899,10.511157924692574,10.3218818510484,10.338706016540527,1090300,0.0,0.0
2003-01-02,10.389184778645353,10.540605545043945,10.35974107187162,10.540605545043945,840900,0.0,0.0
2003-01-03,10.515368872024542,10.725676249465034,10.502750140564881,10.713057518005371,898300,0.0,0.0
2003-01-06,10.717263094154518,10.931776702050993,10.713056850596674,10.898127555847168,1265200,0.0,0.0
2003-01-07,10.792970996329078,10.830826375998704,10.654168204960026,10.725672721862793,1171400,0.0,0.0
2003-01-08,10.641552556640734,10.784561631824022,10.641552556640734,10.687820434570312,1106800,0.0,0.0
2003-01-09,10.662582362790815,10.830828075354258,10.662582362790815,10.784560203552246,1105700,0.0,0.0
2003-01-10,10.76352785359209,10.805589474729297,10.713053747775701,10.742497444152832,911900,0.0,0.0
2003-01-13,10.788770307259098,10.805595285665444,10.595287869140865,10.612112045288086,773400,0.0,0.0
2003-01-14,10.607906462205284,10.62052519679696,10.49854650252162,10.557433128356934,1097000,0.0,0.0
2003-01-15,10.536393908072325,10.557425116431409,10.435446514724424,10.473301887512207,969100,0.0,0.0
2003-01-16,10.473308758198133,10.50275166695738,10.321887969970703,10.321887969970703,646000,0.0,0.0
2003-01-17,10.321888819446613,10.321888819446613,10.103168904578892,10.128405570983887,1289700,0.0,0.0
2003-01-21,10.174669869301939,10.187287796920337,10.069516193767942,10.090546607971191,1006300,0.0,0.0
2003-01-22,10.090543189869956,10.149428971499006,10.031657408240909,10.073719024658203,912700,0.0,0.0
2003-01-23,10.157845668990817,10.271411839750334,10.149433181765904,10.199907302856445,1336400,0.0,0.0
2003-01-24,10.17467241575434,10.191496590875811,9.968571256397084,9.985395431518555,696200,0.0,0.0
2003-01-27,9.985396256952205,10.115786633393748,9.95595334636145,9.99380874633789,741400,0.0,0.0
2003-01-28,10.031660138634148,10.136813807168554,9.842383214368686,9.951743125915527,2030000,0.0,0.0
2003-01-29,9.951741254564254,10.10316276550293,9.901267952423812,10.10316276550293,1289000,0.0,0.0
2003-01-30,10.13260668221743,10.199904960041124,10.040071750774539,10.04427719116211,673900,0.0,0.0
2003-01-31,10.052690984323402,10.288234987350926,10.031660570614445,10.279823303222656,903700,0.0,0.0
2003-02-03,10.220933181124998,10.225139422870114,10.0568937643584,10.061100006103516,1530700,0.0,0.0
2003-02-04,10.023246780189238,10.048483433808435,9.91809312080737,10.04427719116211,1271300,0.0,0.0
2003-02-05,10.09475309132138,10.162051381082811,10.006424386856589,10.052691459655762,922900,0.0,0.0
2003-02-06,9.972773302579604,10.06951528505727,9.960155376099895,9.989598274230957,805600,0.0,0.0
2003-02-07,10.010625433633198,10.0821299353988,9.888647637832195,9.905471801757812,549800,0.0,0.0
2003-02-10,9.909681276986296,10.031659914849362,9.871825892977675,10.010628700256348,572800,0.0,0.0
2003-02-11,10.03166365511466,10.04848783080309,9.850799153474165,9.867623329162598,813600,0.0,0.0
2003-02-12,9.842384696710038,9.897065061848169,9.758262230568295,9.775086402893066,535700,0.0,0.0
2003-02-13,9.783498070469795,9.939125061035156,9.724612268878456,9.939125061035156,916300,0.0,0.0
2003-02-14,9.939126537507201,9.993806906186762,9.770880792068164,9.89285945892334,609700,0.0,0.0
2003-02-18,9.976976303523417,10.040069124455481,9.850792266176372,9.905471801757812,587600,0.0,0.0
2003-02-19,9.947536660994915,10.01483494317495,9.87603213589628,10.010628700256348,524200,0.0,0.0
2003-02-20,10.010628037216692,10.044277176078008,9.955948487414089,10.023246765136719,422900,0.0,0.0
2003-02-21,10.023247085864266,10.241966896590863,9.989597945926235,10.208317756652832,953600,0.0,0.0
2003-02-24,10.199910127680674,10.204116372458033,10.035870592659462,10.128405570983887,720700,0.0,0.0
2003-02-25,10.094753956714655,10.28403091430664,10.094753956714655,10.28403091430664,636800,0.0,0.0
2003-02-26,10.262996766501752,10.262996766501752,10.157843109463293,10.212523460388184,679800,0.0,0.0
2003-02-27,10.225138563932068,10.347117157518158,10.20410815923168,10.254581451416016,743400,0.0,0.0
2003-02-28,10.284027979264685,10.389181636303142,10.204110975283012,10.212523460388184,584600,0.0,0.0
2003-03-03,10.305060022965687,10.351327896118166,10.24196797919522,10.351327896118164,805600,0.0,0.0
2003-03-04,10.351327589470568,10.351327589470568,10.145226491387854,10.16625690460205,801200,0.0,0.0
2003-03-05,10.136818254931466,10.241971969604492,10.128405765215422,10.241971969604492,1144300,0.0,0.0
2003-03-06,10.241966172256797,10.241966172256797,10.145225002059048,10.170461654663086,637100,0.0,0.0
2003-03-07,10.094757522691781,10.220941670821729,10.094757522691781,10.191498756408691,649900,0.0,0.0
2003-03-10,10.195696532912887,10.195696532912887,10.052687522613283,10.061100006103516,493000,0.0,0.0
2003-03-11,10.136810752998432,10.178872368191007,10.01062590742071,10.061100006103516,571000,0.0,0.0
2003-03-12,10.05268967645476,10.094751300659258,9.976978913338415,10.04427719116211,660900,0.0,0.0
2003-03-13,10.107376258408475,10.23776665177732,10.107376258408475,10.191498756408691,1067400,0.0,0.0
2003-03-14,10.178871743078115,10.229345036402632,10.094748517859209,10.115778923034668,1004400,0.0,0.0
2003-03-17,10.149425270799343,10.431236955104401,10.149425270799343,10.427031517028809,2276000,0.0,0.0
2003-03-18,10.424046613833855,10.526788657458177,10.394080286508576,10.466856002807617,2292000,0.433,0.0
2003-03-19,10.531060486001442,10.6594877243042,10.454003816411602,10.6594877243042,966400,0.0,0.0
2003-03-20,10.573872911015664,10.76651382446289,10.509658456679217,10.76651382446289,1233300,0.0,0.0
2003-03-21,10.766517745906306,10.869259767136928,10.702304084702293,10.809327125549316,1060500,0.0,0.0
2003-03-24,10.76651887662271,10.76651887662271,10.372674012282632,10.376955032348633,1016000,0.0,0.0
2003-03-25,10.398357703212797,10.57815560485042,10.394076684147011,10.569594383239746,1069700,0.0,0.0
2003-03-26,10.56959635427308,10.629528999328613,10.492539629761083,10.629528999328613,685600,0.0,0.0
2003-03-27,10.595277622431723,10.620962915314841,10.44544525032551,10.522501945495605,755500,0.0,0.0
2003-03-28,10.531063746530986,10.57815331301051,10.406916670083325,10.415478706359863,566400,0.0,0.0
2003-03-31,10.381233997130815,10.411200315138979,10.261367908577235,10.304177284240723,918800,0.0,0.0
2003-04-01,10.317016146885909,10.599556768251563,10.295611059497242,10.55246639251709,924100,0.0,0.0
2003-04-02,10.659487912565382,10.805039220690057,10.659487912565382,10.710859298706055,1186600,0.0,0.0
2003-04-03,10.719426132791577,10.762234687805176,10.659492686035012,10.762234687805176,691100,0.0,0.0
2003-04-04,10.762232769159551,10.839289460880044,10.715143203735352,10.715143203735352,1173200,0.0,0.0
2003-04-07,10.907788218994428,10.92919331725664,10.82645129516105,10.873540878295898,1145600,0.0,0.0
2003-04-08,10.946311752642282,10.95059277040704,10.830726722555813,10.869255065917969,812600,0.0,0.0
2003-04-09,10.847853735824911,10.959157778335072,10.79648232523527,10.860696792602539,866600,0.0,0.0
2003-04-10,10.860694498416175,10.860694498416175,10.693738061657962,10.706581115722656,749700,0.0,0.0
2003-04-11,10.745109258973235,10.877817549058895,10.616681170307809,10.650928497314453,711700,0.0,0.0
2003-04-14,10.745115379268313,10.787924766540527,10.659496604723884,10.787924766540527,897100,0.0,0.0
2003-04-15,10.809322450252681,10.873536083682726,10.775075124655281,10.869255065917969,1253100,0.0,0.0
2003-04-16,10.847851164281863,10.99768352508545,10.817884855425282,10.99768352508545,981000,0.0,0.0
2003-04-17,10.980557149754263,11.216008186340334,10.95059084718452,11.216008186340332,1104800,0.0,0.0
2003-04-21,11.15179682481528,11.323034286499022,11.138954586753512,11.323034286499023,735200,0.0,0.0
2003-04-22,11.28022502468141,11.434337598483204,11.241696677100778,11.408652305603027,1068700,0.0,0.0
2003-04-23,11.344439704208314,11.451462720285752,11.258820964738039,11.447181701660156,671900,0.0,0.0
2003-04-24,11.40865221863324,11.438618529518465,11.280224938690644,11.348719596862793,1301600,0.0,0.0
2003-04-25,11.353006258381393,11.353006258381393,11.216016873942829,11.28451156616211,710400,0.0,0.0
2003-04-28,11.15607960972944,11.284507726330622,11.06618066297739,11.280226707458496,1090400,0.0,0.0
2003-04-29,11.237416359794018,11.34872039124495,11.203169028310716,11.275944709777832,1068500,0.0,0.0
2003-04-30,11.216013596925817,11.301631528924098,11.066181195277704,11.091866493225098,961800,0.0,0.0
2003-05-01,11.066175856971109,11.25881672342825,10.920624544614776,11.216008186340332,955000,0.0,0.0
2003-05-02,11.190329962268304,11.404376064478615,11.17320669868244,11.361567497253418,766000,0.0,0.0
2003-05-05,11.344440723638227,11.472868027863512,11.280227071525584,11.460025787353516,670300,0.0,0.0
2003-05-06,11.46002238429743,11.674068372125827,11.442898313341248,11.661225318908691,1257700,0.0,0.0
2003-05-07,11.66122692753884,11.66122692753884,11.455742946842653,11.519956588745117,1242900,0.0,0.0
2003-05-08,11.472867218380964,11.584171255232762,11.42149662692372,11.554204940795898,534600,0.0,0.0
2003-05-09,11.588451795154567,11.772531509399414,11.579889758091833,11.772531509399414,966700,0.0,0.0
2003-05-12,11.772531509399414,11.781093546462149,11.71687990153322,11.772531509399414,611900,0.0,0.0
2003-05-13,11.772535427445462,11.828187053833206,11.695478701276993,11.81534481048584,512500,0.0,0.0
2003-05-14,11.819623663219208,11.836746923383032,11.686914518475213,11.69975757598877,529800,0.0,0.0
2003-05-15,11.772531560312345,11.811059910740486,11.601294900921053,11.78109359741211,853700,0.0,0.0
2003-05-16,11.729724839972636,11.77253421861726,11.61842078210501,11.674073219299316,679000,0.0,0.0
2003-05-19,11.678355007123683,11.802501315187474,11.588455224403454,11.59273624420166,1087000,0.0,0.0
2003-05-20,11.622696206110822,11.789652620794984,11.622696206110822,11.71259593963623,687400,0.0,0.0
2003-05-21,11.71259774341885,11.729720999357511,11.614135959818865,11.695473670959473,674700,0.0,0.0
2003-05-22,11.721160103543793,11.776812527930781,11.63554218247882,11.772531509399414,767100,0.0,0.0
2003-05-23,11.772527745454394,11.841022387015395,11.695471069568134,11.802494049072266,748500,0.0,0.0
2003-05-27,11.729722191334323,11.841026224068862,11.6869128223563,11.78109359741211,759600,0.0,0.0
2003-05-28,11.755406732359003,11.776811823735924,11.468585856594972,11.47286605834961,1021000,0.0,0.0
2003-05-29,11.472871267157323,11.472871267157323,10.787924362537456,11.108993530273438,2095100,0.0,0.0
2003-05-30,11.173206556869477,11.340162253187732,11.104711870353213,11.335881233215332,995900,0.0,0.0
2003-06-02,11.365845729680878,11.50283589721619,11.293070034889375,11.374407768249512,971600,0.0,0.0
2003-06-03,11.288789047484297,11.425778388977053,11.164641946430939,11.42577838897705,899100,0.0,0.0
2003-06-04,11.425774894518586,11.614134773202705,11.40008878845387,11.567045211791992,768200,0.0,0.0
2003-06-05,11.584170552780968,11.669789288712316,11.524237927541494,11.665508270263672,773900,0.0,0.0
2003-06-06,11.67835552295589,11.96517732993622,11.665512462993998,11.879558563232422,1091000,0.0,0.0
2003-06-09,11.858150246985181,11.858150246985181,11.712598883001853,11.772531509399414,1358700,0.0,0.0
2003-06-10,11.686908275843622,11.87954995304168,11.661222991057375,11.875268936157227,826900,0.0,0.0
2003-06-11,11.875270822007284,11.89239489226449,11.772528850025896,11.84958553314209,740700,0.0,0.0
2003-06-12,11.879554293571262,11.883835312019906,11.63982297609258,11.665508270263672,715400,0.0,0.0
2003-06-13,11.708318122175763,11.729722398782924,11.395811111194643,11.447181701660156,751100,0.0,0.0
2003-06-16,11.472866414827362,11.622698793038325,11.447181120897724,11.60129451751709,1085100,0.0,0.0
2003-06-17,11.622696750175576,11.661225092558485,11.532797828962542,11.579887390136719,1996600,0.0,0.0
2003-06-18,11.485477859081412,11.537684942490571,11.341909416960522,11.354961395263672,2456000,0.433,0.0
2003-06-19,11.376719593212671,11.402822733163974,11.267955541977743,11.337564468383789,972600,0.0,0.0
2003-06-20,11.376724379281104,11.407178193669866,11.31146608704744,11.333218574523926,1248300,0.0,0.0
2003-06-23,11.311461207570552,11.315811869149927,11.085231784266218,11.106985092163086,1287000,0.0,0.0
2003-06-24,11.106981901370284,11.246199712700614,11.08087793939314,11.202693939208984,1299400,0.0,0.0
2003-06-25,11.233147731712043,11.289705486192245,11.137435693873343,11.202693939208984,1175200,0.0,0.0
2003-06-26,11.176592368885364,11.315810199670404,11.159189725135372,11.30275821685791,977500,0.0,0.0
2003-06-27,11.311461210691569,11.446328400473966,11.267955424689678,11.37671947479248,634700,0.0,0.0
2003-06-30,11.376717914101441,11.424574355118821,11.21574760672182,11.28970718383789,1255100,0.0,0.0
2003-07-01,11.289714274691212,11.428932194395989,11.176599507480017,11.41588020324707,1050200,0.0,0.0
2003-07-02,11.41587378978294,11.650804519653322,11.376718668137878,11.65080451965332,639700,0.0,0.0
2003-07-03,11.58554257325272,11.637749665839221,11.52898565027063,11.6246976852417,473000,0.0,0.0
2003-07-07,11.659507381958372,11.811777238212372,11.598599771378355,11.781323432922363,751400,0.0,0.0
2003-07-08,11.781323310256626,11.8248291015625,11.707363713977825,11.8248291015625,650800,0.0,0.0
2003-07-09,11.8030713585601,11.83352598190025,11.598595294955219,11.716060638427734,933100,0.0,0.0
2003-07-10,11.689962049674277,11.69866254420716,11.43327879036511,11.476783752441406,631200,0.0,0.0
2003-07-11,11.542040361503508,11.733464476733086,11.542040361503508,11.681258201599121,976200,0.0,0.0
2003-07-14,11.77261767226295,11.829175429177642,11.637750515456881,11.672554969787598,653700,0.0,0.0
2003-07-15,11.703011873194878,11.711713196540487,11.550742033862191,11.61600112915039,665000,0.0,0.0
2003-07-16,11.68125383670712,11.685604496309884,11.472427154595211,11.528984069824219,649500,0.0,0.0
2003-07-17,11.485485200613493,11.563795460881499,11.346267328938804,11.44197940826416,610500,0.0,0.0
2003-07-18,11.441976434837862,11.542039980179007,11.398471483598131,11.485482215881348,535500,0.0,0.0
2003-07-21,11.489832876966073,11.537689319094282,11.381068839259235,11.485482215881348,565100,0.0,0.0
2003-07-22,11.537691582733714,11.681260107482043,11.4898351312163,11.659506797790527,722000,0.0,0.0
2003-07-23,11.65950536355938,11.66385602496251,11.520287517874488,11.542040824890137,515000,0.0,0.0
2003-07-24,11.572494387553164,11.655155292909601,11.533339265531893,11.594246864318848,400600,0.0,0.0
2003-07-25,11.594243482339689,11.84657595631506,11.594243482339689,11.790019035339355,1029500,0.0,0.0
2003-07-28,11.877031558806527,11.881382219515103,11.763917699598263,11.833526611328125,1093100,0.0,0.0
2003-07-29,11.833527329848282,11.933590042810208,11.794372210897313,11.877032279968262,1276500,0.0,0.0
2003-07-30,11.898789854937428,12.081513532347877,11.877036542267119,12.029306411743164,1990400,0.0,0.0
2003-07-31,12.116311912528094,12.181570158128775,12.029300365191443,12.13806438446045,2048200,0.0,0.0
2003-08-01,12.116309813961205,12.22507381439209,12.072804047828157,12.22507381439209,1842000,0.0,0.0
2003-08-04,12.181574339668849,12.377349973477942,12.103264086145211,12.333844184875488,1295500,0.0,0.0
2003-08-05,12.33384109240946,12.464357595688497,12.303387296964596,12.381696701049805,1325000,0.0,0.0
2003-08-06,12.312091582192547,12.41650581275173,12.22508082979849,12.390401840209961,898200,0.0,0.0
2003-08-07,12.390403365690943,12.507868767179163,12.31209309803213,12.503518104553223,928600,0.0,0.0
2003-08-08,12.555721515547939,12.555721515547939,12.425204164754941,12.481761932373047,574800,0.0,0.0
2003-08-11,12.455657842584445,12.547020070226903,12.446957349792998,12.490462303161621,1136200,0.0,0.0
2003-08-12,12.529617543025667,12.542669527041438,12.316440116257535,12.46000862121582,621900,0.0,0.0
2003-08-13,12.464354928529863,12.486108227623996,12.229425106937814,12.316435813903809,964100,0.0,0.0
2003-08-14,12.377348549620933,12.507865070610126,12.312089459322532,12.481761932373047,1144700,0.0,0.0
2003-08-15,12.525269875739898,12.525269875739898,12.386051178260718,12.394752502441406,437500,0.0,0.0
2003-08-18,12.425200369553078,12.612274601019692,12.407798559311571,12.486108779907227,823800,0.0,0.0
2003-08-19,12.564424514840725,12.581827163672882,12.473063097883802,12.577476501464844,657100,0.0,0.0
2003-08-20,12.581825848452764,12.716693043587997,12.555722707737145,12.673187255859375,818500,0.0,0.0
2003-08-21,12.747146969773159,12.75584829336411,12.5731246469736,12.6644868850708,686700,0.0,0.0
2003-08-22,12.71669011814603,12.71669011814603,12.39909935145464,12.403450012207031,649900,0.0,0.0
2003-08-25,12.420854932276498,12.420854932276498,12.194626325190754,12.333844184875488,597200,0.0,0.0
2003-08-26,12.333846411161828,12.503518104553223,12.229432997551426,12.503518104553223,412000,0.0,0.0
2003-08-27,12.46000910260083,12.647083398368723,12.46000910260083,12.599226951599121,537100,0.0,0.0
2003-08-28,12.599227071369125,12.612279056013227,12.451308727755183,12.573123931884766,600600,0.0,0.0
2003-08-29,12.57312559344502,12.655786514173764,12.507867321208202,12.651435852050781,620600,0.0,0.0
2003-09-02,12.7036378569225,12.781947254219657,12.599223667585717,12.768896102905273,917200,0.0,0.0
2003-09-03,12.812410092907038,12.895070203583439,12.755852301597763,12.877668380737305,1166000,0.0,0.0
2003-09-04,12.87766265969311,12.96032356345064,12.85155952211844,12.882013320922852,730700,0.0,0.0
2003-09-05,12.834161889266472,12.842863215124046,12.729748468387916,12.790656089782715,613700,0.0,0.0
2003-09-08,12.786305426853927,12.860265037035084,12.703645320619303,12.790656089782715,538300,0.0,0.0
2003-09-09,12.747142801041937,12.794999235337661,12.660132082999443,12.768896102905273,643400,0.0,0.0
2003-09-10,12.725396535022751,12.742799185000509,12.520920376608245,12.607931137084961,638600,0.0,0.0
2003-09-11,12.68189200597537,12.83851255219526,12.68189200597537,12.790656089782715,917300,0.0,0.0
2003-09-12,12.790650256733572,12.873311155075621,12.629679950797916,12.834156036376953,829100,0.0,0.0
2003-09-15,12.790648574964992,12.834154348888049,12.716689008236884,12.768896102905273,493300,0.0,0.0
2003-09-16,12.751495026807492,12.877661703692405,12.751495026807492,12.873311042785645,878300,0.0,0.0
2003-09-17,12.914372710087017,12.914372710087017,12.671538688286558,12.79074764251709,1898700,0.433,0.0
2003-09-18,12.84814506158255,12.998260911209517,12.817239005858207,12.914372444152832,1687500,0.0,0.0
2003-09-19,12.958521517471885,13.03799469626082,12.936445166626804,12.98942756652832,1340000,0.0,0.0
2003-09-22,12.980601880652962,12.985017152473194,12.808410490298886,12.936450004577637,813800,0.0,0.0
2003-09-23,12.914374772337752,13.024754043896193,12.892299254876868,13.015923500061035,544300,0.0,0.0
2003-09-24,12.980603144947178,13.020339753072566,12.808411737821878,12.848148345947266,527800,0.0,0.0
2003-09-25,12.84814381896607,12.927617007214854,12.759840089328138,12.852559089660645,567400,0.0,0.0
2003-09-26,12.826069831848145,12.84814618939401,12.693615055080684,12.826069831848145,701200,0.0,0.0
2003-09-29,12.826068477003181,12.9276180267334,12.803992963916132,12.927618026733398,627800,0.0,0.0
2003-09-30,12.85697537430263,12.99384540812139,12.733350311485362,12.927618026733398,1250600,0.0,0.0
2003-10-01,12.980599794229388,13.046827176633888,12.883466356177912,13.024751663208008,1018300,0.0,0.0
2003-10-02,13.024752754682687,13.090980142637044,12.98060088200414,13.046828269958496,1182900,0.0,0.0
2003-10-03,13.113057466035215,13.249927523507239,13.06449031829834,13.06449031829834,1179600,0.0,0.0
2003-10-06,13.10864100988662,13.245511054992676,13.099810467072833,13.245511054992676,959000,0.0,0.0
2003-10-07,13.245510619068847,13.249925890330431,13.113055849728914,13.143961906433105,758800,0.0,0.0
2003-10-08,13.135130801840532,13.192527641531248,13.06890342000452,13.18811321258545,698100,0.0,0.0
2003-10-09,13.192531217609652,13.276419706475771,13.090982481792658,13.183701515197754,755600,0.0,0.0
2003-10-10,13.241097555128587,13.31615549483405,13.205776221274665,13.223437309265137,573300,0.0,0.0
2003-10-13,13.289661154810888,13.377964044793183,13.267584800720213,13.267584800720215,530100,0.0,0.0
2003-10-14,13.223433517420624,13.271999811213899,12.989429221410171,13.113054275512695,893800,0.0,0.0
2003-10-15,13.157206961199135,13.179283317646494,13.046827705343011,13.09097957611084,987300,0.0,0.0
2003-10-16,13.099807795659732,13.179280980523213,13.077732285253983,13.157204627990723,586400,0.0,0.0
2003-10-17,13.157208748037585,13.188115651261255,12.879053356040592,12.883468627929688,630700,0.0,0.0
2003-10-20,12.848146966671548,13.029168898864308,12.848146966671548,12.932035446166992,475800,0.0,0.0
2003-10-21,12.971770339043045,13.104225957078686,12.90554295108869,13.046828269958496,678500,0.0,0.0
2003-10-22,13.042409975331529,13.042409975331529,12.786329358113878,12.879048347473145,611200,0.0,0.0
2003-10-23,12.88346531933671,12.88346531933671,12.658291563581557,12.781916618347168,583500,0.0,0.0
2003-10-24,12.781915265598814,12.781915265598814,12.59206285385123,12.737763404846191,433300,0.0,0.0
2003-10-27,12.742179848676619,13.060071759544975,12.742179848676619,12.852559089660645,603400,0.0,0.0
2003-10-28,12.839314526078773,12.870220581819337,12.375722005716586,12.618556022644043,960400,0.0,0.0
2003-10-29,12.649462579715614,12.826069221037404,12.58765046578471,12.812824249267578,519900,0.0,0.0
2003-10-30,12.82165526746344,12.97177028656006,12.82165526746344,12.971770286560059,517300,0.0,0.0
2003-10-31,12.971769284479917,13.0777341071446,12.834899248217749,12.914372444152832,578000,0.0,0.0
2003-11-03,12.91437137870549,13.077733028219773,12.91437137870549,13.06007194519043,727200,0.0,0.0
2003-11-04,13.060070935906063,13.113053338772822,12.73776377466957,12.8746337890625,1179100,0.0,0.0
2003-11-05,12.874636391177978,12.874636391177978,12.494931479915774,12.684783935546875,1063700,0.0,0.0
2003-11-06,12.684782345986049,12.817237942262086,12.569987832730867,12.781916618347168,926500,0.0,0.0
2003-11-07,12.7598402645711,12.92320191400684,12.64946102207113,12.781916618347168,717400,0.0,0.0
2003-11-10,12.759838657961826,12.795159977429387,12.662705239957702,12.715686798095703,759000,0.0,0.0
2003-11-11,12.706859286147374,12.737765340733304,12.58323422567682,12.627386093139648,471800,0.0,0.0
2003-11-12,12.671541627486981,12.77309036254883,12.600898955954646,12.773090362548828,797600,0.0,0.0
2003-11-13,12.77308472502295,12.777499995310881,12.667120764492678,12.737763404846191,405300,0.0,0.0
2003-11-14,12.702443254552227,12.914371195131132,12.702443254552227,12.852559089660645,443500,0.0,0.0
2003-11-17,12.852559266177003,12.852559266177003,12.737764752921821,12.781916618347168,708400,0.0,0.0
2003-11-18,12.848143107171358,12.892294969544286,12.76425465287547,12.856973648071289,824700,0.0,0.0
2003-11-19,12.870223724781473,12.901129788069428,12.799581053801274,12.808411598205566,1025100,0.0,0.0
2003-11-20,12.808403701021385,12.812818970501239,12.583230010308055,12.675948143005371,773000,0.0,0.0
2003-11-21,12.803992965277056,12.808408236320302,12.600895550048717,12.63180160522461,1345100,0.0,0.0
2003-11-24,12.693612012869409,12.751008844478797,12.61413882900508,12.728933334350586,715100,0.0,0.0
2003-11-25,12.803991229183874,13.007088616874237,12.799575958739293,12.967352867126465,1353000,0.0,0.0
2003-11-26,13.07773407440772,13.08656377450196,12.923202954045983,13.024751663208008,603500,0.0,0.0
2003-11-28,13.060072698272162,13.09097875322886,12.962939262390137,12.962939262390137,172100,0.0,0.0
2003-12-01,13.002675589808005,13.099809023676327,13.002675589808005,13.068902969360352,811000,0.0,0.0
2003-12-02,13.090976728437337,13.157204099119225,13.024749357755447,13.108637809753418,1210300,0.0,0.0
2003-12-03,13.11305253492462,13.157203552125889,13.033579356559663,13.042409896850586,647900,0.0,0.0
2003-12-04,13.068905632803611,13.068905632803611,12.901128672142775,12.936450004577637,890100,0.0,0.0
2003-12-05,12.936447716176163,12.9629393424113,12.892296690037956,12.909956932067871,996000,0.0,0.0
2003-12-08,12.914370778337082,12.949692100626951,12.90112496668085,12.91878604888916,599700,0.0,0.0
2003-12-09,12.949690977133853,13.05123966464119,12.923200198246434,12.98942756652832,640300,0.0,0.0
2003-12-10,13.01592657287515,13.038002937674857,12.936453343850625,12.945283889770508,542100,0.0,0.0
2003-12-11,12.949694823767235,13.07773517032233,12.949694823767235,13.046828269958496,1158000,0.0,0.0
2003-12-12,13.090977254646734,13.192525949915966,13.064486473734489,13.157204627990723,1086200,0.0,0.0
2003-12-15,13.245509595542218,13.245509595542218,13.068902969360352,13.068902969360352,852200,0.0,0.0
2003-12-16,13.121887737573964,13.236682283130968,13.05124506986612,13.223437309265137,1698100,0.0,0.0
2003-12-17,13.224778487111523,13.260617960471698,13.153099540391171,13.215818405151367,922000,0.433,0.0
2003-12-18,13.206856494153017,13.28301547130607,13.144137638078854,13.188937187194824,767600,0.0,0.0
2003-12-19,13.144132630318492,13.197891385191939,13.135172553012916,13.157572746276855,948300,0.0,0.0
2003-12-22,13.15758164250682,13.188941079799374,13.108302038486759,13.148621559143066,752300,0.0,0.0
2003-12-23,13.117263067138,13.215821427800089,13.103822941123816,13.13518238067627,672400,0.0,0.0
2003-12-24,13.130701541800182,13.22478070922874,13.130701541800182,13.206860542297363,548100,0.0,0.0
2003-12-26,13.220300110316277,13.265099671276023,13.135181029940815,13.1710205078125,218700,0.0,0.0
2003-12-29,13.242701855123716,13.305421593586463,13.108304002453433,13.260622024536133,677000,0.0,0.0
2003-12-30,13.260617808345323,13.372616268121078,13.233738417253665,13.2830171585083,875600,0.0,0.0
2003-12-31,13.296452960798204,13.386051186816857,13.21133391977235,13.220293998718262,1024800,0.0,0.0
2004-01-02,13.220296549269294,13.296455526042353,13.144137572496236,13.229256629943848,1085400,0.0,0.0
2004-01-05,13.305421999580615,13.39502028593452,13.171023288328655,13.224782943725586,1327700,0.0,0.0
2004-01-06,13.2247814962957,13.296460459325976,13.166541804783199,13.274060249328613,782600,0.0,0.0
2004-01-07,13.314378419299244,13.327818543931334,13.130700988396786,13.1710205078125,1089600,0.0,0.0
2004-01-08,13.206859909043493,13.229260116633652,13.090381393016312,13.211339950561523,2202800,0.0,0.0
2004-01-09,13.220300110316277,13.220300110316277,13.126220946852756,13.1710205078125,1585200,0.0,0.0
2004-01-12,13.171019710914798,13.206859186618056,13.059021242532053,13.10382080078125,811500,0.0,0.0
2004-01-13,13.17101743947632,13.215816989999507,12.879821642796129,12.960460662841797,1672900,0.0,0.0
2004-01-14,12.9156634869478,13.036622039255322,12.9156634869478,13.023181915283203,912300,0.0,0.0
2004-01-15,13.050065678816795,13.07246589293814,12.92014785483618,13.059025764465332,686400,0.0,0.0
2004-01-16,13.126216410339389,13.126216410339389,12.884300231933594,12.884300231933594,671300,0.0,0.0
2004-01-20,12.879825193739157,12.951504152545866,12.745427359596723,12.763346672058105,898300,0.0,0.0
2004-01-21,12.709585750905177,12.76782457474842,12.700625668935308,12.7454252243042,750900,0.0,0.0
2004-01-22,12.745427765266758,13.099342528829451,12.682708033454158,12.740947723388672,1346300,0.0,0.0
2004-01-23,12.978384337874825,12.9873444218908,12.861905809109091,12.982864379882812,894200,0.0,0.0
2004-01-26,12.982862397847363,13.032141997931282,12.893264134808115,13.023181915283203,859300,0.0,0.0
2004-01-27,13.059021242532053,13.157580441576389,13.036621890647703,13.10382080078125,1010800,0.0,0.0
2004-01-28,13.103818504819454,13.260616503978321,13.081419156859766,13.139657974243164,1141000,0.0,0.0
2004-01-29,13.13966185841413,13.269580507530113,13.081423023814947,13.23822021484375,802800,0.0,0.0
2004-01-30,13.238217811827512,13.238217811827512,13.000781620237523,13.03662109375,1325900,0.0,0.0
2004-02-02,13.081422642876081,13.188941079799374,13.045583163901648,13.148621559143066,911500,0.0,0.0
2004-02-03,13.162060426027674,13.28749902583127,13.014222472982263,13.032142639160156,965200,0.0,0.0
2004-02-04,13.032143609619382,13.032143609619382,12.723027555876325,12.740947723388672,901200,0.0,0.0
2004-02-05,12.740943543712245,12.969420477658938,12.740943543712245,12.902220726013184,892200,0.0,0.0
2004-02-06,12.92910057630818,13.17101676966214,12.83502143954586,13.144137382507324,920400,0.0,0.0
2004-02-09,13.103819214640408,13.11725933683247,12.947021206987946,13.108299255371094,1393200,0.0,0.0
2004-02-10,13.10830242020837,13.269580507530113,13.099342336583694,13.23822021484375,998600,0.0,0.0
2004-02-11,13.233739065119234,13.323337324637912,13.157580074564097,13.305418014526367,1579800,0.0,0.0
2004-02-12,13.305414698854777,13.305414698854777,13.135176595575329,13.175496101379395,735100,0.0,0.0
2004-02-13,13.175497716397965,13.211337186563547,12.93358150640037,12.97838020324707,1155100,0.0,0.0
2004-02-17,13.067978858947754,13.148617877682378,13.005260001923197,13.067978858947754,630700,0.0,0.0
2004-02-18,13.15758499763766,13.188944442926745,13.036626404824785,13.059025764465332,694400,0.0,0.0
2004-02-19,13.130702652585462,13.144142778920958,12.991824765041331,13.126222610473633,934900,0.0,0.0
2004-02-20,13.211337618698158,13.211337618698158,13.036620302736091,13.09485912322998,990000,0.0,0.0
2004-02-23,13.13069956882544,13.215818639998606,13.059020620831342,13.121740341186523,633200,0.0,0.0
2004-02-24,12.969422363078952,13.13069956882544,12.955982239899885,13.121740341186523,1235200,0.0,0.0
2004-02-25,13.112780026050919,13.23373856907168,13.112780026050919,13.215818405151367,1911100,0.0,0.0
2004-02-26,13.283017398467834,13.345737118121994,13.260618047900211,13.314376831054688,1716600,0.0,0.0
2004-02-27,13.345736172289916,13.38157564334639,13.291976538465013,13.327816009521484,940300,0.0,0.0
2004-03-01,13.395018973665287,13.551817027524512,13.377099659942301,13.524937629699707,1791600,0.0,0.0
2004-03-02,13.529417344317677,13.67277526855469,13.50701713460525,13.672775268554688,1067900,0.0,0.0
2004-03-03,13.663815487646083,13.919171902665516,13.601096608021843,13.816133499145508,1883200,0.0,0.0
2004-03-04,13.798206862712384,13.798206862712384,13.654849002499308,13.708608627319336,1123400,0.0,0.0
2004-03-05,13.663812721705225,13.82957082577601,13.663812721705225,13.762371063232422,1173100,0.0,0.0
2004-03-08,13.762370751368225,13.820610430322187,13.66829245310784,13.771330833435059,940300,0.0,0.0
2004-03-09,13.766853891166091,13.816133499145508,13.739974493395795,13.816133499145508,880700,0.0,0.0
2004-03-10,13.789248964391096,13.93260683840098,13.619010848144107,13.645890235900879,1713200,0.0,0.0
2004-03-11,13.645891040594073,13.645891040594073,13.260616945093116,13.269577026367188,1048700,0.0,0.0
2004-03-12,13.327816260923244,13.41293532671811,13.28749674841412,13.372615814208984,749000,0.0,0.0
2004-03-15,13.377095533608477,13.462213742878017,13.238216836311127,13.368135452270508,660600,0.0,0.0
2004-03-16,13.395017546967273,13.471176544759766,13.345738798617232,13.43533706665039,921300,0.0,0.0
2004-03-17,13.477604898738685,13.782157897949219,13.436694729665776,13.782157897949219,1894500,0.433,0.0
2004-03-18,13.773069748928265,13.773069748928265,13.618520378164202,13.65034008026123,1326400,0.0,0.0
2004-03-19,13.645793556746236,13.809433393753764,13.636702213857435,13.723068237304688,987000,0.0,0.0
2004-03-22,13.523064295450846,13.677613671044432,13.500336803098131,13.636703491210938,1096700,0.0,0.0
2004-03-23,13.64579435571179,13.682158862397968,13.568519670628879,13.659430503845215,866100,0.0,0.0
2004-03-24,13.645797545551746,13.723072248698381,13.477611120939036,13.518521308898926,1066000,0.0,0.0
2004-03-25,13.568518196983558,13.618518846372707,13.550335512116133,13.600337028503418,1066600,0.0,0.0
2004-03-26,13.63216466395092,13.63216466395092,13.295792579650879,13.295792579650879,1040000,0.0,0.0
2004-03-29,13.31851497496455,13.47306436887731,13.204875765734482,13.40942668914795,766400,0.0,0.0
2004-03-30,13.432151896399834,13.459425926208496,13.345786736333714,13.459425926208496,717100,0.0,0.0
2004-03-31,13.454883238233494,13.568522453308105,13.359425846731652,13.568522453308105,1017300,0.0,0.0
2004-04-01,13.63215743721665,13.732159614562988,13.577611110299824,13.732159614562988,1273200,0.0,0.0
2004-04-02,13.84579836715389,14.141260952057559,13.745796192985363,14.032167434692383,2173900,0.0,0.0
2004-04-05,14.023077148769795,14.027622820710842,13.423062324523924,13.423062324523926,2992600,0.0,0.0
2004-04-06,13.409431183965625,13.454887056294053,13.068513442000398,13.163969993591309,2301400,0.0,0.0
2004-04-07,13.141238319581687,13.500338643290677,12.977597577942312,13.195785522460938,2749900,0.0,0.0
2004-04-08,13.200329958073949,13.29124079835648,13.004870394318983,13.023052215576172,1059300,0.0,0.0
2004-04-12,13.013963776719292,13.018509449797952,12.11394131510863,12.618499755859375,2326000,0.0,0.0
2004-04-13,12.704868101882028,12.904872551426056,12.200309570126123,12.504862785339355,2072900,0.0,0.0
2004-04-14,12.386674502192095,12.777593681352144,12.273035286575654,12.463949203491211,1852300,0.0,0.0
2004-04-15,12.432125154251299,12.745769500732422,12.409396800449452,12.745769500732422,1154300,0.0,0.0
2004-04-16,12.745772294265407,12.854865815430523,12.659406264885353,12.72758960723877,1205300,0.0,0.0
2004-04-19,12.568500304013964,12.850326012654175,12.432133557025926,12.782142639160156,934800,0.0,0.0
2004-04-20,12.81850432574236,12.81850432574236,12.404857635498047,12.404857635498047,1194500,0.0,0.0
2004-04-21,12.34121821829065,12.58667933174316,12.27758053717261,12.477585792541504,1002500,0.0,0.0
2004-04-22,12.409400250299905,12.823046867510016,12.286670573642896,12.600314140319824,1191900,0.0,0.0
2004-04-23,12.613952499793978,12.623043844810379,12.386674076374268,12.477585792541504,937100,0.0,0.0
2004-04-26,12.473039863494579,12.804866146782922,12.473039863494579,12.7094087600708,888100,0.0,0.0
2004-04-27,12.677588228029295,12.909412288246534,12.677588228029295,12.83668327331543,1127100,0.0,0.0
2004-04-28,12.84123311996414,12.927599178397825,12.677592349668432,12.750321388244629,1054900,0.0,0.0
2004-04-29,12.727597594966085,12.918511593570527,12.400316826072233,12.604866981506348,1026700,0.0,0.0
2004-04-30,12.7184988369958,12.823046691116618,12.473038620060038,12.482129096984863,1198600,0.0,0.0
2004-05-03,12.50031122139522,12.736680950752088,12.391217700230106,12.72758960723877,1517500,0.0,0.0
2004-05-04,12.713954791056723,13.132147128022037,12.686681622797659,12.98214340209961,1508900,0.0,0.0
2004-05-05,12.936685662617007,13.159419249841124,12.936685662617007,12.963959693908691,1579100,0.0,0.0
2004-05-06,12.86395685148371,12.895776555164375,12.67758863634548,12.79577350616455,1227600,0.0,0.0
2004-05-07,12.727590658859578,12.777592185315985,12.427583234117753,12.43212890625,2460300,0.0,0.0
2004-05-10,12.386670659145917,12.568493174320908,12.127573466646787,12.427580833435059,1538400,0.0,0.0
2004-05-11,12.400310603815148,12.62304334592384,12.350309075199485,12.473039627075195,948900,0.0,0.0
2004-05-12,12.391219748882467,12.504858960592323,12.236670351597192,12.477585792541504,986000,0.0,0.0
2004-05-13,12.432124618362883,12.541218110915121,12.304848443552933,12.454852104187012,1138000,0.0,0.0
2004-05-14,12.45485642446104,12.64577031940015,12.373036059915947,12.486675262451172,1168600,0.0,0.0
2004-05-17,12.373038992258946,12.600317451193156,12.282128128884372,12.54122543334961,1460800,0.0,0.0
2004-05-18,12.545767512106798,12.695771217346191,12.495765988027577,12.695771217346191,1187300,0.0,0.0
2004-05-19,12.68213674193752,12.886687684145562,12.341219082923079,12.404857635498047,1457000,0.0,0.0
2004-05-20,12.554859678260787,12.750318381467206,12.44576527912458,12.613951683044434,1630900,0.0,0.0
2004-05-21,12.75031890150277,12.841230615491433,12.618497869917402,12.673044204711914,1034400,0.0,0.0
2004-05-24,12.754868596163643,12.868507840986553,12.704867918000634,12.782142639160156,848600,0.0,0.0
2004-05-25,12.72759243281817,13.077601432800293,12.72759243281817,13.077601432800293,1047700,0.0,0.0
2004-05-26,13.07760152933059,13.227605263716095,12.945779619144131,13.204876899719238,1036100,0.0,0.0
2004-05-27,13.227603988358117,13.500338261035282,13.145783619855132,13.273059844970703,986000,0.0,0.0
2004-05-28,13.2503287794459,13.46397100183202,13.241237436578794,13.382150650024414,1067400,0.0,0.0
2004-06-01,13.391243858365733,13.418517892532297,13.059417578991054,13.273059844970703,1054500,0.0,0.0
2004-06-02,13.25032750710181,13.486697196960451,13.218508677120472,13.48669719696045,952100,0.0,0.0
2004-06-03,13.373063933273176,13.532159020490262,13.241242017093786,13.291243553161621,881300,0.0,0.0
2004-06-04,13.386699118447345,13.536702839103365,13.291241732394411,13.363970756530762,797800,0.0,0.0
2004-06-07,13.363968472917362,13.463971514265255,13.332149638669653,13.413969993591309,558200,0.0,0.0
2004-06-08,13.459425926208496,13.47760774574939,13.277602528810275,13.459425926208496,767400,0.0,0.0
2004-06-09,13.436695682990868,13.632155200874047,13.413968195003651,13.48669719696045,1002000,0.0,0.0
2004-06-10,13.473061956261814,13.51397213361874,13.377605453761127,13.404878616333008,530700,0.0,0.0
2004-06-14,13.227608561650568,13.245790390382748,13.118514988261532,13.163969993591309,1409500,0.0,0.0
2004-06-15,13.204870526151659,13.38669388237246,13.204870526151659,13.368511199951172,1249700,0.0,0.0
2004-06-16,13.332990172877288,13.471395444955384,13.263787976815072,13.43910026550293,711100,0.433,0.0
2004-06-17,13.379126695667605,13.43448898641554,13.222267898494511,13.332991600036621,1378600,0.0,0.0
2004-06-18,13.203813775692824,13.365285282980011,13.203813775692824,13.273015975952148,1059100,0.0,0.0
2004-06-21,13.291465884327986,13.549821985898669,13.273012379903497,13.503686904907227,973700,0.0,0.0
2004-06-22,13.549823179126921,13.59134378772679,13.452939412517742,13.572890281677246,701500,0.0,0.0
2004-06-23,13.517535361932037,13.683621406555174,13.517535361932037,13.683621406555176,733200,0.0,0.0
2004-06-24,13.60980514718705,13.771277587636002,13.60980514718705,13.725142478942871,881800,0.0,0.0
2004-06-25,13.748208685799181,13.84970609421507,13.706687178711581,13.840478897094727,896200,0.0,0.0
2004-06-28,13.946588707965551,13.992723812567501,13.785116281835696,13.868159294128418,814500,0.0,0.0
2004-06-29,13.822018333044248,13.826631929545023,13.56827668517647,13.572890281677246,1066600,0.0,0.0
2004-06-30,13.568284975194631,13.803573260770468,13.549831457870262,13.715916633605957,1107500,0.0,0.0
2004-07-01,13.720526384086462,13.817410182712665,13.609802671337837,13.748207092285156,793500,0.0,0.0
2004-07-02,13.789728355353452,14.066538072400197,13.789728355353452,13.955814361572266,952400,0.0,0.0
2004-07-06,14.001945495605469,14.071147685280064,13.734363050231073,14.001945495605469,657000,0.0,0.0
2004-07-07,13.978876539449136,14.066533109577765,13.923515143544176,14.034238815307617,863000,0.0,0.0
2004-07-08,14.034242109341072,14.135738612291833,13.780500411987303,13.780500411987305,959900,0.0,0.0
2004-07-09,13.895840884861945,13.932748792552719,13.679006157218964,13.868159294128418,726200,0.0,0.0
2004-07-12,13.895839348189822,13.969655155408445,13.798955551244237,13.955814361572266,428800,0.0,0.0
2004-07-13,13.955813705096856,13.955813705096856,13.80818209760414,13.863543510437012,617400,0.0,0.0
2004-07-14,13.863542383768731,13.941971778869627,13.840475276955294,13.941971778869629,616000,0.0,0.0
2004-07-15,13.941972568878873,14.089605052692981,13.928132655988072,14.084991455078125,1310000,0.0,0.0
2004-07-16,14.278755487722758,14.278755487722758,14.038853736288804,14.057307243347168,639200,0.0,0.0
2004-07-19,14.08038095809694,14.200331882636242,14.001951541281013,14.121902465820312,688500,0.0,0.0
2004-07-20,14.16341970449278,14.16341970449278,14.066535922355705,14.098830223083496,1461600,0.0,0.0
2004-07-21,14.140353283732017,14.218782685590947,13.946586577960176,13.978880882263184,584100,0.0,0.0
2004-07-22,13.932745499436754,13.955812606308667,13.688230118807345,13.697457313537598,964000,0.0,0.0
2004-07-23,13.665165286402486,13.7251403022241,13.540600776672365,13.540600776672363,709000,0.0,0.0
2004-07-26,13.517532693634427,13.540600684141925,13.402195380958522,13.457557678222656,523700,0.0,0.0
2004-07-27,13.457558110127179,13.632870443841297,13.365287905043607,13.416036605834961,488600,0.0,0.0
2004-07-28,13.416032349443535,13.683614803347597,13.259173578539055,13.586731910705566,749600,0.0,0.0
2004-07-29,13.586736157111336,13.840477899962425,13.531373858331776,13.545214653015137,480700,0.0,0.0
2004-07-30,13.58673835166017,13.743597196925448,13.58673835166017,13.632872581481934,997200,0.0,0.0
2004-08-02,13.642094826113984,13.808180809020998,13.48984963510046,13.808180809020996,946100,0.0,0.0
2004-08-03,13.78972915250147,13.88199935683556,13.69284622990917,13.757434844970703,1016700,0.0,0.0
2004-08-04,13.831252498670116,14.209558802910312,13.674393658382131,14.181878089904785,1238900,0.0,0.0
2004-08-05,14.181874025569675,14.264917020741244,14.066536727821106,14.144966125488281,1022900,0.0,0.0
2004-08-06,14.066537479624058,14.33873358725483,13.918905871408139,13.978880882263184,1015100,0.0,0.0
2004-08-09,14.02501271371043,14.103442097304928,13.932743420039813,13.988104820251465,697100,0.0,0.0
2004-08-10,14.071152511605819,14.13574112679516,13.95581519593692,13.969655990600586,1323500,0.0,0.0
2004-08-11,13.978880882263184,14.020402382068134,13.955813773462118,13.978880882263184,1410600,0.0,0.0
2004-08-12,13.978881569046106,13.978881569046106,13.831249953577041,13.858931541442871,767800,0.0,0.0
2004-08-13,13.817411784247815,13.895841199862843,13.817411784247815,13.840478897094727,764600,0.0,0.0
2004-08-16,13.863543578350273,14.061923881873085,13.826635676296293,13.978880882263184,1073500,0.0,0.0
2004-08-17,14.025015317693075,14.11267191091565,13.90967801922528,14.048083305358887,1316300,0.0,0.0
2004-08-18,14.07115213021194,14.32028114768207,14.061924934019595,14.306440353393555,1113200,0.0,0.0
2004-08-19,14.232623490871143,14.269531392956312,14.025015991670948,14.04347038269043,1069400,0.0,0.0
2004-08-20,14.15880839418369,14.375642219774514,14.140354002242084,14.366415023803711,1130400,0.0,0.0
2004-08-23,14.36641474535692,14.440230551784978,14.301826134720823,14.361801147460938,885000,0.0,0.0
2004-08-24,14.477140650617189,14.850833337328089,14.435620023163938,14.841606140136719,1851600,0.0,0.0
2004-08-25,14.836991740434671,14.956941770516075,14.730881624618277,14.795470237731934,1465300,0.0,0.0
2004-08-26,14.795467850825936,14.9246450562135,14.763173549479045,14.901577949523926,803100,0.0,0.0
2004-08-27,14.92464715911495,14.94771602896239,14.841604155405674,14.887740135192871,544000,0.0,0.0
2004-08-30,14.86466768420923,14.961550567089708,14.781624710338237,14.910801887512207,862700,0.0,0.0
2004-08-31,14.910805673093511,15.067664468017078,14.878511370601085,14.943099975585938,1178000,0.0,0.0
2004-09-01,15.016919842699096,15.123029973899587,14.80931229908597,14.89696979522705,1200300,0.0,0.0
2004-09-02,14.896966902612371,14.943101121164757,14.80930942349216,14.929261207580566,837000,0.0,0.0
2004-09-03,14.924647346969849,15.072278964331748,14.86005873436248,15.053826332092285,615800,0.0,0.0
2004-09-07,15.16916491290567,15.289114952087402,15.067667507508002,15.289114952087402,1129400,0.0,0.0
2004-09-08,15.224524734908059,15.321407651752363,15.146096209817241,15.196843147277832,1079300,0.0,0.0
2004-09-09,15.196845312418839,15.196845312418839,14.832380702853264,14.841606140136719,1141800,0.0,0.0
2004-09-10,14.767786906794264,14.836989989769233,14.597088198005517,14.813922882080078,963400,0.0,0.0
2004-09-13,14.647840425552276,14.71242904663086,14.597091720445409,14.71242904663086,1319600,0.0,0.0
2004-09-14,14.721651239207665,14.735492030428093,14.394093766573866,14.431001663208008,1463500,0.0,0.0
2004-09-15,14.502579508542695,14.670996846437774,14.404336656307667,14.586788177490234,1292300,0.433,0.0
2004-09-16,14.586784599885306,14.717775037404845,14.558715347889038,14.71309757232666,1007800,0.0,0.0
2004-09-17,14.806662204854861,14.820697277159054,14.582106401820438,14.628889083862305,1173400,0.0,0.0
2004-09-20,14.633569104373032,14.633569104373032,14.4651517868042,14.4651517868042,666200,0.0,0.0
2004-09-21,14.502578756223354,14.628891753092192,14.423048449932486,14.54000473022461,609600,0.0,0.0
2004-09-22,14.479185674170898,14.530645822973367,14.334159266013152,14.338837623596191,686300,0.0,0.0
2004-09-23,14.315454318297576,14.380949574575919,14.184462913434945,14.189141273498535,914400,0.0,0.0
2004-09-24,14.221885462006398,14.28738159475013,14.179781123923187,14.231242179870605,717400,0.0,0.0
2004-09-27,14.29205547332577,14.3949775593818,14.175099206302463,14.259307861328125,629900,0.0,0.0
2004-09-28,14.259310322841124,14.352875709533691,14.207850163235303,14.352875709533691,730000,0.0,0.0
2004-09-29,14.315449733317797,14.357554068098887,14.198493446104916,14.352875709533691,876700,0.0,0.0
2004-09-30,14.385625293177942,14.596146995854077,14.334164234233603,14.502581596374512,1108000,0.0,0.0
2004-10-01,14.502582217325198,14.937659826613885,14.437086970268687,14.858129501342773,1176900,0.0,0.0
2004-10-04,14.862810003300519,15.017191424386958,14.85813164322124,14.923626899719238,723800,0.0,0.0
2004-10-05,14.947008748839034,15.059285746767213,14.900226071498723,14.979756355285645,1380800,0.0,0.0
2004-10-06,14.98444234135945,15.040582656860352,14.970408154790086,15.040582656860352,535700,0.0,0.0
2004-10-07,15.03590825955137,15.063978426364795,14.886204272437697,14.90491771697998,665900,0.0,0.0
2004-10-08,14.951693560991401,15.035902243124335,14.909590112230726,15.026545524597168,801700,0.0,0.0
2004-10-11,15.07333116818356,15.129469702373468,14.96573067509206,15.003156661987305,452900,0.0,0.0
2004-10-12,14.970401405182132,15.176243782043457,14.970401405182132,15.176243782043457,594800,0.0,0.0
2004-10-13,15.129465759079384,15.19496099599912,15.087361423257931,15.101395606994629,904600,0.0,0.0
2004-10-14,15.17157497567751,15.28853130340576,15.106079717687601,15.288531303405762,771700,0.0,0.0
2004-10-15,15.405481340059483,15.55518523564871,15.297881776642926,15.5177583694458,1100500,0.0,0.0
2004-10-18,15.494373183149637,15.700217453938006,15.470982275454194,15.616008758544922,901800,0.0,0.0
2004-10-19,15.620682699606585,15.877986195389576,15.414840259902483,15.433553695678711,1265700,0.0,0.0
2004-10-20,15.39145301069734,15.438234826630254,15.07333166544025,15.382096290588379,1185000,0.0,0.0
2004-10-21,15.428877022552397,15.765711784362793,15.33999086467988,15.765711784362793,1247600,0.0,0.0
2004-10-22,15.784427123131366,15.91541764199663,15.662791540231929,15.690861701965332,815300,0.0,0.0
2004-10-25,15.64875457641048,15.653432043563859,15.400805986601647,15.419519424438477,720700,0.0,0.0
2004-10-26,15.433547602358331,15.676815032958986,15.39612074558238,15.676815032958984,870700,0.0,0.0
2004-10-27,15.630036743152631,15.80781078338623,15.606645844740326,15.80781078338623,710700,0.0,0.0
2004-10-28,15.718922615051271,15.798453809891685,15.625359022925316,15.71892261505127,907600,0.0,0.0
2004-10-29,15.742312933218155,15.789094722254566,15.555182207850795,15.601963996887207,1059300,0.0,0.0
2004-11-01,15.695536197202294,15.840562661772129,15.676822759591031,15.789101600646973,1057200,0.0,0.0
2004-11-02,15.789102229197,15.812493134836432,15.391451479491536,15.424199104309082,1476400,0.0,0.0
2004-11-03,15.73296371998883,15.73296371998883,15.241747562450499,15.499051094055176,1243800,0.0,0.0
2004-11-04,15.58793525880597,15.672143936157227,15.503726581454714,15.672143936157227,1218100,0.0,0.0
2004-11-05,15.667466599472721,15.667466599472721,15.138823628294631,15.438231468200684,1643600,0.0,0.0
2004-11-08,15.48501546612693,15.718928097244326,15.438233653748151,15.653432846069336,1078500,0.0,0.0
2004-11-09,15.695532188388482,15.704888904804303,15.466298882339975,15.550507545471191,1104200,0.0,0.0
2004-11-10,15.531796735442294,15.742318428820433,15.480335678770805,15.672143936157227,632600,0.0,0.0
2004-11-11,15.718930986549239,15.906061839684476,15.690862607807407,15.877991676330566,625100,0.0,0.0
2004-11-12,15.831200292907088,16.29434789312728,15.784418500186705,16.2475643157959,1151200,0.0,0.0
2004-11-15,16.242883747178258,16.53761219730884,16.210136141608196,16.31773567199707,1469800,0.0,0.0
2004-11-16,16.31773498396041,16.4159777965282,16.139961000782566,16.186742782592773,1277400,0.0,0.0
2004-11-17,16.18674762204073,16.397269272348744,15.648749831932603,15.704888343811035,1165900,0.0,0.0
2004-11-18,15.793774469669478,15.93412342628223,15.461619079523011,15.704888343811035,1167600,0.0,0.0
2004-11-19,15.765714481256424,15.789105391580797,15.489697456359862,15.489697456359863,818300,0.0,0.0
2004-11-22,15.400800586548918,15.616001476992263,15.391445655522324,15.559861183166504,803500,0.0,0.0
2004-11-23,15.564543461298772,15.616004515011705,15.396126116278765,15.61132526397705,1095300,0.0,0.0
2004-11-24,15.658108806950464,16.02301186372013,15.639395372087565,15.994941711425781,1412800,0.0,0.0
2004-11-26,16.04172597158313,16.06043940723112,15.831204282071912,15.854595184326172,548500,0.0,0.0
2004-11-29,15.882664434110684,15.976229822415505,15.676820222917804,15.793776512145996,950300,0.0,0.0
2004-11-30,15.882668407864355,15.882668407864355,15.672146677659995,15.770389556884766,1084500,0.0,0.0
2004-12-01,15.817167799315648,16.139966486587365,15.75635003460259,16.08382797241211,1084100,0.0,0.0
2004-12-02,16.083834999141654,16.093191719693838,15.831208898068546,15.976235389709473,1309600,0.0,0.0
2004-12-03,15.976233136403478,16.27096176147461,15.976233136403478,16.27096176147461,1277300,0.0,0.0
2004-12-06,16.233533492180054,16.490836974577427,16.17739497238331,16.40195083618164,1483900,0.0,0.0
2004-12-07,16.401954025359643,16.401954025359643,16.163362146762058,16.196109771728516,754100,0.0,0.0
2004-12-08,16.196115039180356,16.36921172414114,16.130619767946456,16.364532470703125,1093100,0.0,0.0
2004-12-09,16.32710388518771,16.640545983439313,16.242895187380313,16.617155075073242,1177400,0.0,0.0
2004-12-10,16.916562563274177,16.916562563274177,16.504875804774787,16.785572052001953,1166600,0.0,0.0
2004-12-13,16.832350778358546,16.89316855512111,16.720073727763165,16.794925689697266,787100,0.0,0.0
2004-12-14,16.841706057139756,16.92123547912945,16.7481406665667,16.851062774658203,1409000,0.0,0.0
2004-12-15,16.88089072714817,17.037150480749062,16.757775230299018,16.928241729736328,887900,0.433,0.0
2004-12-16,16.92824562388639,17.02768383599113,16.700957507793255,16.743574142456055,993700,0.0,0.0
2004-12-17,16.748304668516393,16.928241729736328,16.549428290056174,16.928241729736328,1585300,0.0,0.0
2004-12-20,16.9282504563191,16.937721022983837,16.658345628514628,16.88089942932129,859200,0.0,0.0
2004-12-21,16.85722106301563,17.16500813837192,16.800399472880514,17.141332626342773,1207500,0.0,0.0
2004-12-22,17.155535494569808,17.273914846704287,17.103448290618545,17.236034393310547,877000,0.0,0.0
2004-12-23,17.236036662912536,17.278653307545635,17.02768781967259,17.046628952026367,826600,0.0,0.0
2004-12-27,17.051362239932136,17.11292001297667,16.880897478642616,17.093978881835938,645100,0.0,0.0
2004-12-28,17.065568752621648,17.198153056099905,17.027686490870337,17.09871482849121,803800,0.0,0.0
2004-12-29,17.103448696329185,17.278651442198605,17.065568242036882,17.25971031188965,546300,0.0,0.0
2004-12-30,17.307059663419352,17.34494192038647,17.202887069410643,17.316530227661133,483400,0.0,0.0
2004-12-31,17.335473372095112,17.40176552317128,17.122390167689108,17.131860733032227,1433700,0.0,0.0
2005-01-03,17.056096709766432,17.221827074758515,16.715163608839294,16.786191940307617,1549200,0.0,0.0
2005-01-04,16.85721536269393,17.018211318906943,16.663073339583402,16.68201446533203,1101700,0.0,0.0
2005-01-05,16.67728094150546,16.715161388618327,15.952798198265993,16.146940231323242,2217500,0.0,0.0
2005-01-06,16.170617542884706,16.378964517818623,16.075913715614647,16.146940231323242,1489900,0.0,0.0
2005-01-07,16.194295641748727,16.251117224681025,16.028563465901662,16.075916290283203,1199000,0.0,0.0
2005-01-10,16.123258818592124,16.18481655471195,15.976469656115471,15.98120403289795,928500,0.0,0.0
2005-01-11,15.957538170334512,16.04277145447358,15.787071602056379,15.796542167663574,1106100,0.0,0.0
2005-01-12,15.772865670031686,15.834421633138874,15.479283573552689,15.782336235046387,1091000,0.0,0.0
2005-01-13,15.782333097495084,16.13747108647931,15.782333097495084,15.92438793182373,1513000,0.0,0.0
2005-01-14,16.004889282496922,16.18956079706668,15.929126563536876,16.02383041381836,1020300,0.0,0.0
2005-01-18,16.028565592689713,16.194297790527344,15.895981279480239,16.194297790527344,785600,0.0,0.0
2005-01-19,16.20376968383789,16.407382356558458,16.10432963446031,16.20376968383789,1205500,0.0,0.0
2005-01-20,16.203763867854875,16.255851063993788,15.985944519789845,16.05223846435547,950700,0.0,0.0
2005-01-21,16.00963121137862,16.128010615113467,15.919661708491267,15.962278366088867,757300,0.0,0.0
2005-01-24,15.995419423018205,16.099593843559607,15.72551461191165,15.768131256103516,971300,0.0,0.0
2005-01-25,15.772863022529782,15.867565044129739,15.422459401104001,15.441400527954102,1465200,0.0,0.0
2005-01-26,15.436660503573451,15.583451490663029,15.31828119969229,15.379838943481445,1403600,0.0,0.0
2005-01-27,15.237791527215716,15.299349300847455,15.076795523635115,15.138352394104004,2143900,0.0,0.0
2005-01-28,15.067325302083477,15.2046457978113,15.019973375861369,15.072060585021973,2190700,0.0,0.0
2005-01-31,15.072055800807652,15.209375349784247,14.707447258744224,14.934736251831055,2048100,0.0,0.0
2005-02-01,14.944205868311187,15.247257557162817,14.887384297575782,15.180965423583984,1425700,0.0,0.0
2005-02-02,15.081531839401237,15.304084728693397,14.96788775317782,15.152559280395508,1658600,0.0,0.0
2005-02-03,15.057855864165173,15.356172389496832,15.034180350862062,15.038915634155273,1036000,0.0,0.0
2005-02-04,15.176232374594163,15.285141160307722,14.792683531815277,15.251995086669922,2393200,0.0,0.0
2005-02-07,15.20464406899465,15.484019408460057,15.152556865756525,15.251995086669922,1020500,0.0,0.0
2005-02-08,15.251992813983792,15.318284951381257,15.199905618507135,15.30408000946045,1053100,0.0,0.0
2005-02-09,15.351435646036185,15.531372791997653,15.299350241189535,15.4745512008667,1131300,0.0,0.0
2005-02-10,15.502960819356028,15.592928477101694,15.389315846017569,15.569252967834473,833100,0.0,0.0
2005-02-11,15.56925242429857,15.621339626663389,15.403520252562735,15.592927932739258,759300,0.0,0.0
2005-02-14,15.616607438964346,15.697106355860672,15.488757493064982,15.559785842895508,697600,0.0,0.0
2005-02-15,15.607135424799104,15.772867623594921,15.559784400186473,15.67342758178711,1143800,0.0,0.0
2005-02-16,15.668689734125246,15.83915627512504,15.507693757217151,15.730247497558594,851600,0.0,0.0
2005-02-17,15.78706977012785,15.92912462510038,15.739718753912168,15.886507987976074,1510600,0.0,0.0
2005-02-18,15.891246051276315,15.962272583993109,15.63554619831418,15.810747146606445,1258900,0.0,0.0
2005-02-22,15.810744061543053,15.810744061543053,15.38931390814738,15.431930541992188,1230000,0.0,0.0
2005-02-23,15.313549930823548,15.48401645202746,15.090997119489352,15.176229476928711,1398500,0.0,0.0
2005-02-24,15.176231354292593,15.256730246519245,15.12888033980074,15.223584175109863,699300,0.0,0.0
2005-02-25,15.138354843229878,15.559786051683126,15.138354843229878,15.540844917297363,1189600,0.0,0.0
2005-02-28,15.517163075607682,15.555043522608077,15.285138789801199,15.536104202270508,1338700,0.0,0.0
2005-03-01,15.536105644310414,15.720777130600784,15.50769395167904,15.649748802185059,857400,0.0,0.0
2005-03-02,15.602398497380635,15.682895587344076,15.408256438046179,15.592927932739258,663500,0.0,0.0
2005-03-03,15.602400462661521,15.763396469192994,15.583459330992937,15.744455337524414,614100,0.0,0.0
2005-03-04,15.75391878031509,16.127997833166084,15.75391878031509,16.104320526123047,1307200,0.0,0.0
2005-03-07,16.2132416554739,16.317414287842478,16.00489277808455,16.18009376525879,873100,0.0,0.0
2005-03-08,16.170615811198847,16.217966816600498,16.042765929024302,16.175350189208984,934700,0.0,0.0
2005-03-09,16.080648691330186,16.080648691330186,15.578721458911403,15.602396965026855,1132700,0.0,0.0
2005-03-10,15.68289044199549,15.87703243763453,15.53136507009794,15.843886375427246,1087600,0.0,0.0
2005-03-11,15.801276395607772,15.806012581528748,15.356170654296875,15.356170654296875,1135400,0.0,0.0
2005-03-14,15.403522028396806,15.716043472290037,15.341966060619482,15.716043472290039,803500,0.0,0.0
2005-03-15,15.810747900295382,15.943332212747505,15.578725353504167,15.768131256103516,1236000,0.0,0.0
2005-03-16,15.803149512403042,15.822340176491261,15.37616730211365,15.462523460388184,1805500,0.433,0.0
2005-03-17,15.472120980847473,15.659225406865994,15.472120980847473,15.606451988220215,796200,0.0,0.0
2005-03-18,15.649627799635358,15.673615214591967,15.409749989824357,15.496106147766113,1179500,0.0,0.0
2005-03-21,15.424141105543251,15.491306587289474,15.232238160449372,15.289809226989746,669600,0.0,0.0
2005-03-22,15.309005147000313,15.5392876759189,14.968379020690916,14.968379020690918,1208200,0.0,0.0
2005-03-23,14.973173532317476,15.241837357584748,14.728498953864623,15.083518028259277,1307900,0.0,0.0
2005-03-24,15.155475685859033,15.424139413493247,15.001954078674316,15.001954078674316,894500,0.0,0.0
2005-03-28,15.304202853311857,15.304202853311857,15.059527397155763,15.059527397155762,1282500,0.0,0.0
2005-03-29,15.011554885177576,15.27062246306293,15.006757218819901,15.136290550231934,915300,0.0,0.0
2005-03-30,15.160273677289085,15.472114562988281,15.160273677289085,15.472114562988281,1065100,0.0,0.0
2005-03-31,15.520089249982707,15.755170243526791,15.438531695769049,15.452923774719238,1226700,0.0,0.0
2005-04-01,15.831937829463296,15.831937829463296,15.285016633628747,15.40015697479248,1422900,0.0,0.0
2005-04-04,15.342585958258091,15.3809672899449,15.208254957599507,15.280218124389648,1837800,0.0,0.0
2005-04-05,15.289814680394437,15.342587185562623,15.193863173624559,15.285017013549805,886000,0.0,0.0
2005-04-06,15.342586631977088,15.520095723516745,15.332991298634038,15.44813346862793,1111400,0.0,0.0
2005-04-07,15.472116734300947,15.668816439733682,15.433735411230064,15.649625778198242,1154500,0.0,0.0
2005-04-08,15.711996362345749,15.735983777027135,15.37137031555176,15.371370315551758,1305700,0.0,0.0
2005-04-11,15.452923904146003,15.510495880672838,15.352175690406977,15.472114562988281,527400,0.0,0.0
2005-04-12,15.40975118077686,15.688010340121835,15.32339593122231,15.620844841003418,897800,0.0,0.0
2005-04-13,15.5920534639874,15.711992336787302,15.472114591187497,15.558470726013184,858600,0.0,0.0
2005-04-14,15.52489508751335,15.568073174671365,15.26102889765199,15.37617015838623,785500,0.0,0.0
2005-04-15,15.304205562619039,15.448132811458002,15.275420478875771,15.332990646362305,750600,0.0,0.0
2005-04-18,15.332989192354344,15.424143931530114,15.112302046147922,15.323394775390625,892600,0.0,0.0
2005-04-19,15.227445547985516,15.452930393710327,15.222647881260134,15.40015697479248,969400,0.0,0.0
2005-04-20,15.390560584225025,15.500904153024498,15.26102543706296,15.347381591796875,709100,0.0,0.0
2005-04-21,15.366573986489898,15.48651290759612,15.222647647186973,15.48171615600586,551100,0.0,0.0
2005-04-22,15.433736429211162,15.803148452584184,15.390560183091914,15.788756370544434,1392500,0.0,0.0
2005-04-25,15.822341315641593,16.03343314544248,15.80794923160048,16.019041061401367,1186700,0.0,0.0
2005-04-26,16.01903940362307,16.167764300439497,15.961469243293847,16.05742073059082,970700,0.0,0.0
2005-04-27,16.019037284491652,16.287701047357622,15.927884390185312,16.191749572753906,1213100,0.0,0.0
2005-04-28,16.095796920586533,16.11978432995201,15.971061293812836,16.033428192138672,1453200,0.0,0.0
2005-04-29,16.369261148712642,16.479604721069336,16.16776466791931,16.479604721069336,1487700,0.0,0.0
2005-05-02,16.47001640948817,16.522788006714787,15.923093296147167,16.503599166870117,1730600,0.0,0.0
2005-05-03,16.513192204253194,16.5467767908074,16.316492417960376,16.460420608520508,736000,0.0,0.0
2005-05-04,16.450815219312833,16.681097621291684,16.374054418653216,16.6571102142334,815800,0.0,0.0
2005-05-05,16.681106205781703,16.805841884749803,16.575559364262148,16.74347496032715,902100,0.0,0.0
2005-05-06,16.70988898583923,16.796243313017442,16.287703531271877,16.546772003173828,1227700,0.0,0.0
2005-05-09,16.517985954240487,16.940171407449995,16.517985954240487,16.892194747924805,1086800,0.0,0.0
2005-05-10,16.892188296798953,16.9209742815207,16.7002872223525,16.844213485717773,968500,0.0,0.0
2005-05-11,16.944974682814532,17.04572296142578,16.69070469485572,17.04572296142578,1323200,0.0,0.0
2005-05-12,17.093692705441544,17.103288037148854,16.829827488918898,16.95456314086914,1123700,0.0,0.0
2005-05-13,17.007340234003244,17.03132765340602,16.63792811880759,16.74347496032715,1011500,0.0,0.0
2005-05-16,16.729083293284685,16.959365844726562,16.729083293284685,16.959365844726562,810300,0.0,0.0
2005-05-17,16.887401983300837,17.00254233309528,16.78665371969998,16.964162826538086,961800,0.0,0.0
2005-05-18,17.1752481274539,17.204034118968515,16.9737516772181,17.088891983032227,1053800,0.0,0.0
2005-05-19,17.5542542509407,17.5542542509407,17.25680634604237,17.376745223999023,1362900,0.0,0.0
2005-05-20,17.46310566645392,17.55905532836914,17.24721526689969,17.55905532836914,1344000,0.0,0.0
2005-05-23,17.496691517090134,17.621427197774597,17.419930675871353,17.511083602905273,924600,0.0,0.0
2005-05-24,17.46311040786,17.511085251843255,17.218433945225648,17.367158889770508,1027400,0.0,0.0
2005-05-25,17.271203333294572,17.362356247598395,17.07930034198672,17.15606117248535,1074600,0.0,0.0
2005-05-26,17.22802472754615,17.32397622028049,17.074503071220214,17.180049896240234,964500,0.0,0.0
2005-05-27,17.256806244917044,17.2807936543434,17.127272037868288,17.23761558532715,593300,0.0,0.0
2005-05-31,17.261606043076625,17.352758947042787,17.199237303456435,17.22322654724121,1151500,0.0,0.0
2005-06-01,17.290390138133848,17.37194770165118,17.22322465520848,17.36235237121582,2826700,0.0,0.0
2005-06-02,17.32876968383789,17.386341666629736,17.26160420070289,17.32876968383789,722500,0.0,0.0
2005-06-03,17.381545057668312,17.48709187463516,17.223226662340405,17.295188903808594,1812000,0.0,0.0
2005-06-06,17.31438546331514,17.386349559413006,17.27120737168102,17.367158889770508,927800,0.0,0.0
2005-06-07,17.40073403754113,17.803728773195928,17.40073403754113,17.53986358642578,977500,0.0,0.0
2005-06-08,17.702989807297804,17.818130174788184,17.65501312907419,17.707786560058594,880100,0.0,0.0
2005-06-09,17.707779999750795,17.707779999750795,17.506283516230674,17.554258346557617,1157400,0.0,0.0
2005-06-10,17.53986763157672,17.61662846416058,17.434320800477934,17.54466438293457,584300,0.0,0.0
2005-06-13,17.463110320179883,17.717380286235837,17.415133646314526,17.678998947143555,1075200,0.0,0.0
2005-06-14,17.655014802823754,17.784549101123037,17.60224136683627,17.702991485595703,1146800,0.0,0.0
2005-06-15,17.796674718437135,17.811237689504207,17.57336718676194,17.743274688720703,1851500,0.433,0.0
2005-06-16,17.806387130788416,17.82580566354577,17.583079559638463,17.77240562438965,647000,0.0,0.0
2005-06-17,17.913184907476804,18.23843695603217,17.80152928439499,18.107364654541016,2085800,0.0,0.0
2005-06-20,18.0102743973698,18.141346702807525,17.966583628890554,18.058820724487305,704900,0.0,0.0
2005-06-21,18.083082968989487,18.121920009221245,17.767538498588465,17.85977554321289,1034800,0.0,0.0
2005-06-22,17.95688394238436,18.05397293469188,17.71901146678174,17.79183006286621,876500,0.0,0.0
2005-06-23,17.772405439441822,17.87434995757724,17.646186829685714,17.699586868286133,902200,0.0,0.0
2005-06-24,17.65103911255117,17.796674375978082,17.5296760843866,17.597639083862305,826100,0.0,0.0
2005-06-27,17.602492790173635,17.71900211202687,17.597639083862305,17.597639083862305,566400,0.0,0.0
2005-06-28,17.612204473886163,17.859786122387636,17.558804437862193,17.81609535217285,826000,0.0,0.0
2005-06-29,17.85979318525479,18.034556335226085,17.845228354854626,17.918046951293945,921000,0.0,0.0
2005-06-30,18.039399563850818,18.058818091866982,17.81609204722321,17.874345779418945,1307700,0.0,0.0
2005-07-01,17.922894572386234,18.165620675599612,17.864640826133922,18.146203994750977,1051500,0.0,0.0
2005-07-05,18.14619813469433,18.50543161440299,18.058816617607878,18.44717788696289,1467200,0.0,0.0
2005-07-06,18.466596413393795,18.607377952238924,18.442324181281467,18.44717788696289,1336800,0.0,0.0
2005-07-07,18.325813017307553,18.680192755419952,18.209303722382455,18.66077423095703,1220400,0.0,0.0
2005-07-08,18.66078527273699,18.99574853644012,18.612240784707833,18.888948440551758,1109100,0.0,0.0
2005-07-11,19.010305561062864,19.27245015880108,18.942342558357314,19.189922332763672,1217300,0.0,0.0
2005-07-12,19.189923878417044,19.345268426214236,19.10739789758551,19.25788688659668,857000,0.0,0.0
2005-07-13,19.345265856725245,19.345265856725245,19.083123124544148,19.126813888549805,1068700,0.0,0.0
2005-07-14,19.248172793005075,19.311280220498414,18.850102295936207,18.89379119873047,1758800,0.0,0.0
2005-07-15,18.932639410045876,18.952057946193335,18.733604044168253,18.85496711730957,1614400,0.0,0.0
2005-07-18,18.874382513934183,18.95205479375065,18.748163901824157,18.825836181640625,1544200,0.0,0.0
2005-07-19,18.922918671875788,19.068553900998108,18.884083474974293,19.015153884887695,751100,0.0,0.0
2005-07-20,19.015158273538695,19.199630593990673,18.854960040086517,19.126813888549805,1000100,0.0,0.0
2005-07-21,18.95691090598639,19.126820312789246,18.81127559433641,18.93749237060547,1391500,0.0,0.0
2005-07-22,18.927779104166852,19.03943287031462,18.83554201554482,18.91806983947754,1105400,0.0,0.0
2005-07-25,18.893799377661797,19.039436524097255,18.88894567031213,19.005455017089844,795400,0.0,0.0
2005-07-26,18.98117831134225,19.23361365139283,18.942343102332234,19.194778442382812,1108500,0.0,0.0
2005-07-27,19.22390488239273,19.272451209724586,18.981178801292554,19.19963264465332,1001000,0.0,0.0
2005-07-28,19.272451022316492,19.777321710540154,19.219050988697237,19.660812377929688,1553300,0.0,0.0
2005-07-29,19.64138675222328,19.689933061546917,19.529733018557433,19.612260818481445,1308200,0.0,0.0
2005-08-01,19.65110451733952,19.660813783405555,19.46177845868471,19.495759963989258,904000,0.0,0.0
2005-08-02,19.534597891430106,19.74334063958757,19.47148858513884,19.69965171813965,1386900,0.0,0.0
2005-08-03,19.612260818481445,19.68507750468838,19.466623742362877,19.612260818481445,1579600,0.0,0.0
2005-08-04,19.51031766312315,19.51031766312315,19.165647144289583,19.18021011352539,1048700,0.0,0.0
2005-08-05,19.07341147546494,19.07341147546494,18.136488871478882,18.44717788696289,1965900,0.0,0.0
2005-08-08,18.155912618733552,18.20445709691741,17.646186338537355,17.748132705688477,2029300,0.0,0.0
2005-08-09,17.791828623529728,18.1316437728231,17.733573010633428,17.90348243713379,1679800,0.0,0.0
2005-08-10,17.985997145826346,18.296686145356286,17.985997145826346,18.083087921142578,1859700,0.0,0.0
2005-08-11,18.058822759488574,18.146204306293857,17.942313413130456,18.13163948059082,849800,0.0,0.0
2005-08-12,18.083094142923112,18.330673945903452,18.000568159214048,18.194747924804688,651900,0.0,0.0
2005-08-15,18.15591339070701,18.56369332109053,18.058822578357937,18.432621002197266,807900,0.0,0.0
2005-08-16,18.490876591424787,18.772437938255276,18.44718581410671,18.59282112121582,1639600,0.0,0.0
2005-08-17,18.520000257989185,18.568544732234223,18.359800159645182,18.393781661987305,1171700,0.0,0.0
2005-08-18,18.325809967720385,18.364647010183376,18.092793268498777,18.223865509033203,782600,0.0,0.0
2005-08-19,18.374365645047355,18.374365645047355,17.97144126850762,18.02484130859375,987000,0.0,0.0
2005-08-22,18.010276666792176,18.165621229436656,17.854932104147696,17.990859985351562,1175500,0.0,0.0
2005-08-23,17.9908630707059,18.151061368220528,17.952025997457763,17.966588973999023,1042100,0.0,0.0
2005-08-24,17.986001974703257,18.233583610822933,17.986001974703257,18.03940200805664,1307300,0.0,0.0
2005-08-25,18.117073571614448,18.27241810702259,17.93745679977121,18.228727340698242,1268300,0.0,0.0
2005-08-26,18.233584481339793,18.379219764441,18.024839896548592,18.029693603515625,1454500,0.0,0.0
2005-08-29,17.986007690429688,18.083098522667076,17.816100122904455,17.986007690429688,1259400,0.0,0.0
2005-08-30,17.85978680803436,18.039403602767123,17.820949743306645,18.000568389892578,1488400,0.0,0.0
2005-08-31,18.000567984989875,18.36465712528317,17.961730921135757,18.335529327392578,1549500,0.0,0.0
2005-09-01,18.33552413776411,18.670485385360447,18.223870388565334,18.44717788696289,1913500,0.0,0.0
2005-09-02,18.471448919696947,18.670484173058526,18.39863222808807,18.52484893798828,1389500,0.0,0.0
2005-09-06,18.66563858111008,19.015162926836382,18.61709224708331,19.01030921936035,1777200,0.0,0.0
2005-09-07,18.981177423470832,19.005451511301253,18.73845135998986,18.990886688232422,1621000,0.0,0.0
2005-09-08,18.884091780545603,19.087980820620523,18.845254714710443,18.932636260986328,1272500,0.0,0.0
2005-09-09,18.956910706122343,19.136527526868488,18.956910706122343,19.07827377319336,1161600,0.0,0.0
2005-09-12,19.078268772940845,19.10739656807098,18.952052031082836,18.995742797851562,991900,0.0,0.0
2005-09-13,18.94719749643187,18.98603455870391,18.748162181920282,18.791852951049805,1393200,0.0,0.0
2005-09-14,18.79184863982597,18.89864868471898,18.723885648295013,18.78699493408203,1135300,0.0,0.0
2005-09-15,18.714821445700217,18.97993217491789,18.714821445700217,18.945566177368164,1382700,0.433,0.0
2005-09-16,18.95047972553387,19.029030865024318,18.76883056661351,19.02412223815918,1699500,0.0,0.0
2005-09-19,18.950477499572237,19.014300878163553,18.744281484932603,18.773738861083984,776400,0.0,0.0
2005-09-20,18.773743472008952,18.87684150465016,18.57245603422068,18.601911544799805,1027500,0.0,0.0
2005-09-21,18.50372195377013,18.572455847647586,18.214064241540022,18.248430252075195,1576600,0.0,0.0
2005-09-22,18.24843288448999,18.336803173701686,17.953866502322587,18.272981643676758,1964300,0.0,0.0
2005-09-23,18.272988251175637,18.361358572341974,18.042243315595965,18.277896881103516,1364000,0.0,0.0
2005-09-26,18.277890533563674,18.43499285601027,18.277890533563674,18.336803436279297,762800,0.0,0.0
2005-09-27,18.34170942519264,18.41044144025381,18.03732398443306,18.312252044677734,1458200,0.0,0.0
2005-09-28,18.312251934729815,18.361347568626556,17.939134481149285,18.13551139831543,1330900,0.0,0.0
2005-09-29,18.01768612240691,18.361348077989888,17.924405351818866,18.179697036743164,1461300,0.0,0.0
2005-09-30,18.184614703440992,18.63137485993014,18.16006781254092,18.582279205322266,1309100,0.0,0.0
2005-10-03,18.557730070906263,18.867026102716824,18.508636295041253,18.798294067382812,1599400,0.0,0.0
2005-10-04,18.7982968829795,18.7982968829795,18.518458198458386,18.533185958862305,1343100,0.0,0.0
2005-10-05,18.434991668633153,18.46444905449735,18.214065956669895,18.361351013183594,1977100,0.0,0.0
2005-10-06,18.361346781557643,18.59208969615712,18.135510620927104,18.40062141418457,1647300,0.0,0.0
2005-10-07,18.238612221027076,18.28770598461464,17.978410030153306,18.140422821044922,2251500,0.0,0.0
2005-10-10,18.164970631629572,18.164970631629572,17.875312916915625,17.95877456665039,1168800,0.0,0.0
2005-10-11,18.042237942425988,18.150246496753876,17.836041836317293,17.97841453552246,1790800,0.0,0.0
2005-10-12,17.880222566018347,17.953865092179818,17.48255816860668,17.674026489257812,1476800,0.0,0.0
2005-10-13,17.649485117889814,17.90968554540533,17.438378474612307,17.69367027282715,1144300,0.0,0.0
2005-10-14,17.840958582227955,18.22389545226627,17.82132031381359,18.189529418945312,1171100,0.0,0.0
2005-10-17,18.189519071520042,18.3809873976191,18.10605928744908,18.361351013183594,867100,0.0,0.0
2005-10-18,18.312245339987957,18.562628300674213,18.179689985413987,18.317155838012695,1129300,0.0,0.0
2005-10-19,18.23860689350373,18.67554762934592,18.071685524134143,18.670637130737305,1526900,0.0,0.0
2005-10-20,18.660826610957113,18.7491968985954,18.34662197615759,18.39571762084961,1344700,0.0,0.0
2005-10-21,18.459542863074233,18.680468626611546,18.37117255765931,18.675559997558594,1705900,0.0,0.0
2005-10-24,18.79829239858452,19.176320432170062,18.773745512831137,19.048673629760742,1394100,0.0,0.0
2005-10-25,18.99957785900342,19.132133275492198,18.827745931196276,19.058490753173828,1777700,0.0,0.0
2005-10-26,18.950482219855463,19.284325074833017,18.90138845351464,19.058490753173828,1311700,0.0,0.0
2005-10-27,19.048678151531025,19.102682436692387,18.798296860919354,18.803205490112305,1116200,0.0,0.0
2005-10-28,18.9701209387361,19.41197233782136,18.876842031287957,19.38251495361328,1964800,0.0,0.0
2005-10-31,19.505251465101132,19.515070593281155,19.20577461043559,19.26959800720215,2026900,0.0,0.0
2005-11-01,18.778651903798423,18.87684130792219,18.41044304293963,18.621549606323242,3406300,0.0,0.0
2005-11-02,18.719744556420096,18.921032051744714,18.513546559390576,18.911212921142578,1633400,0.0,0.0
2005-11-03,18.901389497240938,18.97012152303629,18.542999739302847,18.680463790893555,1483000,0.0,0.0
2005-11-04,18.705010372048083,18.71482950026063,18.49881429800626,18.616640090942383,1472200,0.0,0.0
2005-11-07,18.631371235213393,18.75410753864325,18.50863493178354,18.65591812133789,1706900,0.0,0.0
2005-11-08,18.508631756286412,18.651006293311834,18.317163455434937,18.597002029418945,3497700,0.0,0.0
2005-11-09,18.631370983114845,19.06831191776376,18.601913596479612,18.955394744873047,1435500,0.0,0.0
2005-11-10,19.01430343009119,19.392331380472676,18.886658528583883,19.36778450012207,1770400,0.0,0.0
2005-11-11,19.34323395456156,19.711442708472198,19.24504457895741,19.54452133178711,866600,0.0,0.0
2005-11-14,19.54452843839178,19.893099069364375,19.470885911709793,19.5936222076416,1437900,0.0,0.0
2005-11-15,19.47088041354587,19.637801803790357,19.416876158936372,19.48069953918457,1222700,0.0,0.0
2005-11-16,19.51015853881836,19.569071424743807,19.39723952098484,19.51015853881836,1083000,0.0,0.0
2005-11-17,19.515065167745945,19.765446311900952,19.461060914173554,19.706533432006836,1484400,0.0,0.0
2005-11-18,19.85873858238981,19.85873858238981,19.667270207105727,19.79982566833496,1115600,0.0,0.0
2005-11-21,19.799817435187446,20.045289993286133,19.780179181065872,20.045289993286133,1063800,0.0,0.0
2005-11-22,20.06984219018419,20.452778882943587,20.025657043111377,20.4478702545166,1344700,0.0,0.0
2005-11-23,20.546056060974472,20.703158376603437,20.423319759838883,20.614789962768555,1747700,0.0,0.0
2005-11-25,20.663877584330372,20.67369671023583,20.487137063645637,20.560779571533203,398900,0.0,0.0
2005-11-28,20.595155979861154,20.595155979861154,20.374230217400093,20.388957977294922,1073500,0.0,0.0
2005-11-29,20.388959864610193,20.46260241651655,20.202401979314434,20.21221923828125,1413800,0.0,0.0
2005-11-30,20.334941293319023,20.344760418196937,19.98637078778273,20.01091766357422,1345200,0.0,0.0
2005-12-01,20.20239306151801,20.261305953352867,20.109112287238496,20.153297424316406,1766700,0.0,0.0
2005-12-02,20.128752276926495,20.133660904666176,19.95692221392928,20.07965850830078,1137900,0.0,0.0
2005-12-05,20.15330453222924,20.15330453222924,19.77527642008113,19.9323787689209,1117600,0.0,0.0
2005-12-06,20.030563676652758,20.06002106270341,19.883280492014112,19.907827377319336,1299000,0.0,0.0
2005-12-07,19.907825294818778,19.956920933100776,19.726176115193162,19.834184646606445,996800,0.0,0.0
2005-12-08,19.809631253060505,20.006010014596388,19.66725861739399,19.81945037841797,1732200,0.0,0.0
2005-12-09,19.98146154395722,19.98146154395722,19.760535923051247,19.883272171020508,1138400,0.0,0.0
2005-12-12,19.662349632157976,19.917641292687403,19.662349632157976,19.858728408813477,1967200,0.0,0.0
2005-12-13,19.88327259892618,20.060013099454572,19.809630099437165,20.030555725097656,1243200,0.0,0.0
2005-12-14,20.07966253075089,20.09929891845049,19.932377449754483,19.96674346923828,1255100,0.0,0.0
2005-12-15,19.8639955796213,20.0526097588055,19.605892464272262,19.650564193725586,1518600,0.443,0.0
2005-12-16,19.729981237546728,19.918595424821227,19.71509129156744,19.78458023071289,1573500,0.0,0.0
2005-12-19,19.73991209023139,19.77465656612448,19.481808916859883,19.50662612915039,1058700,0.0,0.0
2005-12-20,19.556254978741432,19.70019551242907,19.496691419872885,19.665451049804688,1120300,0.0,0.0
2005-12-21,19.789540552754612,19.88881126544096,19.729978882515347,19.81435775756836,939400,0.0,0.0
2005-12-22,19.814355665076178,19.888809165086126,19.57610711584796,19.849102020263672,1142800,0.0,0.0
2005-12-23,19.81932125615603,19.9434091669041,19.804431312764265,19.90866470336914,592800,0.0,0.0
2005-12-27,19.908665394632678,20.022826049273007,19.511584445137768,19.883848190307617,953300,0.0,0.0
2005-12-28,20.00296792779396,20.022822445052615,19.615814308405163,19.69523048400879,961100,0.0,0.0
2005-12-29,19.74983525153003,19.83917871196357,19.486767554283936,19.501659393310547,919800,0.0,0.0
2005-12-30,19.407352934795092,19.546332714241863,19.332901307329166,19.417280197143555,831600,0.0,0.0
2006-01-03,19.506618192335292,19.878881905522725,19.278296902670476,19.849102020263672,1936600,0.0,0.0
2006-01-04,19.849101623530533,20.02282392883994,19.77961080797565,19.918590545654297,1261000,0.0,0.0
2006-01-05,19.958297729492184,20.112167409809654,19.86399160548342,19.958297729492188,1771700,0.0,0.0
2006-01-06,20.05260520022138,20.30078099778139,20.05260520022138,20.29581642150879,1626800,0.0,0.0
2006-01-09,20.424871042424346,20.49932265345569,20.33552759444172,20.494359970092773,1445300,0.0,0.0
2006-01-10,20.449694084445134,20.792176137202247,20.385167821717513,20.6531982421875,1616400,0.0,0.0
2006-01-11,20.702829205378062,20.702829205378062,20.454653352347595,20.543996810913086,1412300,0.0,0.0
2006-01-12,20.573776716844847,20.593631237698432,20.32560088646899,20.350418090820312,1292300,0.0,0.0
2006-01-13,20.42486870274468,20.42486870274468,20.052605009937167,20.13698387145996,1723000,0.0,0.0
2006-01-17,20.102245093865196,20.176698610844742,19.978157161187017,20.09728240966797,1154200,0.0,0.0
2006-01-18,20.087345474716912,20.191578833549094,20.03274650768176,20.171724319458008,1604000,0.0,0.0
2006-01-19,20.231296996257946,20.53903645212466,20.171735314948656,20.474510192871094,955400,0.0,0.0
2006-01-20,20.47450469023518,20.598592597448725,20.236256135596914,20.246183395385742,1166800,0.0,0.0
2006-01-23,20.24618066391628,20.434792894164197,20.24618066391628,20.34545135498047,738800,0.0,0.0
2006-01-24,20.34546007793458,20.61348859726275,20.34546007793458,20.524145126342773,1088500,0.0,0.0
2006-01-25,20.747493638175452,20.876546096687722,20.578734041726907,20.66807746887207,1264500,0.0,0.0
2006-01-26,20.79713817003002,20.856699847256266,20.71275739164723,20.757429122924805,1320500,0.0,0.0
2006-01-27,20.80706506768079,21.25874699125884,20.80706506768079,21.13962173461914,1835400,0.0,0.0
2006-01-30,21.1396125865242,21.214066076383485,20.95596304321711,21.07012367248535,1149200,0.0,0.0
2006-01-31,20.98078116347569,21.18924791474784,20.931144870245905,21.050270080566406,1396200,0.0,0.0
2006-02-01,21.09494079203638,21.516838850504747,21.020487302456832,21.37786102294922,2255400,0.0,0.0
2006-02-02,21.348089704738392,21.521813967703945,21.318309809065077,21.358016967773438,2347300,0.0,0.0
2006-02-03,21.174365580649592,21.397724246850554,20.816991714728054,21.243854522705078,1685100,0.0,0.0
2006-02-06,21.214078550845308,21.452327207688516,21.214078550845308,21.402690887451172,2142000,0.0,0.0
2006-02-07,21.328230570568667,21.576406390497347,21.3232659938486,21.496990203857422,1734700,0.0,0.0
2006-02-08,21.467213819444027,21.467213819444027,21.23392788417851,21.412614822387695,1587500,0.0,0.0
2006-02-09,21.39275466987141,21.645895063554715,21.343120263839623,21.49202537536621,1234300,0.0,0.0
2006-02-10,21.457290253068628,21.715393442337973,21.382838611611266,21.56648826599121,1196600,0.0,0.0
2006-02-13,21.56647793447454,21.73523755840438,21.492024435252414,21.705455780029297,902700,0.0,0.0
2006-02-14,21.730279586546743,21.894076577246565,21.343125817156928,21.879186630249023,1404700,0.0,0.0
2006-02-15,21.8394739305351,22.335825610774535,21.814656725209407,22.271299362182617,1668700,0.0,0.0
2006-02-16,22.246481515090437,22.395386636180373,22.18691984534073,22.335824966430664,826900,0.0,0.0
2006-02-17,22.33582723206578,22.48473236825991,22.211739302998748,22.459915161132812,1385000,0.0,0.0
2006-02-21,22.459918655741845,22.683277341501885,22.37057518143783,22.64853286743164,1275100,0.0,0.0
2006-02-22,22.732918597807544,22.936422818584713,22.29116567173752,22.90664291381836,1498400,0.0,0.0
2006-02-23,22.906623540804276,22.966185193395805,22.73786394726928,22.86195182800293,936500,0.0,0.0
2006-02-24,22.817284066987504,22.881808412873973,22.67334164598331,22.78750228881836,796900,0.0,0.0
2006-02-27,22.832176613327448,22.881811022505623,22.658454287772493,22.76268768310547,1040800,0.0,0.0
2006-02-28,22.78254720266111,22.832181622729124,22.395391531089935,22.474807739257812,3048700,0.0,0.0
2006-03-01,22.47481144644115,22.53437503246579,22.08765760444134,22.31597900390625,1658300,0.0,0.0
2006-03-02,22.23655527018387,22.281226997894308,22.062832936549647,22.1621036529541,1571300,0.0,0.0
2006-03-03,21.988379340365857,22.038015645090745,21.71042360763219,21.849401473999023,2472800,0.0,0.0
2006-03-06,21.84940486302157,22.549260774028774,21.84444028506332,22.464879989624023,1475600,0.0,0.0
2006-03-07,22.464881517921537,22.469846096217527,21.94867708761748,21.988384246826172,1164300,0.0,0.0
2006-03-08,21.933772418930584,22.00326322041216,21.71537843742356,21.99829864501953,1347100,0.0,0.0
2006-03-09,22.097583380404323,22.31597750082194,22.03802169182351,22.2067813873291,1319000,0.0,0.0
2006-03-10,22.325907988686975,22.4400686972167,22.112476522565075,22.39043426513672,976400,0.0,0.0
2006-03-13,22.390412540756593,22.489683202031042,22.047928854031262,22.22165298461914,792200,0.0,0.0
2006-03-14,22.286190557211135,22.425168417770895,22.13232085914044,22.335824966430664,1012700,0.0,0.0
2006-03-15,22.459909584276993,22.812318760899654,22.33582168602132,22.772611618041992,1080700,0.0,0.0
2006-03-16,22.80418970393716,23.195118058484965,22.80418970393716,23.029726028442383,1117900,0.443,0.0
2006-03-17,23.165050547508507,23.415646068232252,22.964573366172672,23.410633087158203,1870800,0.0,0.0
2006-03-20,23.535932105048055,23.535932105048055,22.979609713414227,23.089872360229492,1319500,0.0,0.0
2006-03-21,23.00467559275685,23.155032562195323,22.693935689105732,22.85431671142578,1307800,0.0,0.0
2006-03-22,22.804188650056386,23.00466579854986,22.693926027195797,22.979604721069336,1371800,0.0,0.0
2006-03-23,22.874360934582775,23.13999159923337,22.874360934582775,23.05980110168457,1111200,0.0,0.0
2006-03-24,23.05478774312076,23.150013352039455,23.049776673974335,23.10490608215332,1265700,0.0,0.0
2006-03-27,23.129963764677775,23.15502293051168,22.92948661422293,23.079843521118164,1607200,0.0,0.0
2006-03-28,22.954548689038603,23.51588210480025,22.929489520029005,23.3354549407959,1429000,0.0,0.0
2006-03-29,23.505853302890294,23.926853723332528,23.505853302890294,23.75644874572754,1231900,0.0,0.0
2006-03-30,23.631158410324055,23.741419139548665,23.270300248045448,23.430681228637695,1440100,0.0,0.0
2006-03-31,23.430679363817106,23.50585877893907,23.16003576364836,23.450727462768555,1204800,0.0,0.0
2006-04-03,23.57602752547151,23.79153983060497,23.074836473885256,23.180086135864258,1526700,0.0,0.0
2006-04-04,23.054785819588307,23.18008356860781,22.70395173995532,22.879369735717773,1717900,0.0,0.0
2006-04-05,23.00467559275685,23.18009173845297,22.84930564093129,22.85431671142578,1480200,0.0,0.0
2006-04-06,22.854305353214937,22.87936642891024,22.428293832877827,22.48342514038086,2264400,0.0,0.0
2006-04-07,22.453355358723453,22.583666083237496,22.047391891479492,22.047391891479492,1111500,0.0,0.0
2006-04-10,22.04740175824052,22.04740175824052,21.606352966330277,21.69656753540039,1478300,0.0,0.0
2006-04-11,21.706580048905597,21.85693694679019,21.64142469212866,21.65645980834961,1259700,0.0,0.0
2006-04-12,21.65647132163914,21.902055851195044,21.561245681795224,21.69656753540039,1328200,0.0,0.0
2006-04-13,21.566234017663323,21.696544663122523,21.315638681508684,21.365758895874023,1481900,0.0,0.0
2006-04-17,21.31564403049196,21.486048978314443,21.300608918354765,21.410871505737305,1072200,0.0,0.0
2006-04-18,21.471020876060233,22.13760386094857,21.455985759014357,21.972211837768555,1419700,0.0,0.0
2006-04-19,21.90204753457281,22.302999960472572,21.861951336036842,22.297988891601562,1568200,0.0,0.0
2006-04-20,22.21779479121042,22.41325894753798,22.09750812706718,22.378175735473633,1559200,0.0,0.0
2006-04-21,22.503484296170324,22.583674806888965,22.39823269743938,22.52854347229004,1676200,0.0,0.0
2006-04-24,22.443321228027344,22.54355976065044,22.307999495769813,22.443321228027344,1753300,0.0,0.0
2006-04-25,22.438321762693487,22.48342903010046,22.202761376024636,22.297988891601562,1389100,0.0,0.0
2006-04-26,22.40824845525724,22.508487034522716,22.12758272758416,22.207773208618164,1210400,0.0,0.0
2006-04-27,22.027344586845476,22.55359474860112,21.94214112361141,22.408248901367188,1030800,0.0,0.0
2006-04-28,22.418271224674918,22.678890751131508,22.282949437174857,22.48843765258789,1511800,0.0,0.0
2006-05-01,22.453356237183854,22.60371315359718,22.1526424043572,22.222808837890625,1398700,0.0,0.0
2006-05-02,22.202763382066667,22.20777636328258,21.71159637697553,21.887012481689453,1565800,0.0,0.0
2006-05-03,21.751687265143808,22.047389992200774,21.390829181442648,21.430923461914062,1886100,0.0,0.0
2006-05-04,21.50109451825734,22.232832914417514,21.471022370181142,22.01732063293457,2415200,0.0,0.0
2006-05-05,22.12757980830127,22.373162287615614,22.112542780665557,22.177698135375977,1674400,0.0,0.0
2006-05-08,22.22781655831673,22.423282623291016,22.08748371238901,22.423282623291016,1018600,0.0,0.0
2006-05-09,22.418270439091017,22.493449844587193,22.22781734722128,22.35311508178711,743300,0.0,0.0
2006-05-10,22.328058418736727,22.573642847231714,22.22781983747567,22.408248901367188,895400,0.0,0.0
2006-05-11,22.358125251494712,22.39821952733239,21.716601542960195,21.786767959594727,1042200,0.0,0.0
2006-05-12,21.726633094921628,21.726633094921628,21.24047903528778,21.5010986328125,971300,0.0,0.0
2006-05-15,21.526150544614435,21.947150996789247,21.28557913078478,21.866960525512695,1874900,0.0,0.0
2006-05-16,21.866966716664713,22.062430926249487,21.72162084885833,21.861953735351562,677200,0.0,0.0
2006-05-17,21.611362230539047,21.75169705507967,21.476040388245877,21.491077423095703,1343700,0.0,0.0
2006-05-18,21.59631459956257,21.876982174195977,21.235456562446974,21.27555274963379,1206500,0.0,0.0
2006-05-19,21.325669524289534,21.476026391547006,20.929728308061534,21.230443954467773,1505900,0.0,0.0
2006-05-22,21.024952971074008,21.170298751756746,20.799416744478563,21.055023193359375,1059000,0.0,0.0
2006-05-23,21.08009082563649,21.27054199905537,20.989876306904748,21.004911422729492,938300,0.0,0.0
2006-05-24,20.899666470106894,21.330691064629445,20.77436871178718,21.200380325317383,1355600,0.0,0.0
2006-05-25,21.47604235842465,21.957187368015145,21.375805646990486,21.79680633544922,944800,0.0,0.0
2006-05-26,21.851930938262285,22.012311935424805,21.746681267354187,22.012311935424805,692800,0.0,0.0
2006-05-30,21.942135002502635,22.132588062579526,21.851920495723654,22.00227928161621,1208400,0.0,0.0
2006-05-31,22.102521896362305,22.282950958682306,21.796796998422188,22.102521896362305,1536600,0.0,0.0
2006-06-01,22.152652108556524,22.628784145683245,22.12759293015886,22.608736038208008,1386700,0.0,0.0
2006-06-02,22.608723154519065,23.586045850238165,22.37316280565211,22.603710174560547,1585000,0.0,0.0
2006-06-05,22.528540673287072,22.94954128022691,22.388205863045563,22.558610916137695,1142400,0.0,0.0
2006-06-06,22.603723787553896,22.618760824593775,22.232843346712542,22.478425979614258,1086000,0.0,0.0
2006-06-07,22.4784184303955,22.62376429764637,22.3130263736452,22.51851463317871,922300,0.0,0.0
2006-06-08,22.488441812873422,22.543573134116084,21.9922637454737,22.197751998901367,2055300,0.0,0.0
2006-06-09,22.197743374489303,22.433301775698006,22.167671234979277,22.373159408569336,878500,0.0,0.0
2006-06-12,22.373159425819125,22.373159425819125,22.112539952205434,22.187719345092773,1444900,0.0,0.0
2006-06-13,22.277933851801027,22.443325839505235,22.11755293140666,22.187719345092773,1514400,0.0,0.0
2006-06-14,22.092499271056163,22.343094760545135,22.092499271056163,22.31302261352539,1653500,0.0,0.0
2006-06-15,22.309474920779778,22.71445706372137,22.274039103966587,22.689146041870117,1168800,0.443,0.0
2006-06-16,22.56765534435341,22.70939863032182,22.38541287318977,22.5220947265625,1347000,0.0,0.0
2006-06-19,22.729646463697325,22.729646463697325,22.355036754065168,22.552465438842773,1181300,0.0,0.0
2006-06-20,22.557527989194867,22.658772078483224,22.37528553870428,22.51702880859375,1312200,0.0,0.0
2006-06-21,22.5170335636967,22.638529200050044,22.375290263874156,22.582843780517578,1417300,0.0,0.0
2006-06-22,22.527154395239148,22.58283980496859,22.34997530165209,22.420846939086914,559500,0.0,0.0
2006-06-23,22.34997759068656,22.395538209576202,22.10698633587014,22.233543395996094,1141700,0.0,0.0
2006-06-26,22.29936042218144,22.501852552703244,22.208239156557436,22.47654151916504,851900,0.0,0.0
2006-06-27,22.50184976671473,22.57272142429021,22.142428114091743,22.147489547729492,910800,0.0,0.0
2006-06-28,22.223428409525937,22.39048278394279,22.172804408863122,22.294300079345703,674400,0.0,0.0
2006-06-29,22.248738505189724,22.506914138793945,21.91462783935057,22.506914138793945,2432300,0.0,0.0
2006-06-30,22.55753494581632,22.760025117947123,22.491724722597603,22.643592834472656,1357500,0.0,0.0
2006-07-03,22.805579546620347,22.977697208263447,22.69421065810349,22.947324752807617,726900,0.0,0.0
2006-07-05,22.729658351121454,23.02326985018864,22.70434538354141,22.92202377319336,2076400,0.0,0.0
2006-07-06,22.932131511395067,23.083999548336717,22.805574492092546,23.06881332397461,1709700,0.0,0.0
2006-07-07,22.997955504565766,23.084013402408583,22.830899211894856,22.896709442138672,1623200,0.0,0.0
2006-07-10,22.98782924068198,23.15488552270991,22.957454844556565,23.13463592529297,1368300,0.0,0.0
2006-07-11,23.099192113451952,23.276371201856303,23.008070887670506,23.1903133392334,1137700,0.0,0.0
2006-07-12,23.31688328584702,23.40800456205337,23.159951769912016,23.362443923950195,1678500,0.0,0.0
2006-07-13,23.83829047858974,23.83829047858974,22.97264055797615,23.013137817382812,1548900,0.0,0.0
2006-07-14,22.972643822863255,22.987830055910567,22.54234855247899,22.61322021484375,1097100,0.0,0.0
2006-07-17,22.587904350510158,22.71952477912262,22.48665831260232,22.53221893310547,1144300,0.0,0.0
2006-07-18,22.62840512245998,22.76002362918025,22.48665988702159,22.734712600708008,741500,0.0,0.0
2006-07-19,22.835950812100847,23.402925766037267,22.780265409899524,23.332054138183594,1494300,0.0,0.0
2006-07-20,23.483925869172104,23.48898923258793,23.14981533469882,23.17006492614746,1127100,0.0,0.0
2006-07-21,23.28144082701818,23.28144082701818,22.72965189186366,22.754962921142578,1272800,0.0,0.0
2006-07-24,22.324655104143766,23.099185294647253,22.294282658587285,23.0941219329834,1238600,0.0,0.0
2006-07-25,22.992885573800205,23.195377640833524,22.96757454819791,23.1245059967041,1270600,0.0,0.0
2006-07-26,23.12449763367082,23.362425436721654,23.09918661722232,23.3523006439209,1281400,0.0,0.0
2006-07-27,23.478876236634243,23.590245183357773,23.266259281783324,23.362443923950195,1227700,0.0,0.0
2006-07-28,23.78260524224361,23.78260524224361,23.600362745726326,23.731983184814453,1397400,0.0,0.0
2006-07-31,23.585175015281102,23.68135769072472,23.463679381624484,23.544675827026367,1035400,0.0,0.0
2006-08-01,23.38774731718209,23.595300838242846,23.09413398289203,23.494054794311523,1247000,0.0,0.0
2006-08-02,24.298963345678356,24.55207754719584,23.731988074989463,23.828170776367188,2387800,0.0,0.0
2006-08-03,23.792728827250915,24.202774423515045,23.792728827250915,24.1470890045166,2864200,0.0,0.0
2006-08-04,24.673568166588215,24.673568166588215,24.38501625926265,24.552072525024414,1717900,0.0,0.0
2006-08-07,24.511577616666575,24.511577616666575,24.12684489152688,24.233152389526367,1042900,0.0,0.0
2006-08-08,24.18759434487201,24.273654184202773,23.90916908794685,23.959793090820312,1338200,0.0,0.0
2006-08-09,24.136968376608216,24.17240420734501,23.863604598546157,23.94460105895996,909100,0.0,0.0
2006-08-10,23.92434713917358,24.076217164733762,23.671233004716736,23.969907760620117,926900,0.0,0.0
2006-08-11,23.87877245804538,24.005329450757785,23.807900851103465,23.94964599609375,908600,0.0,0.0
2006-08-14,24.17240164017629,24.496387447423405,24.09140518836451,24.21796226501465,836700,0.0,0.0
2006-08-15,24.552072525024414,24.653318571142965,24.43564024787578,24.552072525024414,1085100,0.0,0.0
2006-08-16,23.919276302514145,24.309072148065713,23.752220112517684,24.1167049407959,3719400,0.0,0.0
2006-08-17,24.131895232716708,24.131895232716708,23.82815911202366,23.91421890258789,2790800,0.0,0.0
2006-08-18,23.969908192515078,24.01040738168954,23.84335112300632,23.929410934448242,1541600,0.0,0.0
2006-08-21,24.24327350589987,24.29895892908961,24.03065854220206,24.26352310180664,1854000,0.0,0.0
2006-08-22,24.248331547992887,24.658375154008947,24.19770756933778,24.602689743041992,1662900,0.0,0.0
2006-08-23,24.678625404369757,24.678625404369757,24.354639656756238,24.476133346557617,974400,0.0,0.0
2006-08-24,24.405261994440842,24.698875288632006,24.405261994440842,24.668500900268555,1522500,0.0,0.0
2006-08-25,24.617865924198068,24.83048073777831,24.57736676097913,24.744422912597656,1594400,0.0,0.0
2006-08-28,24.74443570150628,25.053235221778177,24.61281528412446,25.017797470092773,1174800,0.0,0.0
2006-08-29,25.017801126605768,25.05323888347063,24.830497200302382,24.987428665161133,919000,0.0,0.0
2006-08-30,25.05830721294479,25.270922226001474,24.987435541925894,25.2456111907959,934500,0.0,0.0
2006-08-31,25.260799356805805,25.32154622752083,25.139303684267556,25.2456111907959,932900,0.0,0.0
2006-09-01,25.34685096661284,25.351914331061145,24.957054941725367,24.992490768432617,1030700,0.0,0.0
2006-09-05,25.043117095893926,25.387352528429837,24.987431668409016,25.36203956604004,1055600,0.0,0.0
2006-09-06,25.21016472229084,25.402531984712446,25.09373246456674,25.149417877197266,903800,0.0,0.0
2006-09-07,25.098809413788473,25.164617726966263,24.840631802954743,24.916566848754883,858700,0.0,0.0
2006-09-08,25.017797530181085,25.37215766791974,24.688750348151,25.29622459411621,930900,0.0,0.0
2006-09-11,25.194980602616443,25.458219528198242,25.08360976803365,25.458219528198242,1005100,0.0,0.0
2006-09-12,25.559464960914653,25.792329490341793,25.341786660895696,25.731582641601562,1022700,0.0,0.0
2006-09-13,25.746760234118252,25.99481090974362,25.655639026021262,25.782196044921875,1519100,0.0,0.0
2006-09-14,25.68670873300015,25.79905679190314,25.569254829625237,25.788843154907227,978600,0.443,0.0
2006-09-15,25.916515988881596,26.0543971944114,25.839914669791995,25.94715690612793,1237200,0.0,0.0
2006-09-18,25.94205229184728,25.98801269932315,25.712250254467918,25.916519165039062,872600,0.0,0.0
2006-09-19,25.829695168946174,26.05438931665714,25.747986080994682,25.936935424804688,919700,0.0,0.0
2006-09-20,25.93182569156901,26.023746460581524,25.610104948076934,25.671384811401367,1205800,0.0,0.0
2006-09-21,25.722451633845093,25.722451633845093,25.04836727754559,25.170928955078125,1546100,0.0,0.0
2006-09-22,25.221993793268428,25.38030221217255,25.027938626233002,25.370088577270508,966900,0.0,0.0
2006-09-25,25.370098240933668,25.49776580376121,25.119868960648624,25.37520408630371,1084300,0.0,0.0
2006-09-26,25.30881272027774,25.334345837546863,25.094330249502754,25.201570510864258,1201900,0.0,0.0
2006-09-27,25.201577613149414,25.804168701171875,25.022843793842974,25.804168701171875,2625500,0.0,0.0
2006-09-28,25.78884038343686,25.79394622736007,25.63563974106642,25.74798583984375,1203700,0.0,0.0
2006-09-29,25.788844013278585,25.916511557898776,25.661176468658397,25.82969856262207,1184500,0.0,0.0
2006-10-02,25.86033707576079,26.08503319712862,25.543722116076783,25.89608383178711,740400,0.0,0.0
2006-10-03,25.89608137404655,26.217804095801515,25.890975529978274,26.136096954345703,1650700,0.0,0.0
2006-10-04,26.217805444613813,26.391433372646436,26.151417779999335,26.376113891601562,1807200,0.0,0.0
2006-10-05,26.29951923936715,26.718268710246857,26.284199754449176,26.6876277923584,1074500,0.0,0.0
2006-10-06,26.580395947674216,26.641675854870144,26.273994463641465,26.365915298461914,1223100,0.0,0.0
2006-10-09,26.37101149691702,26.539533615112305,26.110570525586247,26.539533615112305,874500,0.0,0.0
2006-10-10,26.539529498704155,26.738690554369633,26.16163271376168,26.524208068847656,1099500,0.0,0.0
2006-10-11,26.401655786771716,26.7591253983941,26.401655786771716,26.51910972595215,975400,0.0,0.0
2006-10-12,26.667202972168482,26.779549110471194,26.462934078441208,26.713163375854492,947600,0.0,0.0
2006-10-13,26.713163888666056,27.162552346608877,26.667203484097744,27.096166610717773,2061300,0.0,0.0
2006-10-16,27.244262728000077,27.36682447064909,27.11659513893156,27.336183547973633,864700,0.0,0.0
2006-10-17,27.28510610051876,27.351493765060123,27.13701129040803,27.259572982788086,1267800,0.0,0.0
2006-10-18,27.514905497213544,27.586398999431083,27.325956157865097,27.494478225708008,1588900,0.0,0.0
2006-10-19,27.504696256294107,27.57108392526892,27.19318713424168,27.254467010498047,1096200,0.0,0.0
2006-10-20,27.35659404577362,27.525116095016738,27.085939546378857,27.443408966064453,1191500,0.0,0.0
2006-10-23,27.356602387680443,27.785565432497446,27.310641991876754,27.744712829589844,1126400,0.0,0.0
2006-10-24,27.72938699185019,27.821307768848353,27.596613618437228,27.62725257873535,1006900,0.0,0.0
2006-10-25,27.719183434576326,27.882597775757635,27.54555545356461,27.831531524658203,860000,0.0,0.0
2006-10-26,27.959193969376894,28.04090112497262,27.790671865181324,27.9489803314209,977100,0.0,0.0
2006-10-27,27.857054544341413,27.93365584125407,27.714067534693157,27.805988311767578,965100,0.0,0.0
2006-10-30,27.85705932452223,27.99494051379383,27.632365135367902,27.938766479492188,1170000,0.0,0.0
2006-10-31,28.056226950834173,28.071548385258165,27.69365148766033,27.887706756591797,1195600,0.0,0.0
2006-11-01,27.83152617970627,27.83152617970627,27.091053992654096,27.137014389038086,1730000,0.0,0.0
2006-11-02,26.73357876508285,26.8561404453514,26.04417491422125,26.253549575805664,3742000,0.0,0.0
2006-11-03,26.06460898096852,26.21270381505469,25.23732180658859,25.502870559692383,3142700,0.0,0.0
2006-11-06,25.431369550001488,25.85522665072653,25.431369550001488,25.77351951599121,2256800,0.0,0.0
2006-11-07,25.630532454376933,25.722453231221714,25.462012328862766,25.507972717285156,1466900,0.0,0.0
2006-11-08,25.436491118858207,25.72757306576461,25.25264947911673,25.620330810546875,1130900,0.0,0.0
2006-11-09,25.640747698686372,25.91651004651677,25.472227562602477,25.758201599121094,1276400,0.0,0.0
2006-11-10,25.737782300803303,25.982903795813982,25.528407568728404,25.95226287841797,1362500,0.0,0.0
2006-11-13,25.747995505455176,25.92162348480086,25.645863004236322,25.84502410888672,1027400,0.0,0.0
2006-11-14,26.299506325714134,26.503775115231562,26.044171312843122,26.437387466430664,2461300,0.0,0.0
2006-11-15,26.452711883980477,26.452711883980477,26.136096954345703,26.136096954345703,1622600,0.0,0.0
2006-11-16,26.136103176882713,26.192277215267346,26.03907653206986,26.06971549987793,1572700,0.0,0.0
2006-11-17,25.870551076814014,25.982899139078217,25.747989377248327,25.8245906829834,1364200,0.0,0.0
2006-11-20,26.805079925810965,31.40621761712861,26.621238340266242,26.692731857299805,3717000,0.0,0.0
2006-11-21,26.641659222027492,27.336170896829575,26.641659222027492,27.279996871948242,2253800,0.0,0.0
2006-11-22,27.397456201421186,27.54044322982858,26.953171737923086,27.264680862426758,1018700,0.0,0.0
2006-11-24,27.22383456603626,27.484275563536066,27.198299492433097,27.38214111328125,409400,0.0,0.0
2006-11-27,27.39745623345024,27.39745623345024,26.427182101703078,26.468036651611328,1411000,0.0,0.0
2006-11-28,26.457823293444612,26.570169410773993,26.146314165288228,26.391435623168945,1684000,0.0,0.0
2006-11-29,26.462926025087782,26.932743558461855,26.43228511593775,26.866355895996094,1774200,0.0,0.0
2006-11-30,26.927640994732446,27.371923549387674,26.810187075596115,27.19829559326172,2179400,0.0,0.0
2006-12-01,27.315748727673384,27.351495484353745,26.835717512733467,26.98381233215332,1600700,0.0,0.0
2006-12-04,27.19318726159473,27.601723018637365,27.126799592309006,27.438308715820312,1792100,0.0,0.0
2006-12-05,27.474056212739903,27.50469712586288,27.111480840352936,27.116586685180664,1815100,0.0,0.0
2006-12-06,27.039987564086914,27.162547321560567,26.651877119965167,27.039987564086914,1849200,0.0,0.0
2006-12-07,27.193183323212462,27.193183323212462,26.840821649055425,26.902101516723633,1015100,0.0,0.0
2006-12-08,26.9123219310325,27.106377166918666,26.769332939723153,26.86125373840332,1208300,0.0,0.0
2006-12-11,26.81018558375854,27.17276095935874,26.764225187692865,27.039987564086914,1227600,0.0,0.0
2006-12-12,27.137012199495814,27.244252466388392,26.912318028665826,27.03487777709961,1180600,0.0,0.0
2006-12-13,27.259576096711946,27.259576096711946,26.580383788788644,26.692731857299805,1551100,0.0,0.0
2006-12-14,26.80507915197623,26.84082590946104,26.590596659015198,26.656984329223633,1511000,0.0,0.0
2006-12-15,26.7693328088254,26.856147761844316,26.42207884090679,26.49867820739746,2083700,0.0,0.0
2006-12-18,26.656982083052327,26.789755464229266,26.350578825790752,26.376113891601562,1229200,0.0,0.0
2006-12-19,26.222912928552514,26.355688266083348,25.814377174711748,26.008432388305664,2017800,0.0,0.0
2006-12-20,26.10274292519976,26.39134059292626,26.025438855102067,26.22642707824707,1575200,0.463,0.0
2006-12-21,26.27797118893687,26.396502688160318,25.89145466132464,25.922374725341797,1113500,0.0,0.0
2006-12-22,25.896598367389227,25.896598367389227,25.577078699185645,25.654380798339844,885300,0.0,0.0
2006-12-26,25.66468934705095,26.071820439249976,25.66468934705095,25.97390365600586,699300,0.0,0.0
2006-12-27,26.23158776825015,26.27281517344578,25.999677470510292,26.082134246826172,884500,0.0,0.0
2006-12-28,26.051196032493888,26.149114745103834,25.922357276679453,26.06665802001953,997200,0.0,0.0
2006-12-29,26.128510433317704,26.3707260534688,26.035746335072886,26.154277801513672,957000,0.0,0.0
2007-01-03,26.272808240763833,26.582022544798576,25.994515956909794,26.190351486206055,2015600,0.0,0.0
2007-01-04,26.231582671411555,26.44287824253622,26.09243651980396,26.24188804626465,2415200,0.0,0.0
2007-01-05,26.1542797034409,26.1542797034409,25.551314986926428,25.726533889770508,2174600,0.0,0.0
2007-01-08,25.700756984696376,25.76775369476136,25.53069083259122,25.70591163635254,1570700,0.0,0.0
2007-01-09,25.86053039040927,26.107900710733976,25.70076953177424,26.07697868347168,1879300,0.0,0.0
2007-01-10,25.896594822461473,26.525328698987984,25.84506009674648,26.489253997802734,1632400,0.0,0.0
2007-01-11,26.525339203924407,27.138611332874024,26.489264488452342,26.911855697631836,1800600,0.0,0.0
2007-01-12,26.798476410197456,27.200452927254574,26.798476410197456,27.13861083984375,1224800,0.0,0.0
2007-01-16,27.282907658415546,27.818877618352133,27.205605546415153,27.628196716308594,1664200,0.0,0.0
2007-01-17,27.473593603466604,27.75188399013106,27.174686565665503,27.519975662231445,1675500,0.0,0.0
2007-01-18,27.64365309483867,27.82402859753417,27.38597549035147,27.54573631286621,947700,0.0,0.0
2007-01-19,27.664271163796748,27.762187957763672,27.38082615732462,27.762187957763672,1170500,0.0,0.0
2007-01-22,27.726122719783064,27.757044754407858,27.32929878876081,27.39629554748535,1351300,0.0,0.0
2007-01-23,27.3653610317559,27.5715039033845,27.318978983935672,27.442665100097656,1396000,0.0,0.0
2007-01-24,27.54573997480938,28.071402593755984,27.447821213895452,28.066247940063477,1311800,0.0,0.0
2007-01-25,28.35485303056705,28.519766593654573,28.055945968767944,28.200246810913086,2118300,0.0,0.0
2007-01-26,28.164162184626495,28.42183978204879,28.04047607285721,28.385765075683594,1068500,0.0,0.0
2007-01-29,28.365155234542485,28.576450821834204,28.277543814193805,28.37030792236328,991900,0.0,0.0
2007-01-30,28.47338440952932,28.700140066324796,28.164171971542334,28.658912658691406,1183300,0.0,0.0
2007-01-31,28.576444765841956,29.096952626108333,28.40637661493106,29.004188537597656,1581900,0.0,0.0
2007-02-01,28.993884269130962,28.993884269130962,28.591907820291624,28.895967483520508,1671700,0.0,0.0
2007-02-02,28.75682358361411,28.937199107109205,28.550682655808142,28.731056213378906,2708500,0.0,0.0
2007-02-05,28.767122367307785,28.80319706809051,28.602208887751406,28.705280303955078,1319000,0.0,0.0
2007-02-06,28.756817279986574,29.04026222229004,28.576443761954522,29.04026222229004,1577600,0.0,0.0
2007-02-07,28.272391926520612,28.473380177934594,27.46843695494025,27.571508407592773,9416900,0.0,0.0
2007-02-08,27.545741035910755,27.736421945467036,27.29321607520829,27.571508407592773,4516100,0.0,0.0
2007-02-09,27.628191889873904,27.70034130150673,26.60778885551533,27.184986114501953,5085300,0.0,0.0
2007-02-12,27.43236194936098,27.43236194936098,26.437726078813032,26.829397201538086,4148500,0.0,0.0
2007-02-13,26.82938737323291,27.138599648701696,26.545940493808867,27.01491355895996,3172300,0.0,0.0
2007-02-14,26.911845123813254,27.231364749278093,26.81392639235516,26.978839874267578,2162500,0.0,0.0
2007-02-15,26.983998704186178,27.385975132842916,26.834545223712848,27.27259635925293,1463500,0.0,0.0
2007-02-16,26.98400324587232,27.112842068118905,26.64902152166144,26.901546478271484,1992100,0.0,0.0
2007-02-20,26.978844403439915,27.550888999949347,26.752088819223857,27.54573631286621,2585000,0.0,0.0
2007-02-21,27.494187514383334,27.519956836232286,27.138593284392755,27.385963439941406,2070200,0.0,0.0
2007-02-22,27.46328003288486,27.571504156818804,27.179835056233234,27.329286575317383,1976800,0.0,0.0
2007-02-23,27.22622285276082,27.355061684433718,26.731480245034223,26.88093376159668,1034100,0.0,0.0
2007-02-26,26.896390411823354,27.009769198541328,26.247043646812024,26.66448211669922,1967100,0.0,0.0
2007-02-27,26.52533521402225,26.535642554881644,25.412167958222824,25.690458297729492,3642200,0.0,0.0
2007-02-28,25.520387332665678,26.272805381871045,25.4688506379725,26.174888610839844,2872900,0.0,0.0
2007-03-01,25.659542020852147,26.11305328992447,25.25756353181933,25.700769424438477,3387800,0.0,0.0
2007-03-02,25.62345674320577,25.65437679166878,25.17509638125485,25.226633071899414,2514100,0.0,0.0
2007-03-05,24.94319729841324,25.07203612337214,24.067092895507812,24.067092895507812,2986300,0.0,0.0
2007-03-06,24.19592554933185,24.943190936689444,24.19592554933185,24.773122787475586,2145700,0.0,0.0
2007-03-07,24.804054081904866,24.91227823592137,24.43299759279149,24.479379653930664,2751800,0.0,0.0
2007-03-08,24.242317178935185,24.80920730195782,24.237162524295584,24.64944839477539,3281900,0.0,0.0
2007-03-09,24.932884243842885,25.046261047001018,24.654591973872563,24.922576904296875,1979200,0.0,0.0
2007-03-12,25.25240718864388,25.33486394980656,24.75766662166778,25.19056510925293,2048100,0.0,0.0
2007-03-13,24.99988563012346,24.99988563012346,24.458762938998188,24.54121971130371,2679500,0.0,0.0
2007-03-14,24.443298603970398,24.88650441428379,24.159853621956348,24.788585662841797,2431500,0.0,0.0
2007-03-15,24.670467749680903,25.33133055154081,24.66006022701004,24.987890243530273,2072500,0.463,0.0
2007-03-16,24.920240254995132,25.045128531571045,24.62883758470436,24.78494644165039,2971500,0.0,0.0
2007-03-19,24.94105841105769,25.227258348679698,24.821374872962377,24.97748374938965,1919600,0.0,0.0
2007-03-20,24.8473906354154,25.341737024121144,24.805760546456987,25.15440559387207,2457500,0.0,0.0
2007-03-21,25.16481284018089,25.596714090713235,24.904630742139368,25.57590103149414,1861600,0.0,0.0
2007-03-22,26.039021981009338,26.039021981009338,25.39376957550696,25.65395164489746,1359900,0.0,0.0
2007-03-23,25.685171271268523,25.87770542479634,25.627930904941795,25.664356231689453,1061200,0.0,0.0
2007-03-26,25.617519847204413,25.659149920613167,25.0295079630083,25.133581161499023,2612800,0.0,0.0
2007-03-27,25.081546774350027,25.081546774350027,24.675661479003296,24.76932716369629,1997200,0.0,0.0
2007-03-28,24.628837847787647,24.83177956248847,24.280192811353228,24.519559860229492,3135300,0.0,0.0
2007-03-29,24.769332191700666,24.987886162026363,24.58200276931934,24.805757522583008,2731400,0.0,0.0
2007-03-30,24.842186817563444,25.24286548918947,24.76933416496326,25.097164154052734,2539700,0.0,0.0
2007-04-02,25.185621916416146,25.424988913486,24.89942008836371,25.32611846923828,1402700,0.0,0.0
2007-04-03,25.445803730224167,25.737206338010182,25.33132300000458,25.67996597290039,1747000,0.0,0.0
2007-04-04,25.67997533392681,25.737215719902228,25.419793204970986,25.633142471313477,1883500,0.0,0.0
2007-04-05,25.55509204471568,25.70599817375757,25.477036602788537,25.669572830200195,924400,0.0,0.0
2007-04-09,25.67476027463772,25.830869080277836,25.55507679081259,25.690370559692383,1140500,0.0,0.0
2007-04-10,25.71118789356251,25.929741829009828,25.59150439904452,25.784038543701172,1293800,0.0,0.0
2007-04-11,25.86210264992728,25.86210264992728,25.143999456109647,25.2376651763916,1705300,0.0,0.0
2007-04-12,25.185622046692302,25.242860427567457,24.935845543639733,25.060733795166016,1296600,0.0,0.0
2007-04-13,25.513452514819434,25.513452514819434,24.883812397477566,25.357343673706055,1325000,0.0,0.0
2007-04-16,25.560281036492192,25.596706360414874,25.07634232148367,25.352136611938477,1489000,0.0,0.0
2007-04-17,25.341726702784946,25.716387425657043,25.222043223322782,25.435392379760742,1669200,0.0,0.0
2007-04-18,25.34172308833694,25.477016832987985,25.133576728071386,25.149188995361328,1620500,0.0,0.0
2007-04-19,25.49784868627969,25.49784868627969,24.805763269122398,24.873411178588867,2502400,0.0,0.0
2007-04-20,24.993082731516544,25.23765445109798,24.86819648090176,24.95665740966797,2032500,0.0,0.0
2007-04-23,24.987882697029246,25.27408253643184,24.967067657973796,25.211639404296875,1983400,0.0,0.0
2007-04-24,25.305308604028173,25.305308604028173,24.71209380390817,24.805757522583008,1842600,0.0,0.0
2007-04-25,25.112772000361357,25.15960485138798,24.623630433552336,24.868202209472656,2143600,0.0,0.0
2007-04-26,24.85259139835555,24.899424252138296,24.493540842709,24.63924217224121,1945200,0.0,0.0
2007-04-27,24.639241693253734,25.008701748149402,24.54557598750911,24.6340389251709,2833800,0.0,0.0
2007-04-30,24.69127886366072,24.69127886366072,24.15530244912572,24.160507202148438,1501300,0.0,0.0
2007-05-01,24.165706957729572,24.285390456921117,23.54647442233904,23.947154998779297,3122700,0.0,0.0
2007-05-02,23.91593949383521,24.212546945629658,23.645349856490242,24.118881225585938,3372600,0.0,0.0
2007-05-03,24.40508035350773,24.40508035350773,23.707792286692317,24.020009994506836,4354100,0.0,0.0
2007-05-04,24.014804735392303,24.014804735392303,23.494440619652767,23.723400115966797,3424800,0.0,0.0
2007-05-07,23.72860323350732,23.947157197556173,23.707790177194916,23.905527114868164,2260600,0.0,0.0
2007-05-08,23.749412881901083,23.95755927801263,23.655747202154,23.686969757080078,4786600,0.0,0.0
2007-05-09,23.692177657700114,24.16050615792006,23.634937287114166,24.01480484008789,2486500,0.0,0.0
2007-05-10,23.910731053693787,24.004396751521416,23.817065355866156,23.874305725097656,2594600,0.0,0.0
2007-05-11,24.207335433829375,24.93064113346254,24.20213068180007,24.774532318115234,3385600,0.0,0.0
2007-05-14,24.92544271402171,24.97747833320323,24.665260648050843,24.6912784576416,1939700,0.0,0.0
2007-05-15,24.561185434888525,25.02430915719271,24.51955535489057,24.555980682373047,2848800,0.0,0.0
2007-05-16,24.59240754362138,24.628834858407206,24.29059738493894,24.462316513061523,2158600,0.0,0.0
2007-05-17,24.41028364240087,24.483134310109193,24.144898783601715,24.24897003173828,2819500,0.0,0.0
2007-05-18,24.238561164182773,24.306207069169545,23.931546260292315,24.009599685668945,2502000,0.0,0.0
2007-05-21,24.295806006432475,24.498749730428425,23.993995775033696,24.285398483276367,2703800,0.0,0.0
2007-05-22,24.550777914889036,24.79014491978288,24.347836237477672,24.555980682373047,2479200,0.0,0.0
2007-05-23,24.592413468769234,24.769337392358885,24.274992945152334,24.285398483276367,2820200,0.0,0.0
2007-05-24,24.295798345609153,24.316613385358075,23.80665682169815,24.129281997680664,2851100,0.0,0.0
2007-05-25,24.34262848306865,25.326116173876365,24.34262848306865,24.743309020996094,3304300,0.0,0.0
2007-05-29,25.6591579085517,26.6166280596798,25.653953155239737,26.40848159790039,5705900,0.0,0.0
2007-05-30,26.226359395422975,26.991293504808933,26.205544348696687,26.975683212280273,3596400,0.0,0.0
2007-05-31,27.10057308063516,27.189034056808353,26.143102711003685,26.366857528686523,3120500,0.0,0.0
2007-06-01,26.382460498975437,26.61662474304064,26.247164720168193,26.4813289642334,2979100,0.0,0.0
2007-06-04,26.226352120404012,26.621827973340473,26.226352120404012,26.33042335510254,1527100,0.0,0.0
2007-06-05,26.221145957290123,26.309608884063575,25.8829104926495,26.002593994140625,2283600,0.0,0.0
2007-06-06,25.581099314491727,26.01820524195788,25.47182332888307,25.768430709838867,2507100,0.0,0.0
2007-06-07,25.393769433762017,25.461417327234813,24.691278644341537,24.73811149597168,4137700,0.0,0.0
2007-06-08,24.769334527308303,25.15440489941512,24.665263277849235,25.03472137451172,2285600,0.0,0.0
2007-06-11,24.774541184614147,25.065943881543493,24.477933733792778,24.498748779296875,2314400,0.0,0.0
2007-06-12,24.40508913402429,24.608030915621743,24.066851508006874,24.368663787841797,3056900,0.0,0.0
2007-06-13,24.498738510705536,25.02950805336512,24.373850275059585,24.95665740966797,2105700,0.0,0.0
2007-06-14,25.305024956972762,25.305024956972762,24.627211305283325,24.67975616455078,2106300,0.463,0.0
2007-06-15,24.86366574019167,25.031805332338436,24.66925471259361,24.753324508666992,1708100,0.0,0.0
2007-06-18,24.753317969568904,24.753317969568904,24.37500298498735,24.453819274902344,2245900,0.0,0.0
2007-06-19,24.322460167920944,24.637721319335796,24.112284730723363,24.51161766052246,2351100,0.0,0.0
2007-06-20,24.6114532341512,24.6114532341512,24.064998626708984,24.064998626708984,2145400,0.0,0.0
2007-06-21,24.06499914372437,24.185849337592835,23.366169413201202,24.07550811767578,2940500,0.0,0.0
2007-06-22,23.975669792497897,24.254150516262946,23.833801686698344,24.238388061523438,2901200,0.0,0.0
2007-06-25,24.264666100479868,24.396025270792393,23.833808182205342,23.970420837402344,3377100,0.0,0.0
2007-06-26,24.049230771678488,24.09652014064124,23.718205188939233,23.770750045776367,2717500,0.0,0.0
2007-06-27,23.56582739402736,24.511614744520205,23.308364618689748,24.359237670898438,2746400,0.0,0.0
2007-06-28,24.1280405701726,24.49584648221153,23.91261170809538,23.96515655517578,3601000,0.0,0.0
2007-06-29,24.133306181494316,24.443313893989963,23.744482167503477,23.975675582885742,3370400,0.0,0.0
2007-07-02,23.94940111109898,24.290933697343398,23.765497099076704,24.21737289428711,2964300,0.0,0.0
2007-07-03,24.217369901136077,24.32245760867739,23.991432031455716,24.138553619384766,1349900,0.0,0.0
2007-07-05,24.474834870204365,24.67449931122926,24.353982702766505,24.369747161865234,1908000,0.0,0.0
2007-07-06,24.107027911825504,24.590428544372703,24.091263453368537,24.406526565551758,1702000,0.0,0.0
2007-07-09,24.480091193420453,24.5326340514945,24.128047630303364,24.21737289428711,1501300,0.0,0.0
2007-07-10,24.038729799752627,24.2068693888211,23.550073492653,23.56583595275879,2611700,0.0,0.0
2007-07-11,23.576346452252423,23.586855427796543,23.229558276824935,23.539566040039062,2663300,0.0,0.0
2007-07-12,23.644655861119833,24.212128563890218,23.502787685427236,24.191110610961914,2157600,0.0,0.0
2007-07-13,24.170087600136824,24.59043654882804,23.986185561453755,24.564165115356445,1283600,0.0,0.0
2007-07-16,24.64297359291437,24.94772573227522,24.443307154062,24.52212142944336,1623700,0.0,0.0
2007-07-17,24.56415859803409,24.70077121846969,24.14380976086914,24.322458267211914,1787700,0.0,0.0
2007-07-18,24.22262534026466,24.264661228427666,23.691935280686273,24.196353912353516,1910900,0.0,0.0
2007-07-19,24.380263663256226,24.69552488126427,24.18585064124872,24.443315505981445,1244200,0.0,0.0
2007-07-20,24.432809976241884,24.490608342048127,23.970425054174154,24.054494857788086,2228200,0.0,0.0
2007-07-23,24.0544852163548,24.217371272486602,23.487014770507812,23.487014770507812,1657400,0.0,0.0
2007-07-24,23.224301331674827,23.613123346976444,22.704118143830744,22.824968338012695,2903100,0.0,0.0
2007-07-25,22.809205787231996,23.092942070366103,22.252242194900063,22.578014373779297,2206300,0.0,0.0
2007-07-26,22.578009065033925,22.578009065033925,21.63222167696897,22.094606399536133,3896000,0.0,0.0
2007-07-27,21.637475977877646,22.352069963266285,21.316959381103516,21.316959381103516,4096300,0.0,0.0
2007-07-30,21.77409807483792,21.77409807483792,20.97543397884509,21.274934768676758,2698300,0.0,0.0
2007-07-31,21.611205309849154,21.80561626714877,20.754743194033168,20.91762924194336,3210900,0.0,0.0
2007-08-01,19.908793504189962,22.0157955038623,19.68811108264433,21.064754486083984,4401700,0.0,0.0
2007-08-02,21.22763816049163,21.532390327818938,21.017462731424803,21.301198959350586,3862900,0.0,0.0
2007-08-03,21.148829955593463,21.238153244234127,20.2713515133282,20.3974552154541,3584500,0.0,0.0
2007-08-06,20.80203664929377,21.04373702254361,19.840486636382593,21.017465591430664,3485900,0.0,0.0
2007-08-07,20.75474832405106,21.595446188589012,20.60237120973424,21.096282958984375,4542500,0.0,0.0
2007-08-08,21.14882117225454,21.947484970092773,21.01746203453867,21.947484970092773,4794900,0.0,0.0
2007-08-09,20.72321964119341,22.015795254087763,19.136400802909808,21.779348373413086,3831200,0.0,0.0
2007-08-10,20.954409933806172,21.637477040060123,18.390279038121335,20.63914680480957,4259900,0.0,0.0
2007-08-13,20.765254603555018,21.001701473645983,20.250326977791115,20.360668182373047,2604500,0.0,0.0
2007-08-14,20.255580647702597,20.413211227749077,19.33081310821677,19.399118423461914,3141900,0.0,0.0
2007-08-15,19.362342500181914,20.18202451215343,19.173186963002674,19.45166778564453,2944600,0.0,0.0
2007-08-16,19.2309798316905,20.62338770116515,19.178436970510266,20.497282028198242,4393200,0.0,0.0
2007-08-17,20.88084921043628,22.204947541896274,20.308123295382458,21.26441764831543,4818300,0.0,0.0
2007-08-20,21.201357663208423,22.084090964107435,21.11728792047427,21.83713722229004,2554100,0.0,0.0
2007-08-21,21.789854405710006,22.094606562932505,21.700529149784902,21.947484970092773,2511000,0.0,0.0
2007-08-22,22.17342601198775,22.310038652782307,21.684769789591396,21.894943237304688,2215300,0.0,0.0
2007-08-23,21.831897425413704,22.01580149781924,21.427310871380175,21.61646842956543,2044800,0.0,0.0
2007-08-24,21.495613486326473,21.726804893061445,21.180352294925893,21.52188491821289,1437600,0.0,0.0
2007-08-27,21.479850924438114,21.61646357221745,21.001703650637793,21.02797508239746,1587600,0.0,0.0
2007-08-28,21.01747032427698,21.106793611051717,20.23982416280459,20.255586624145508,2080100,0.0,0.0
2007-08-29,20.460502242760196,20.723220565363402,20.271346734166546,20.68118667602539,1880200,0.0,0.0
2007-08-30,20.439491598783306,20.891365547118824,20.39745569416665,20.84407615661621,1185700,0.0,0.0
2007-08-31,20.607628084659314,21.3484937539739,20.607628084659314,21.143573760986328,2185800,0.0,0.0
2007-09-04,21.13831601867257,21.721551016174793,20.959667478936584,21.49561309814453,1656700,0.0,0.0
2007-09-05,21.185597852144877,21.29593902740851,20.95440653191902,21.17508888244629,2511600,0.0,0.0
2007-09-06,21.206628705129454,21.479856070529028,21.02798012022905,21.337987899780273,1809500,0.0,0.0
2007-09-07,20.99119474018029,21.127807388370435,20.84932660299335,20.896615982055664,2328400,0.0,0.0
2007-09-10,21.122551322962885,21.269672926789262,20.63914861779097,20.901866912841797,1961600,0.0,0.0
2007-09-11,20.975424842551778,21.411538114721495,20.949153417520392,21.316959381103516,1757400,0.0,0.0
2007-09-12,21.16458333197906,21.39052120604739,21.070004593793183,21.148820877075195,1387400,0.0,0.0
2007-09-13,21.336457191741157,21.66601824979379,21.21951532081344,21.43213653564453,1515800,0.463,0.0
2007-09-14,21.357717367885744,21.464027963599506,21.02283970108448,21.384294509887695,1968400,0.0,0.0
2007-09-17,21.208889150879052,21.47466469398427,21.129155676864897,21.246097564697266,1131400,0.0,0.0
2007-09-18,21.26205135329965,22.022169851396693,21.224842925647955,21.979644775390625,2308400,0.0,0.0
2007-09-19,22.22946621106772,22.52713554862309,22.10720970485028,22.351722717285156,2561500,0.0,0.0
2007-09-20,22.29325208770601,22.335777148401753,22.000899392395517,22.07000160217285,1541800,0.0,0.0
2007-09-21,22.245414594670375,22.29325427880177,21.984955669282446,22.208206176757812,2996400,0.0,0.0
2007-09-24,22.282621506561203,22.840751792940512,22.250729737766886,22.713178634643555,1918400,0.0,0.0
2007-09-25,22.686601488026216,22.686601488026216,22.383617518197017,22.548397064208984,1886400,0.0,0.0
2007-09-26,22.675977295324973,22.96301547028398,22.51119567020987,22.957698822021484,1937900,0.0,0.0
2007-09-27,22.9683183725062,23.10120612336917,22.83543062164323,23.048051834106445,1587500,0.0,0.0
2007-09-28,23.026794793305683,23.026794793305683,22.399564297582312,22.51650619506836,1546800,0.0,0.0
2007-10-01,22.64408371406913,22.856705037125273,22.495250004554155,22.803550720214844,1919000,0.0,0.0
2007-10-02,22.67064834934717,23.085257432716837,22.633439945850196,23.016155242919922,1855000,0.0,0.0
2007-10-03,22.963005376620348,23.27130392599145,22.87795729116905,23.20220375061035,1788100,0.0,0.0
2007-10-04,23.28194088931638,23.4360912155895,22.872646244232648,23.430776596069336,1549400,0.0,0.0
2007-10-05,23.441406757776228,23.925118261422185,23.20752496325415,23.85601806640625,1800600,0.0,0.0
2007-10-08,23.680602325246777,23.739073273706474,23.388249610654917,23.49456024169922,958200,0.0,0.0
2007-10-09,23.63276011972538,23.654022649205668,23.053369371479278,23.537080764770508,1185800,0.0,0.0
2007-10-10,23.568965954569645,23.61680561458206,23.175617413611413,23.250036239624023,1365800,0.0,0.0
2007-10-11,23.329782173408354,23.51582631266283,22.808862233368306,22.82480812072754,1694400,0.0,0.0
2007-10-12,22.803540559513557,23.021476406070963,22.27730413466668,22.38892936706543,1420700,0.0,0.0
2007-10-15,22.479287176568576,22.543072714339246,21.830794454832066,21.963682174682617,1662400,0.0,0.0
2007-10-16,21.931802829983305,21.97964252173133,21.554401943808372,21.740446090698242,1909900,0.0,0.0
2007-10-17,21.899912355069286,21.942435401534443,20.97501226889323,21.352413177490234,1900400,0.0,0.0
2007-10-18,21.29925198842596,21.873328138233532,21.022845178634146,21.575658798217773,1543100,0.0,0.0
2007-10-19,21.442776443228837,21.469353598870036,20.900593951778987,21.00690460205078,2950600,0.0,0.0
2007-10-22,20.937798111454452,21.272675881918797,20.783647801336798,21.086631774902344,1802100,0.0,0.0
2007-10-23,21.262048659421225,21.490615844726562,21.15042339060894,21.490615844726562,1263700,0.0,0.0
2007-10-24,21.416198825833654,21.426830093402312,20.629503275115493,21.022850036621094,1850300,0.0,0.0
2007-10-25,21.081312745920442,21.240777641642666,20.491290806812675,20.874008178710938,2401400,0.0,0.0
2007-10-26,21.060055834850633,21.293939636801692,20.693286274118336,20.900590896606445,1853100,0.0,0.0
2007-10-29,20.905908628013673,21.060056927278573,20.613553860409812,20.67734146118164,1693800,0.0,0.0
2007-10-30,20.93248653149907,21.30988739158015,20.51256060271241,21.19294548034668,1750200,0.0,0.0
2007-10-31,21.51719009418735,22.298570925764533,21.51719009418735,22.208206176757812,3285300,0.0,0.0
2007-11-01,21.72980389164948,22.426134354052138,21.309878145071604,21.368349075317383,3134300,0.0,0.0
2007-11-02,21.30456656599821,21.378983386849082,20.46471495306684,20.78896141052246,3402800,0.0,0.0
2007-11-05,20.485971450805664,20.73579898616282,20.225510626792726,20.485971450805664,2236600,0.0,0.0
2007-11-06,20.682649163497928,20.682649163497928,20.12983564126916,20.57102394104004,1573100,0.0,0.0
2007-11-07,20.151099268553093,20.464714454285456,20.018211512356434,20.055419921875,2696200,0.0,0.0
2007-11-08,19.97038130299006,20.27868201676915,19.88001855925238,20.11921501159668,3316500,0.0,0.0
2007-11-09,19.949109753032825,20.42750649701459,19.709913408748225,20.103260040283203,2885500,0.0,0.0
2007-11-12,20.06605897939031,20.58697894268275,19.975696243378522,20.028850555419922,2334100,0.0,0.0
2007-11-13,20.145792482459278,20.969696485641713,20.145792482459278,20.916540145874023,2331500,0.0,0.0
2007-11-14,20.858072279341318,21.331152575055057,20.39562122441714,20.427515029907227,2711600,0.0,0.0
2007-11-15,20.427510063312674,20.496612277886626,20.103263549973324,20.257413864135742,3235700,0.0,0.0
2007-11-16,20.53913667098958,20.703918261952143,19.885328982006683,20.07137107849121,3219200,0.0,0.0
2007-11-19,20.012905318793955,20.034165827678354,19.28467864833849,19.390989303588867,2180200,0.0,0.0
2007-11-20,19.359093671536765,19.853436448242544,18.657446251897646,19.098634719848633,3088400,0.0,0.0
2007-11-21,18.875382476347227,19.226206192007048,18.668077829962822,19.045480728149414,2076900,0.0,0.0
2007-11-23,19.332515652455527,19.73649568066758,19.268730079261395,19.624868392944336,948200,0.0,0.0
2007-11-26,19.747122354476456,19.747122354476456,18.26940905395014,18.33319664001465,2844200,0.0,0.0
2007-11-27,17.961111501801494,18.508608466004578,17.961111501801494,18.46608543395996,3689600,0.0,0.0
2007-11-28,18.56708233572993,19.476034340254305,18.56708233572993,19.385671615600586,4493300,0.0,0.0
2007-11-29,19.26873265700333,19.529193659592558,18.848806686242384,19.289995193481445,2369600,0.0,0.0
2007-11-30,19.715232829931416,20.03947936565547,19.502611552428395,19.77901840209961,3791800,0.0,0.0
2007-12-03,19.773702916559067,19.880013550654265,19.422879243439603,19.784334182739258,2917900,0.0,0.0
2007-12-04,19.624862651010687,19.82153798801752,19.26872444152832,19.26872444152832,1961100,0.0,0.0
2007-12-05,19.406932122893945,20.129842031016853,19.406932122893945,20.07137107849121,1761000,0.0,0.0
2007-12-06,20.066052663850613,21.23014876391162,19.93316489786485,21.214202880859375,2566400,0.0,0.0
2007-12-07,21.262044752067055,21.735124923367493,21.049423493463745,21.28862190246582,2562200,0.0,0.0
2007-12-10,21.304571237350324,21.740443021653792,21.134473002486466,21.634132385253906,1856500,0.0,0.0
2007-12-11,21.623502970798704,21.830807614294482,19.996955569382195,20.08732032775879,2765800,0.0,0.0
2007-12-12,20.581664016835806,21.596926772318998,19.188998351719405,19.523876190185547,3816000,0.0,0.0
2007-12-13,19.390986135332398,19.566398991991207,18.721232563786856,19.119895935058594,3039100,0.0,0.0
2007-12-14,19.162420158784812,19.32188511161508,18.37572463414285,18.402301788330078,2266100,0.0,0.0
2007-12-17,18.285355928296966,18.503291765736915,18.078049326892526,18.200307846069336,2517300,0.0,0.0
2007-12-18,19.162415436977586,19.162415436977586,18.269409487925245,18.965742111206055,3768300,0.0,0.0
2007-12-19,19.141154061202766,19.619550858346305,18.944480723579982,19.592973709106445,3107700,0.0,0.0
2007-12-20,19.680772718302933,19.928532357200115,19.023669102016285,19.40069580078125,2715400,0.483,0.0
2007-12-21,19.982393354596713,19.987780595264198,19.659228771977965,19.917760848999023,3083000,0.0,0.0
2007-12-24,20.24092853485459,20.95727748346861,20.00393924433503,20.930347442626953,909600,0.0,0.0
2007-12-26,20.757988184704317,20.757988184704317,20.23553687696727,20.348644256591797,1841400,0.0,0.0
2007-12-27,20.510227242259045,20.510227242259045,19.62152176382989,19.71847152709961,1826400,0.0,0.0
2007-12-28,19.637677864667925,20.235534007372873,19.4760956231711,19.62690544128418,1510300,0.0,0.0
2007-12-31,19.486871230954282,19.998550124833702,19.43301115986382,19.643068313598633,2862400,0.0,0.0
2008-01-02,19.56765902966261,19.960843213927642,19.373759529558313,19.621519088745117,2685700,0.0,0.0
2008-01-03,19.476092303245984,19.783099126145988,18.700496443492717,18.79205894470215,2209400,0.0,0.0
2008-01-04,18.668182235196472,18.78128959801871,17.914129040455563,17.978763580322266,3262200,0.0,0.0
2008-01-07,18.124193753875854,18.366566161268523,17.59096993742535,18.24807357788086,2668400,0.0,0.0
2008-01-08,18.382720975158627,19.045209626693612,17.757934779469796,17.83333969116211,3260300,0.0,0.0
2008-01-09,17.650214206823144,18.12957580742743,16.955408220616288,18.064943313598633,3656200,0.0,0.0
2008-01-10,17.58557937478319,18.76513198981543,17.160077899840044,18.388105392456055,3848200,0.0,0.0
2008-01-11,18.312702556572958,18.5873921908844,17.725618774779985,18.118803024291992,3434600,0.0,0.0
2008-01-14,18.371947752155513,18.544302415562708,17.623281797737462,18.14573097229004,2336000,0.0,0.0
2008-01-15,17.865652882355807,17.951832262667864,17.3862913798323,17.655595779418945,3016400,0.0,0.0
2008-01-16,17.607122443069866,18.31270077127693,17.526332348915577,17.98953628540039,2764800,0.0,0.0
2008-01-17,17.967992979590708,18.323474766397148,17.7310037519665,17.801023483276367,3234600,0.0,0.0
2008-01-18,17.935671589010695,18.31269813807338,17.24625302247052,17.623279571533203,3420300,0.0,0.0
2008-01-22,16.7345758749434,18.52275699317753,16.7345758749434,18.264225006103516,4141000,0.0,0.0
2008-01-23,17.693302020676974,20.54793091142518,17.52633457213378,20.208606719970703,7953100,0.0,0.0
2008-01-24,20.23014955563869,20.305554467426045,19.696925879295627,20.170902252197266,3377000,0.0,0.0
2008-01-25,20.402504720647972,20.68258158165927,20.06318055476104,20.257080078125,4168500,0.0,0.0
2008-01-28,20.284012958944086,20.375577548780086,19.75078919482405,20.327102661132812,4433500,0.0,0.0
2008-01-29,20.41866562484664,20.67181249394276,20.10627349594282,20.337873458862305,3370000,0.0,0.0
2008-01-30,20.316331940216646,20.736446298655782,19.686158347927684,19.83158302307129,4294700,0.0,0.0
2008-01-31,19.58381556101005,20.386341492267984,19.255263876612453,20.127809524536133,3633700,0.0,0.0
2008-02-01,20.19783450711158,21.005747887396044,19.982390117183733,20.871095657348633,4394700,0.0,0.0
2008-02-04,20.817226796416723,20.817226796416723,20.170895954197807,20.5209903717041,2618700,0.0,0.0
2008-02-05,20.2139873088251,20.612558718992286,19.508411106179086,19.66460609436035,3301300,0.0,0.0
2008-02-06,20.693352026701568,21.005746160958648,19.901598376244472,20.192447662353516,4522200,0.0,0.0
2008-02-07,20.14397739800848,20.88725633779489,19.885443270239854,20.77414894104004,3062900,0.0,0.0
2008-02-08,20.564086654569568,20.76875859880974,19.853123116292938,20.143972396850586,3129100,0.0,0.0
2008-02-11,20.160132023862694,20.213992093967672,19.621523104293036,19.696928024291992,1868800,0.0,0.0
2008-02-12,19.777716119421125,20.790299200775394,19.777716119421125,20.784914016723633,3090200,0.0,0.0
2008-02-13,20.91418881063139,21.124245995450146,20.483299959625388,20.924959182739258,2785200,0.0,0.0
2008-02-14,20.94649620232515,21.09730601099691,20.21398789512596,20.542539596557617,1906000,0.0,0.0
2008-02-15,20.537155612011286,20.790300369262695,20.332483677838724,20.790300369262695,2884500,0.0,0.0
2008-02-19,21.064994629626693,21.156557157368805,20.445593566250338,20.607175827026367,3156700,0.0,0.0
2008-02-20,20.521001405651745,21.51204201535945,20.47252651505511,21.479726791381836,4169900,0.0,0.0
2008-02-21,21.512037404001486,21.867519173965043,21.04883550436334,21.140398025512695,3624000,0.0,0.0
2008-02-22,21.221187511460577,21.59282684326172,20.82800127994969,21.59282684326172,2810100,0.0,0.0
2008-02-25,21.565897502210845,22.222998861084253,21.23734579545935,22.20145606994629,3241600,0.0,0.0
2008-02-26,21.99139156090823,22.07218162340895,21.5605030090555,21.765174865722656,3451400,0.0,0.0
2008-02-27,21.60359752911119,21.9106043556212,21.361223178016616,21.565895080566406,2324900,0.0,0.0
2008-02-28,21.377395205669362,21.377395205669362,20.790311183438362,20.90880584716797,2516300,0.0,0.0
2008-02-29,20.714900583536597,20.94650260601826,20.48868580137135,20.564090728759766,3417000,0.0,0.0
2008-03-03,20.49407473354032,21.156563644085672,20.43482740700991,21.086545944213867,3187900,0.0,0.0
2008-03-04,20.84954593831888,21.03806024913844,20.391729284926157,20.90340805053711,2804300,0.0,0.0
2008-03-05,20.91418801065932,21.30737232572715,20.623338663744413,20.865713119506836,2134400,0.0,0.0
2008-03-06,20.84416178852318,20.87109181865359,19.71308203137968,19.772329330444336,3257400,0.0,0.0
2008-03-07,19.497643315476136,20.154744800746293,19.260654075706267,20.041637420654297,4017300,0.0,0.0
2008-03-10,20.01470518562307,20.10626976036874,19.406076597608138,19.51918601989746,2561800,0.0,0.0
2008-03-11,20.00393550350929,20.973431174921735,19.97700546770367,20.892641067504883,5099800,0.0,0.0
2008-03-12,20.898018889406416,21.646684716012683,20.596399307250977,20.596399307250977,3879700,0.0,0.0
2008-03-13,20.494391800982775,21.208996049642117,19.921618419831635,21.078075408935547,4844700,0.483,0.0
2008-03-14,21.19263561887554,21.44902081841224,20.27074304490025,21.067171096801758,4545300,0.0,0.0
2008-03-17,20.548947871553338,21.26900851997104,20.47257833877469,20.870792388916016,5347600,0.0,0.0
2008-03-18,21.274454779766785,22.15270824592887,20.996251286709988,22.14179801940918,4780400,0.0,0.0
2008-03-19,22.507284015730338,22.74184871251054,21.972695335902706,22.027246475219727,3162900,0.0,0.0
2008-03-20,22.136345121390583,23.15097127061306,22.06542968570556,23.03641700744629,3855600,0.0,0.0
2008-03-24,23.085521737351094,23.876495848253754,23.085521737351094,23.734664916992188,4266000,0.0,0.0
2008-03-25,23.69647233574067,23.88194205177774,23.238253159702797,23.745567321777344,4192300,0.0,0.0
2008-03-26,23.729207561357175,23.729207561357175,22.67639427779398,22.68185043334961,3722900,0.0,0.0
2008-03-27,23.09642523456635,23.09642523456635,22.365456570725616,22.37091064453125,2927000,0.0,0.0
2008-03-28,22.51818780001346,22.534554177581924,21.92905023036374,22.010873794555664,3236500,0.0,0.0
2008-03-31,21.96178410061001,22.98186850945651,21.96178410061001,22.632749557495117,3439100,0.0,0.0
2008-04-01,23.02550563663286,24.15468807384681,22.92731567853487,24.14377784729004,4099500,0.0,0.0
2008-04-02,24.269253233586245,24.307437999957806,23.440094442106854,23.59828758239746,3107400,0.0,0.0
2008-04-03,23.636461594541156,23.865570068359375,23.363712222331337,23.865570068359375,3700600,0.0,0.0
2008-04-04,23.996498480328754,24.034683238373333,23.52191292020915,23.614648818969727,2595100,0.0,0.0
2008-04-07,23.805575679305996,23.881945205244236,23.287351220693424,23.609195709228516,1814600,0.0,0.0
2008-04-08,23.48372301999088,23.48372301999088,22.910949693827746,22.97095489501953,2540800,0.0,0.0
2008-04-09,23.01459682636958,23.03641728082593,22.354543685913086,22.354543685913086,2680400,0.0,0.0
2008-04-10,22.354547532245014,22.463647742385504,22.070887818245104,22.29454231262207,3425700,0.0,0.0
2008-04-11,21.983599273158354,22.365448815458457,21.765401021067294,22.010873794555664,1759900,0.0,0.0
2008-04-14,22.032702321183105,22.321816099625778,21.879963280634275,21.918148040771484,1975300,0.0,0.0
2008-04-15,22.016335624622354,22.28362891651916,21.743586178491576,22.130889892578125,2614200,0.0,0.0
2008-04-16,22.289090951172486,23.129159966305632,22.103621195635476,23.069154739379883,3255000,0.0,0.0
2008-04-17,22.861865610170852,23.17825606503849,22.7254908446411,23.12370491027832,1708900,0.0,0.0
2008-04-18,23.401910597270728,23.527375131848448,22.86731968518998,23.12370491027832,1780400,0.0,0.0
2008-04-21,22.905497926755437,23.020052187334944,22.763667058588716,22.889131546020508,1733400,0.0,0.0
2008-04-22,22.78002339432337,22.900033766828884,22.45817909789589,22.54000473022461,1751500,0.0,0.0
2008-04-23,22.600013633660936,23.140056236935827,22.496369619121467,23.101871490478516,1627900,0.0,0.0
2008-04-24,23.194618687125498,23.707387019162415,23.003692780696426,23.64192771911621,1947800,0.0,0.0
2008-04-25,23.805576838163116,23.931041362728347,23.63647347418605,23.89285659790039,2097000,0.0,0.0
2008-04-28,23.783756303424013,23.83830745365977,23.374632040767086,23.42372703552246,1608700,0.0,0.0
2008-04-29,23.28734230255729,23.494632422801057,23.009138838764184,23.1455135345459,1703300,0.0,0.0
2008-04-30,23.249160609341693,23.53282026355239,22.649112701416016,22.649112701416016,1936800,0.0,0.0
2008-05-01,22.03269814510602,23.527365904725123,22.03269814510602,23.45099639892578,2035700,0.0,0.0
2008-05-02,23.576470585523232,24.21470350167692,23.254626049427305,23.800125122070312,4411700,0.0,0.0
2008-05-05,23.614656599808665,23.69648021647302,23.29281204673543,23.66375160217285,1352500,0.0,0.0
2008-05-06,23.510999703409826,24.04013425607,23.42917612410689,23.991039276123047,2207800,0.0,0.0
2008-05-07,23.90921109392758,24.08377052659737,23.00368117569826,23.06368637084961,1920200,0.0,0.0
2008-05-08,23.369180904998032,23.369180904998032,22.534567970113276,22.82913589477539,1426500,0.0,0.0
2008-05-09,22.32727558339247,23.009149374527315,22.32727558339247,22.720035552978516,1862700,0.0,0.0
2008-05-12,22.823671617364322,23.767384363688258,22.823671617364322,23.71283531188965,1753100,0.0,0.0
2008-05-13,23.80557625751434,23.80557625751434,23.27644155649948,23.62556266784668,1391100,0.0,0.0
2008-05-14,23.800116486916323,24.04559139672528,23.60373655906916,23.925580978393555,1344100,0.0,0.0
2008-05-15,23.78919639864392,24.198320385098253,23.478262335411603,24.138315200805664,2009000,0.0,0.0
2008-05-16,24.083782980516986,24.252886347847237,23.76739254462457,24.040142059326172,1541800,0.0,0.0
2008-05-19,24.465625302335496,24.48744575817357,24.012862288718015,24.247426986694336,1455600,0.0,0.0
2008-05-20,24.214702080974224,24.241976616823386,23.500099669523223,23.59828758239746,1542200,0.0,0.0
2008-05-21,23.734651599414722,23.860118153174916,22.840033910650195,22.872764587402344,2141700,0.0,0.0
2008-05-22,22.796405242438567,22.943690232052855,22.665484558032414,22.76913070678711,1795700,0.0,0.0
2008-05-23,22.201816992284982,22.556390209939554,22.16363221624394,22.349102020263672,1639300,0.0,0.0
2008-05-27,22.463640735905607,22.867308682332673,22.34363033409134,22.670930862426758,1553200,0.0,0.0
2008-05-28,22.64365459493249,22.812759974469813,22.403635868642287,22.780029296875,1885400,0.0,0.0
2008-05-29,22.61093479488104,23.31462903009092,22.605478639369483,23.232803344726562,1860500,0.0,0.0
2008-05-30,23.189163112317704,23.27644287486961,22.943690210768622,23.069154739379883,1786800,0.0,0.0
2008-06-02,22.856418870942896,22.91642203906649,22.61094379802111,22.785503387451172,1621500,0.0,0.0
2008-06-03,23.06369515258254,23.48918575252346,22.976415403015004,23.407360076904297,2510300,0.0,0.0
2008-06-04,23.401914579672127,23.96923211932421,23.30917864125547,23.82194709777832,2630500,0.0,0.0
2008-06-05,24.00195555065665,24.192879364716926,23.75102651477357,24.089235305786133,2358600,0.0,0.0
2008-06-06,23.64192606609488,23.90376532888577,23.090973007476993,23.210981369018555,2482700,0.0,0.0
2008-06-09,23.20007801374062,23.58738398889956,22.534570470634947,22.55638885498047,2234100,0.0,0.0
2008-06-10,22.370910619484224,22.965504547471888,22.234535884449564,22.790945053100586,2150200,0.0,0.0
2008-06-11,22.861857546416108,22.954593436342023,22.365453658214218,22.545469284057617,2539700,0.0,0.0
2008-06-12,22.856224455538058,23.297783552227063,22.558171275703035,22.988693237304688,2421800,0.483,0.0
2008-06-13,23.11010949728049,23.518552780151367,22.817577131972776,23.518552780151367,1922200,0.0,0.0
2008-06-16,23.27569007507301,23.97114704662269,23.110105783686393,23.89939308166504,1955900,0.0,0.0
2008-06-17,24.17538355975839,24.17538355975839,22.905900347164117,22.911418914794922,1699500,0.0,0.0
2008-06-18,22.668554195252664,22.92245032998892,22.342904072692974,22.486412048339844,2562600,0.0,0.0
2008-06-19,22.54712732153396,22.966609954833984,22.243555637618066,22.966609954833984,2060700,0.0,0.0
2008-06-20,22.98315969605482,23.071471465947187,22.238029269182896,22.27114486694336,2370000,0.0,0.0
2008-06-23,22.364984301572065,22.447775427385253,21.60329373207859,21.669527053833008,2056300,0.0,0.0
2008-06-24,21.58121703963602,22.061414452213754,21.32180229736201,21.851673126220703,2296600,0.0,0.0
2008-06-25,21.89582270961197,22.685110196429427,21.89582270961197,22.182836532592773,2438500,0.0,0.0
2008-06-26,21.895826037163747,22.055891827183768,21.106540535916025,21.183813095092773,2996700,0.0,0.0
2008-06-27,21.360438150883304,21.531541084907218,21.00167026670248,21.112060546875,2476600,0.0,0.0
2008-06-30,21.04582961485599,21.581219060483946,20.841606836375508,21.12310218811035,2207900,0.0,0.0
2008-07-01,20.758817506497575,21.150701079620717,20.33381621101139,21.078947067260742,3990400,0.0,0.0
2008-07-02,21.02927103552534,21.095506478673588,20.549075653059663,20.58219337463379,2336800,0.0,0.0
2008-07-03,20.8029629288801,21.134133685747315,20.543548257347556,20.880237579345703,1314300,0.0,0.0
2008-07-07,20.89680393660868,21.33836302104567,20.681544014540634,20.85816764831543,3751200,0.0,0.0
2008-07-08,22.039325499507022,23.06595105842309,21.001660707046657,22.696144104003906,5536900,0.0,0.0
2008-07-09,22.502967922050363,22.640955214602414,20.7256909202139,21.02926254272461,4453500,0.0,0.0
2008-07-10,20.83057280350718,21.851678425861838,20.753298113227785,21.537067413330078,3742700,0.0,0.0
2008-07-11,20.98510483044462,22.276665796096477,20.422116501261122,21.67504119873047,3346700,0.0,0.0
2008-07-14,21.92894549358784,22.133166145575547,21.150697062776835,21.216930389404297,4959500,0.0,0.0
2008-07-15,21.18933446764507,21.763362276869472,20.604269524664467,20.753293991088867,5827500,0.0,0.0
2008-07-16,20.62082047984182,22.486409187245805,20.422118449932427,22.3429012298584,4945400,0.0,0.0
2008-07-17,22.558166361215058,22.98316755716306,21.89030824137651,22.801025390625,5419000,0.0,0.0
2008-07-18,22.773427046497613,23.05492236679531,22.276673942973776,22.79550552368164,3971400,0.0,0.0
2008-07-21,22.81206219552747,23.15978868696894,22.62991794289884,23.04939842224121,3056800,0.0,0.0
2008-07-22,22.933490965473705,23.92148063041263,22.596801585370105,23.827648162841797,3899200,0.0,0.0
2008-07-23,23.88283897704602,25.041931301494508,23.617903648758332,24.58381462097168,4911300,0.0,0.0
2008-07-24,24.512062671012416,24.512062671012416,22.585759132204778,22.789981842041016,5804300,0.0,0.0
2008-07-25,23.065960240088895,23.8331693799065,22.767907132304984,23.579273223876953,4006000,0.0,0.0
2008-07-28,23.579270216753063,23.89939965406789,22.823098305791213,22.889333724975586,3617000,0.0,0.0
2008-07-29,22.955562790915643,24.605891500296924,22.955562790915643,24.125694274902344,4881000,0.0,0.0
2008-07-30,24.18090123755404,24.285770853707984,23.054924083557413,23.949081420898438,3802300,0.0,0.0
2008-07-31,23.010763523755983,24.28576705197143,22.778945848909153,23.827648162841797,3524300,0.0,0.0
2008-08-01,24.092584578143473,24.467910220592714,23.22050378965282,24.351999282836914,3757900,0.0,0.0
2008-08-04,24.363037218036997,24.600375541182096,23.915959716011326,24.346479415893555,3490200,0.0,0.0
2008-08-05,24.534149002548453,26.101685239104505,24.478952804295268,25.86986541748047,5170700,0.0,0.0
2008-08-06,24.997786800601226,25.65460577525664,24.622461070649646,25.367591857910156,4214200,0.0,0.0
2008-08-07,24.721803702912347,25.11368710627918,23.943555461422037,24.11465835571289,5181000,0.0,0.0
2008-08-08,24.230574098368205,25.339991218520137,23.95459945991535,25.168886184692383,3648900,0.0,0.0
2008-08-11,25.2240767286451,26.3390142710499,25.09712867603966,26.018882751464844,4339700,0.0,0.0
2008-08-12,25.56076766499069,25.76498827509103,24.821155668539628,25.003297805786133,3821500,0.0,0.0
2008-08-13,25.041945668342287,25.213050753857495,24.33545105425116,24.639022827148438,3445400,0.0,0.0
2008-08-14,24.042907719721534,25.33446892172143,24.042907719721534,25.152324676513672,2642800,0.0,0.0
2008-08-15,25.224078116690112,25.571806691973286,24.622453422224513,24.77699851989746,2812500,0.0,0.0
2008-08-18,25.03089569762568,25.03089569762568,24.0318689803928,24.252647399902344,3257900,0.0,0.0
2008-08-19,23.94355980138492,24.1477804407095,23.292259497628237,23.50200080871582,4947800,0.0,0.0
2008-08-20,23.457836666373733,23.739329779941986,23.01627780905162,23.408161163330078,3490900,0.0,0.0
2008-08-21,22.63544448930449,23.18187533432813,22.6188866806892,22.817588806152344,4786900,0.0,0.0
2008-08-22,23.121154215822013,23.684142714933586,22.83414034732282,23.5958309173584,3722600,0.0,0.0
2008-08-25,23.695171043655982,23.695171043655982,22.751338746823,22.845169067382812,2817100,0.0,0.0
2008-08-26,22.867258968213488,23.391611208283905,22.640959846353972,23.2094669342041,2888000,0.0,0.0
2008-08-27,23.187384500425548,23.325371797657482,22.63543531149782,23.088035583496094,2569800,0.0,0.0
2008-08-28,23.18738325487947,23.739332414158397,23.049395965059738,23.70621681213379,3600800,0.0,0.0
2008-08-29,23.41368662187642,23.689661252151357,23.19290818096807,23.292259216308594,2252200,0.0,0.0
2008-09-02,23.601342505433905,23.987707295160273,22.96108163593716,23.408161163330078,2829300,0.0,0.0
2008-09-03,23.507510895724852,24.202965795135956,23.192900095334284,24.164329528808594,3320900,0.0,0.0
2008-09-04,24.142267561759628,24.142267561759628,22.927978466724976,22.988693237304688,3573600,0.0,0.0
2008-09-05,22.784456633059488,23.375041961669922,22.602314537249587,23.375041961669922,2964100,0.0,0.0
2008-09-08,24.285762745284657,24.6997246102611,23.750371392815737,24.666606903076172,5154400,0.0,0.0
2008-09-09,24.66660944511009,24.694208590034577,23.06043732769711,23.32537269592285,5509800,0.0,0.0
2008-09-10,23.678625253898968,23.75037714523313,22.67407772002635,23.435766220092773,4691800,0.0,0.0
2008-09-11,23.08571721423613,23.67193424982167,22.800984990170413,23.655183792114258,3681000,0.483,0.0
2008-09-12,23.320191921190094,23.973401917556625,23.186198980277567,23.923154830932617,2276700,0.0,0.0
2008-09-15,23.772417832313657,23.772417832313657,22.108681761474507,22.332002639770508,6455200,0.0,0.0
2008-09-16,22.052850423552066,23.43185213155604,22.00260333739719,23.29785919189453,6660200,0.0,0.0
2008-09-17,22.63349581841712,23.292290376132527,21.952368736432476,22.14219093322754,5837400,0.0,0.0
2008-09-18,22.404581893210647,27.35670280456543,21.935609759942555,27.35670280456543,9287600,0.0,0.0
2008-09-19,26.965882816542166,27.356693144556246,24.838761712624663,26.535991668701172,9509900,0.0,0.0
2008-09-22,25.966541646126252,26.044705463959605,24.00690885999201,24.25814437866211,5080500,0.0,0.0
2008-09-23,24.230223775808074,24.98392801486089,23.800332468362768,24.107397079467773,3908800,0.0,0.0
2008-09-24,24.1967288913744,24.43679812928199,23.532352471203442,23.86174964904785,3259700,0.0,0.0
2008-09-25,24.23022532139443,24.782941230690682,23.644008509464758,24.48145866394043,3795700,0.0,0.0
2008-09-26,24.17440378009192,25.447329976351437,23.638435976270408,25.408246994018555,3723100,0.0,0.0
2008-09-29,24.905773719630243,25.05651503801745,22.89030953897565,23.180625915527344,5469600,0.0,0.0
2008-09-30,23.811503858517295,24.961600882200354,23.549102088766134,24.794111251831055,4838600,0.0,0.0
2008-10-01,24.062749120767897,24.43122734142395,23.800349351196644,24.057167053222656,3228000,0.0,0.0
2008-10-02,23.733339124518647,23.750089577729497,22.61115672771303,22.79539680480957,4633300,0.0,0.0
2008-10-03,23.23644977323092,23.51001776176275,21.729039063816792,21.851865768432617,5206500,0.0,0.0
2008-10-06,20.99766929032566,22.23709632302859,20.19371569949302,21.589466094970703,6613600,0.0,0.0
2008-10-07,21.27123734013484,21.701128761265178,20.1099740003738,20.456119537353516,8087100,0.0,0.0
2008-10-08,19.858734431480528,21.65646143906021,19.58516857452024,20.651521682739258,7075600,0.0,0.0
2008-10-09,20.712938068263306,21.3494021313469,18.60256384093547,18.636062622070312,7359100,0.0,0.0
2008-10-10,18.021928414610134,22.89030647277832,17.865605051924543,22.89030647277832,13278500,0.0,0.0
2008-10-13,23.163878733199258,23.163878733199258,20.411458279984487,22.01936149597168,7524900,0.0,0.0
2008-10-14,22.60556425824766,22.96287585933932,18.49089239445458,20.04854965209961,7783100,0.0,0.0
2008-10-15,19.953645840558863,19.953645840558863,16.60384428825384,16.90532684326172,8150900,0.0,0.0
2008-10-16,17.307311341855183,18.457410862248633,16.592686490191888,18.044267654418945,8321400,0.0,0.0
2008-10-17,17.681364207624995,18.876127145605476,17.011403661750464,18.15033531188965,4459100,0.0,0.0
2008-10-20,18.178252164551267,18.64164014369918,17.485959098061205,18.563478469848633,3950700,0.0,0.0
2008-10-21,18.28991470672445,18.9822079331391,17.966101678862543,18.15592384338379,3620900,0.0,0.0
2008-10-22,17.92143246018143,18.06100748597644,16.168370476955392,16.737836837768555,6771700,0.0,0.0
2008-10-23,16.793668150919466,17.698114845311103,15.744064357368938,17.586454391479492,7068200,0.0,0.0
2008-10-24,16.1292894274122,17.86560306616439,16.017630047172428,16.79366683959961,5848700,0.0,0.0
2008-10-27,16.575935730825513,17.675786906997644,15.844561592045821,16.03438377380371,4663500,0.0,0.0
2008-10-28,16.464269372329063,18.569059882640072,15.548657574051884,17.809772491455078,7228200,0.0,0.0
2008-10-29,17.76510757301368,18.84262684913655,17.078398761192407,17.826520919799805,5957900,0.0,0.0
2008-10-30,18.541139141519082,18.56347164862618,17.167721900609173,17.89909553527832,4737400,0.0,0.0
2008-10-31,18.105670845590893,19.663328500850714,17.659030165342212,19.501420974731445,5742300,0.0,0.0
2008-11-03,19.300437347727676,19.59633576613938,18.222917813450174,18.40715789794922,2989300,0.0,0.0
2008-11-04,18.496490594418486,19.853160571479698,18.37924590609774,19.61867332458496,4832100,0.0,0.0
2008-11-05,19.266939217660788,19.501426412204907,17.30730642704212,17.53062629699707,6057900,0.0,0.0
2008-11-06,17.39663191692327,17.592037174851,16.492186305183363,16.65409278869629,4710200,0.0,0.0
2008-11-07,16.721089426778946,18.663973636080463,16.430773101745938,18.4574031829834,5389300,0.0,0.0
2008-11-10,18.742135080322218,18.742135080322218,16.704339831126365,16.933242797851562,4665200,0.0,0.0
2008-11-11,16.765754936586653,17.497127880671083,16.38611064045944,17.039321899414062,4329000,0.0,0.0
2008-11-12,17.357552967331078,17.435714653059293,16.21303800542604,16.274450302124023,6516700,0.0,0.0
2008-11-13,16.620594853815227,18.340158118621332,15.347670194881507,17.893518447875977,9418200,0.0,0.0
2008-11-14,17.301721595357858,17.804191519550994,15.196929765207894,15.442582130432129,6471600,0.0,0.0
2008-11-17,15.442580510855878,15.917135803607717,14.78378622972661,14.86194896697998,6904000,0.0,0.0
2008-11-18,14.906614758328255,15.56540805530333,14.018917415142806,14.794954299926758,5222700,0.0,0.0
2008-11-19,14.76145532007141,14.878697832933918,12.718076986948857,12.958145141601562,8113200,0.0,0.0
2008-11-20,12.896732518695433,14.253401931624959,11.875043378629348,12.355180740356445,12193600,0.0,0.0
2008-11-21,12.628750096573544,14.24223721934224,12.076032000698829,14.152909278869629,11909600,0.0,0.0
2008-11-24,14.666545826198355,17.173313479613565,13.95192122014116,16.71550750732422,11988300,0.0,0.0
2008-11-25,16.821585194857537,17.212395775615338,15.582159087247659,16.62059783935547,11719600,0.0,0.0
2008-11-26,16.224201665584886,17.642284523176894,15.816642821583276,17.53620719909668,8237700,0.0,0.0
2008-11-28,17.53621059854479,17.776279874114124,16.877416139505197,16.989076614379883,4183300,0.0,0.0
2008-12-01,16.654095201197414,16.715508564981196,13.259629971172245,13.315460205078125,10673900,0.0,0.0
2008-12-02,14.11382363141254,16.302359557408902,13.996580083925094,16.006460189819336,11695000,0.0,0.0
2008-12-03,15.291842457656724,17.33522114728261,15.01269235180758,17.128650665283203,10239000,0.0,0.0
2008-12-04,16.542435448676095,18.195004693431823,16.146042794063405,16.492189407348633,9983800,0.0,0.0
2008-12-05,16.71550756332584,18.99337223822786,16.12929173975205,18.781217575073242,8747500,0.0,0.0
2008-12-08,19.34510306980329,19.46792766740379,18.088927601108175,19.31718635559082,9834600,0.0,0.0
2008-12-09,18.915208250637804,19.490256680215285,17.530623173840674,17.848854064941406,7606300,0.0,0.0
2008-12-10,18.22292188776281,19.32835625267342,17.75953267025745,19.250194549560547,6454900,0.0,0.0
2008-12-11,18.870543978489373,19.004536946851722,15.107601227992593,15.314172744750977,14001800,0.0,0.0
2008-12-12,14.884285812211651,17.72603440519498,14.610718794845408,17.670204162597656,10914100,0.0,0.0
2008-12-15,17.491542441699035,17.547372665794896,16.01763048885685,16.559181213378906,6673600,0.0,0.0
2008-12-16,16.715508871809007,18.691891095319505,16.34703081208886,18.529983520507812,12022800,0.0,0.0
2008-12-17,17.927019138885708,19.300437071950636,17.19006307091203,18.585813522338867,7527100,0.0,0.0
2008-12-18,18.610170438726755,18.621501091546353,16.04950233177725,16.34975814819336,10460800,0.483,0.0
2008-12-19,16.689667060769644,17.074900565430113,16.089156581443245,16.729324340820312,6874900,0.0,0.0
2008-12-22,16.383747568286022,16.383747568286022,15.32435539602953,16.089157104492188,6683900,0.0,0.0
2008-12-23,16.23645304843448,16.514047546685045,15.499977937202399,15.590620994567871,4255900,0.0,0.0
2008-12-24,15.766243502385148,16.021177804369067,15.567961387569945,15.726587295532227,1381100,0.0,0.0
2008-12-26,15.732253689913357,16.043839119659946,15.48865002494207,15.924870491027832,1393600,0.0,0.0
2008-12-29,15.817236092818762,15.862557642862042,14.978786876742577,15.284707069396973,3511200,0.0,0.0
2008-12-30,15.318695040845705,16.083495862978545,15.318695040845705,15.941865921020508,3746500,0.0,0.0
2008-12-31,15.777570624267332,17.029578385747776,15.65860094978822,16.893613815307617,4479500,0.0,0.0
2009-01-02,16.921943313425704,16.921943313425704,15.89087658838361,15.992850303649902,3956500,0.0,0.0
2009-01-05,15.828558974664904,16.083492163215443,15.267704663193175,15.460321426391602,4817700,0.0,0.0
2009-01-06,15.618947122236975,15.987184691467142,15.120410288295451,15.828559875488281,6549700,0.0,0.0
2009-01-07,15.516979890321505,15.958865806306209,15.296037472604636,15.420671463012695,4039000,0.0,0.0
2009-01-08,15.301700217799487,15.460326153805447,14.956122787470797,15.250713348388672,4434200,0.0,0.0
2009-01-09,15.369682201798502,15.409339496759621,14.508572898822267,14.627541542053223,5056600,0.0,0.0
2009-01-12,14.661530449493322,14.672861103667005,13.602139136918938,13.794755935668945,5852500,0.0,0.0
2009-01-13,13.73810252336502,14.825820374622541,13.630463479390684,14.5538911819458,6397700,0.0,0.0
2009-01-14,14.072351856539262,14.434924181168048,13.86273905601902,14.14599895477295,7298800,0.0,0.0
2009-01-15,14.112009130443811,15.432000314654486,13.772097010273718,14.85414981842041,7516500,0.0,0.0
2009-01-16,15.301699364292626,15.550968369669327,14.310289750794054,15.448994636535645,8853600,0.0,0.0
2009-01-20,15.290366299767873,15.448992201928041,13.596472556740073,13.698446273803711,9891500,0.0,0.0
2009-01-21,13.964707961375737,14.922126390499868,13.256558459474833,14.837148666381836,9158200,0.0,0.0
2009-01-22,14.032690932592546,14.49723683770503,13.454840673796353,13.811747550964355,8357000,0.0,0.0
2009-01-23,13.31887328923202,14.344273259702833,13.267886448880693,14.236634254455566,5988300,0.0,0.0
2009-01-26,14.468912492398863,14.468912492398863,13.772092496251219,13.998700141906738,4876400,0.0,0.0
2009-01-27,14.157324244465189,14.42925338487632,13.885395104054055,14.174320220947266,4719400,0.0,0.0
2009-01-28,14.854149495417497,15.590625919863188,14.34428186652483,15.499982833862305,8995500,0.0,0.0
2009-01-29,15.029768057819561,15.114745796866748,14.03835858098438,14.15166187286377,8511800,0.0,0.0
2009-01-30,14.502900948219484,14.62186953712342,13.25089215906919,13.55681324005127,8420700,0.0,0.0
2009-02-02,13.233905342785187,13.743773041799479,12.990301610448666,13.704116821289062,5949700,0.0,0.0
2009-02-03,13.908059856459946,13.908059856459946,13.335875842311285,13.45484447479248,6045100,0.0,0.0
2009-02-04,13.596471323599774,14.04402235666582,13.21123779654304,13.267889976501465,6421300,0.0,0.0
2009-02-05,13.126265611877672,13.126265611877672,11.77794877815303,12.117859840393066,10376200,0.0,0.0
2009-02-06,12.338800672479698,13.18291497910321,12.027214158404806,13.069610595703125,7683300,0.0,0.0
2009-02-09,13.114924740775448,13.33020273178485,12.741021999074988,13.290545463562012,4736100,0.0,0.0
2009-02-10,12.854329546006271,13.290548800480305,11.811933434531305,11.925236701965332,9892600,0.0,0.0
2009-02-11,12.010216273224822,12.718365792151983,11.70429516238409,12.62772274017334,7852600,0.0,0.0
2009-02-12,12.259483027038653,12.639051178383857,11.556998896894603,12.429439544677734,8805300,0.0,0.0
2009-02-13,12.333131490268789,12.627721930587876,11.891245829790158,11.925236701965332,7990200,0.0,0.0
2009-02-17,11.273741916696956,11.579663076150977,10.74687841800431,10.882843017578125,10100700,0.0,0.0
2009-02-18,10.89417435661525,11.32472948930369,10.565592950162316,11.285073280334473,7209300,0.0,0.0
2009-02-19,11.698630972555039,11.749617829312875,10.508939449123057,10.66756534576416,7230300,0.0,0.0
2009-02-20,10.53727086255419,11.681641374887338,10.34465400085253,11.596662521362305,10064300,0.0,0.0
2009-02-23,11.738289663131457,11.738289663131457,10.457954807702183,10.474950790405273,9466000,0.0,0.0
2009-02-24,10.593917529409406,11.506013400328937,10.474947845041372,11.443696975708008,10582100,0.0,0.0
2009-02-25,11.069794847467644,11.500348844888746,10.565591607440734,11.0244722366333,10468500,0.0,0.0
2009-02-26,11.211427029418795,11.256748568857724,10.186025443718096,10.254008293151855,8960100,0.0,0.0
2009-02-27,9.959414435439468,10.520268704742415,9.919758236683256,9.970745086669922,11621900,0.0,0.0
2009-03-02,9.698817720749313,10.106711514964955,9.307918825948548,9.472208976745605,11334500,0.0,0.0
2009-03-03,9.670490881691325,10.118041952969401,9.211610237894611,9.608173370361328,9435100,0.0,0.0
2009-03-04,9.710149411444137,10.389973630634383,9.613840998401365,10.146369934082031,9349100,0.0,0.0
2009-03-05,9.880100393275825,9.965078102258003,9.36456773416039,9.466540336608887,9143900,0.0,0.0
2009-03-06,9.630835911992769,9.806456734892562,8.883030002302618,9.681822776794434,10491100,0.0,0.0
2009-03-09,9.534524305346325,10.021731480579874,9.392894413062185,9.965079307556152,7775400,0.0,0.0
2009-03-10,10.197352204054111,11.370047534632283,9.948083292067587,11.347387313842773,14788000,0.0,0.0
2009-03-11,11.43803408976154,11.630650891790067,10.826192801127007,11.14910888671875,11420000,0.0,0.0
2009-03-12,11.145043807381837,12.347244778618855,10.872079552640795,12.26012897491455,11459700,0.483,0.0
2009-03-13,12.260129806031212,12.260129806031212,11.319276182126453,11.80712604522705,7726400,0.0,0.0
2009-03-16,11.551583216263756,11.789700234935024,10.663000573620337,10.76173210144043,9891000,0.0,0.0
2009-03-17,10.819807273745374,11.853584259479083,10.477152008425756,11.836160659790039,8508600,0.0,0.0
2009-03-18,11.679358073308464,12.440171219714255,11.16246878848233,12.422747611999512,10081900,0.0,0.0
2009-03-19,12.596977080747239,12.637631047074967,11.063734341578261,11.150851249694824,9279000,0.0,0.0
2009-03-20,11.179891367007672,11.185699235711263,9.867342948913574,9.867342948913574,11125000,0.0,0.0
2009-03-23,10.186763302716635,12.068468493508211,10.186763302716635,11.94069766998291,14607500,0.0,0.0
2009-03-24,11.52835531500301,11.789702750715835,10.657194980484963,10.81981086730957,9926400,0.0,0.0
2009-03-25,11.05792850238963,11.371545631416755,10.024151223992618,11.133428573608398,10457400,0.0,0.0
2009-03-26,11.278619477520856,11.481890389162249,10.297112120900886,11.400581359863281,9347000,0.0,0.0
2009-03-27,11.15665410508164,11.208923788563265,10.662997706457375,10.744305610656738,6824100,0.0,0.0
2009-03-30,10.047380542219097,10.360998746307052,9.826687112027093,9.890572547912598,7928400,0.0,0.0
2009-03-31,10.262265218255004,10.854654305697936,10.012532498583735,10.657191276550293,11658600,0.0,0.0
2009-04-01,10.384229134560863,10.889502539812662,10.297113335789858,10.680423736572266,7804000,0.0,0.0
2009-04-02,11.063733055580649,11.592236771885268,10.70946202751964,11.447043418884277,12955800,0.0,0.0
2009-04-03,11.418007506624537,12.602786039065789,11.040504933822703,12.585362434387207,10800100,0.0,0.0
2009-04-06,12.3820910054008,12.747978935539763,11.90585690638347,12.469206809997559,7365300,0.0,0.0
2009-04-07,12.068472811954043,12.184626838487397,11.04631139667826,11.057927131652832,8660700,0.0,0.0
2009-04-08,11.23796768788158,11.522546576064373,10.906926963010525,11.267005920410156,8162700,0.0,0.0
2009-04-09,11.638699579020962,13.293902898660665,11.4935062276324,13.206787109375,12290000,0.0,0.0
2009-04-13,13.003514802496294,13.648173568059267,12.718935997197145,13.311325073242188,7356400,0.0,0.0
2009-04-14,13.003514263021811,13.22420874466099,11.760659714351439,11.865199089050293,11695100,0.0,0.0
2009-04-15,11.725817097321126,13.067403551806782,11.627085559509085,13.009325981140137,9822000,0.0,0.0
2009-04-16,13.015130970245812,13.851444922748943,12.022009051684881,13.195170402526855,9306700,0.0,0.0
2009-04-17,13.177748660713743,13.735290588961274,12.68409105274207,13.166132926940918,8670100,0.0,0.0
2009-04-20,12.864131742671038,12.887363212469381,11.377352015438001,11.441237449645996,10711100,0.0,0.0
2009-04-21,11.237967620877608,13.299713134765625,11.092774243625282,13.299713134765625,10946300,0.0,0.0
2009-04-22,12.81767204715148,13.137098163693208,12.051051139831543,12.051051139831543,9925500,0.0,0.0
2009-04-23,12.196243353136271,12.962864186666831,11.981356673319357,12.81186294555664,6888600,0.0,0.0
2009-04-24,12.777016226187724,13.804985524788004,12.50405309650466,13.479751586914062,8689500,0.0,0.0
2009-04-27,13.06159768729637,13.16032924025142,11.88262692056698,12.190437316894531,8252800,0.0,0.0
2009-04-28,11.934895187818764,12.898979125833185,11.905856955412782,12.504054069519043,5106600,0.0,0.0
2009-04-29,12.62601417742349,13.328750600527249,12.457590459518602,13.113863945007324,7602400,0.0,0.0
2009-04-30,13.241637453631773,13.752718834891194,12.83509660390121,13.293907165527344,6456900,0.0,0.0
2009-05-01,13.18355906626111,13.270674870857867,12.341437037104816,12.469206809997559,6420300,0.0,0.0
2009-05-04,12.678283368829842,13.82240657626906,12.533090017786101,13.799176216125488,8188800,0.0,0.0
2009-05-05,13.659792458603581,13.723676787876187,13.015133544010716,13.351982116699219,7513400,0.0,0.0
2009-05-06,13.648176617422417,13.816601456330135,13.003517707825615,13.723676681518555,7938200,0.0,0.0
2009-05-07,13.770134391565275,13.868865896733363,12.289162921781111,12.544703483581543,11395500,0.0,0.0
2009-05-08,12.904784182069989,14.112792775392327,12.637628957384555,14.08956241607666,9450400,0.0,0.0
2009-05-11,13.64817311326487,13.834020399696906,13.189361655615723,13.235824584960938,7301600,0.0,0.0
2009-05-12,13.39263223519754,13.555249160986477,12.63762737434735,13.154515266418457,5882000,0.0,0.0
2009-05-13,12.864128350955431,12.881551948710339,12.20785501050749,12.358856201171875,8079200,0.0,0.0
2009-05-14,12.521474313583015,13.32875010056482,12.353050601995713,13.206787109375,7558900,0.0,0.0
2009-05-15,13.102251468842717,13.293906703215525,12.602786950386784,12.800250053405762,7331400,0.0,0.0
2009-05-18,13.131285181094544,14.228946406552705,13.015130073456374,14.159253120422363,9228300,0.0,0.0
2009-05-19,13.926946915676357,14.025678445426248,13.450712869025383,13.578482627868652,6412400,0.0,0.0
2009-05-20,13.810791702703645,14.136024493049982,13.299710495850633,13.340364456176758,5822400,0.0,0.0
2009-05-21,13.264866522078846,13.57848362880789,13.009325877817668,13.386828422546387,5183500,0.0,0.0
2009-05-22,13.543638612848373,13.601716187698152,12.974480816343277,12.997711181640625,4157700,0.0,0.0
2009-05-26,12.904787085878061,13.816602433610825,12.777017311548105,13.7352933883667,8400000,0.0,0.0
2009-05-27,13.665597917469778,13.781751927869337,13.00932338314992,13.073208808898926,7691900,0.0,0.0
2009-05-28,13.33456152794895,13.665603415504753,12.991906117834175,13.613333702087402,6029400,0.0,0.0
2009-05-29,13.64236502872991,14.136022567749023,13.381017701769574,14.136022567749023,5962800,0.0,0.0
2009-06-01,14.269607384081143,15.239499354617882,14.170875826323352,14.664533615112305,8458000,0.0,0.0
2009-06-02,14.647106305926425,14.76906930891222,14.037294614209854,14.083756446838379,6518500,0.0,0.0
2009-06-03,14.037297412354468,14.339299938508715,13.909527624091218,14.292838096618652,4626000,0.0,0.0
2009-06-04,14.002447739626144,14.740029153205718,14.002447739626144,14.513527870178223,5896300,0.0,0.0
2009-06-05,14.699374220737239,14.798105741548259,14.194101990738806,14.310256004333496,6119200,0.0,0.0
2009-06-08,14.263794427046923,14.536758634634428,14.13021681059285,14.36833381652832,4867800,0.0,0.0
2009-06-09,14.414796333550905,14.606451520851413,14.182487183449894,14.507719993591309,4659900,0.0,0.0
2009-06-10,14.716797157723281,14.716797157723281,13.613327985770415,14.008254051208496,7419900,0.0,0.0
2009-06-11,14.140412265493973,14.270792856834296,13.60703455007262,13.666298866271973,5304900,0.483,0.0
2009-06-12,13.660375163511175,14.17597335222562,13.565552690014524,14.17004680633545,4855300,0.0,0.0
2009-06-15,13.915210025236888,13.927063116199763,13.322569041568814,13.464802742004395,6314100,0.0,0.0
2009-06-16,13.601108061803911,13.731488642848992,13.067730388499662,13.233670234680176,4066300,0.0,0.0
2009-06-17,13.186263096155269,13.43517237734256,12.94328036099304,12.98476505279541,5222200,0.0,0.0
2009-06-18,13.079586837917153,13.458876720512114,12.872162259483153,13.340349197387695,4512100,0.0,0.0
2009-06-19,13.648522809719987,13.648522809719987,13.0736603090037,13.269231796264648,4897400,0.0,0.0
2009-06-22,13.103294431463365,13.22182196734843,12.652887082204595,12.72992992401123,6454000,0.0,0.0
2009-06-23,12.872157893314249,13.073655857689015,12.641028340802512,12.830673217773438,4283100,0.0,0.0
2009-06-24,12.854381318425729,13.14477522109088,12.842528229246057,13.002541542053223,3585300,0.0,0.0
2009-06-25,12.931430341794224,13.209972419295829,12.694374096326198,13.13885498046875,3871600,0.0,0.0
2009-06-26,13.073658261588212,13.292935897388086,12.854381756161178,13.198113441467285,3109100,0.0,0.0
2009-06-29,13.215893327654218,13.281084196807571,12.966984072236723,13.121070861816406,3752800,0.0,0.0
2009-06-30,13.126997678759087,13.32849570542565,13.01439557435766,13.174408912658691,3616700,0.0,0.0
2009-07-01,13.239596778869414,13.346272313530264,13.156627420965519,13.233670234680176,3471200,0.0,0.0
2009-07-02,13.067731881987823,13.085511516587543,12.392121592418421,12.445459365844727,5958200,0.0,0.0
2009-07-06,12.504725207089539,12.812898795446722,12.374343464891426,12.783266067504883,6792300,0.0,0.0
2009-07-07,12.694367965945391,12.706221055088019,12.048389302518546,12.107653617858887,6585000,0.0,0.0
2009-07-08,12.23803807641562,12.23803807641562,11.568354153352981,11.876527786254883,7221900,0.0,0.0
2009-07-09,12.000979260143827,12.09580172189291,11.550572001649236,11.586130142211914,4602100,0.0,0.0
2009-07-10,11.491315184944272,11.651328617533547,11.141656705007849,11.41427230834961,3490300,0.0,0.0
2009-07-13,11.526870891144368,12.042468061833302,11.509091249599706,12.012836456298828,6429000,0.0,0.0
2009-07-14,11.953569553985004,12.13136140984922,11.627617441442922,11.995054244995117,3884800,0.0,0.0
2009-07-15,12.11951090806715,12.457316153118109,11.935791353790897,12.303229331970215,5603800,0.0,0.0
2009-07-16,12.196546639923508,12.504720102479775,11.941710935516307,12.39804458618164,3721100,0.0,0.0
2009-07-17,12.380269248142657,12.380269248142657,11.793554835498112,11.870598793029785,4728600,0.0,0.0
2009-07-20,12.030613580824037,12.415831190611861,11.965423830087293,12.380271911621094,4257500,0.0,0.0
2009-07-21,12.534359452092849,12.534359452092849,11.971351066758436,12.22618579864502,4112200,0.0,0.0
2009-07-22,12.024683912561107,12.528427752692904,12.024683912561107,12.273591995239258,3083300,0.0,0.0
2009-07-23,12.380269068109298,12.895867191320715,12.208403780620763,12.753633499145508,5476800,0.0,0.0
2009-07-24,12.558064887669076,12.700298612197939,12.362493375145242,12.581769943237305,4206200,0.0,0.0
2009-07-27,12.629183541731132,12.895872531478137,12.433611992707785,12.889945983886719,4314100,0.0,0.0
2009-07-28,12.75956377962151,13.251455866284441,12.682519800655726,13.156633377075195,4327100,0.0,0.0
2009-07-29,13.038097608627949,13.097361914741692,12.806968058194236,12.961054801940918,4147100,0.0,0.0
2009-07-30,13.512213838219845,14.187825321391909,13.364053593807904,13.998180389404297,9257700,0.0,0.0
2009-07-31,13.956696874749317,14.347839894117897,13.861874393106822,14.22338581085205,7228900,0.0,0.0
2009-08-03,14.407099310618342,14.543407570534146,14.324129950091752,14.484143257141113,5736000,0.0,0.0
2009-08-04,14.442657145588784,15.51533670324476,14.353760119122684,15.46199893951416,9249600,0.0,0.0
2009-08-05,15.479782842707905,16.428007503208548,15.301989871084317,16.362817764282227,6384600,0.0,0.0
2009-08-06,16.528760877660844,17.168813257635257,16.41615987598702,16.599878311157227,7426100,0.0,0.0
2009-08-07,16.759890706139913,18.22371381543745,16.647288580694504,17.80886459350586,7473000,0.0,0.0
2009-08-10,17.773305117972395,17.80293784896988,17.00879874420702,17.1806640625,5154600,0.0,0.0
2009-08-11,17.00879244980474,17.17473116048969,16.309476082281915,16.451709747314453,6398200,0.0,0.0
2009-08-12,16.61765676232655,16.896197668633338,16.398379060921464,16.475421905517578,5658000,0.0,0.0
2009-08-13,16.759890321758384,16.80137501692547,16.39245235101403,16.505054473876953,3439600,0.0,0.0
2009-08-14,16.285775300483298,16.30948148436044,15.722766997878018,16.167247772216797,4543800,0.0,0.0
2009-08-17,15.65757906446704,15.835370955458366,15.420522833020845,15.491639137268066,5544100,0.0,0.0
2009-08-18,15.586456979255109,15.942041785513824,15.50941415091264,15.805734634399414,3385300,0.0,0.0
2009-08-19,15.556823619305344,15.693130754965974,15.37903180151955,15.645719528198242,3261300,0.0,0.0
2009-08-20,15.568676414898981,16.285771347530073,15.568676414898981,16.256139755249023,3752600,0.0,0.0
2009-08-21,16.362822956288948,16.98509572848942,16.179103380945456,16.38652801513672,4455100,0.0,0.0
2009-08-24,16.463569248599104,16.6354345702393,16.17910067734853,16.26799774169922,3407600,0.0,0.0
2009-08-25,16.475421911234097,16.70062615928213,16.09613197394037,16.21466064453125,4886000,0.0,0.0
2009-08-26,16.256150159208406,16.49320644029154,16.16725419509892,16.487279891967773,3534600,0.0,0.0
2009-08-27,16.56431595496287,16.56431595496287,16.072423983457384,16.534683227539062,3446500,0.0,0.0
2009-08-28,16.65914145790701,16.748037395632736,16.149469757065525,16.475421905517578,4384600,0.0,0.0
2009-08-31,16.214660809307315,16.374673046745944,16.048720894868413,16.185028076171875,3744700,0.0,0.0
2009-09-01,16.06649650908698,16.303552662907162,15.438296288497364,15.479782104492188,6034800,0.0,0.0
2009-09-02,15.699062252323332,15.699062252323332,15.355330467224121,15.355330467224121,4332500,0.0,0.0
2009-09-03,15.521265630867806,15.693130905661393,15.242723681856432,15.687204360961914,4455100,0.0,0.0
2009-09-04,15.592386755721067,15.80573790976284,15.337550906254101,15.799811363220215,2870200,0.0,0.0
2009-09-08,15.930188743169381,16.34503787345745,15.829439733263591,16.339111328125,3984700,0.0,0.0
2009-09-09,16.27984938190489,17.050283432006836,16.119837156059923,17.050283432006836,5792000,0.0,0.0
2009-09-10,17.05028409703173,17.399942423721154,16.67691958462695,17.328824996948242,3974100,0.0,0.0
2009-09-11,17.34660149899389,17.40586582219081,17.008796326256313,17.275484085083008,4175000,0.0,0.0
2009-09-14,17.15695527696893,17.791080887562025,16.996941955499775,17.785154342651367,2956800,0.0,0.0
2009-09-15,17.85627484763906,18.294830231856373,17.60144013839539,18.11111068725586,5167800,0.0,0.0
2009-09-16,18.016286444551447,18.970437700230292,18.016286444551447,18.958585739135742,4974100,0.0,0.0
2009-09-17,18.98135106542172,19.71209372481258,18.651917028423373,18.933433532714844,4615500,0.338,0.0
2009-09-18,19.19697866323184,19.256877004898584,18.753741216894394,19.017288208007812,6120500,0.0,0.0
2009-09-21,18.897485061914665,19.4125991373618,18.801650044498018,18.98733139038086,4229000,0.0,0.0
2009-09-22,19.167031729086382,19.801940477672133,19.167031729086382,19.682146072387695,4248800,0.0,0.0
2009-09-23,19.694123242307686,19.777978629899444,18.717802047729492,18.717802047729492,4758600,0.0,0.0
2009-09-24,18.86155311753772,19.071192712146562,17.95111902477262,18.202686309814453,5863700,0.0,0.0
2009-09-25,18.11284065246582,18.46024297640908,17.92117056235145,18.11284065246582,4239700,0.0,0.0
2009-09-28,18.19070637204674,18.849571986122942,18.19070637204674,18.843582153320312,4052900,0.0,0.0
2009-09-29,18.41232451426458,18.99931442089559,18.32247930691392,18.400344848632812,4609200,0.0,0.0
2009-09-30,18.436284220276022,18.63993397038039,18.1188299292442,18.38836669921875,5780700,0.0,0.0
2009-10-01,18.310501985151614,18.424306538333564,17.250325432350134,17.310222625732422,6215600,0.0,0.0
2009-10-02,16.974801348272926,17.75945133348773,16.878966287900614,17.142513275146484,4708400,0.0,0.0
2009-10-05,17.280275529407465,17.759450817342685,17.280275529407465,17.597728729248047,3976600,0.0,0.0
2009-10-06,17.771432691429723,17.89721579171187,17.088607535740046,17.3701229095459,3952400,0.0,0.0
2009-10-07,17.268291952879657,17.561786893112213,17.082611713639416,17.388086318969727,2796300,0.0,0.0
2009-10-08,17.55579893246831,17.969088282858337,17.489913052292994,17.855283737182617,4628000,0.0,0.0
2009-10-09,17.741482369288484,18.14279209934245,17.525852919574714,18.094873428344727,5047100,0.0,0.0
2009-10-12,18.148778492563487,18.352428248739326,17.94512873638765,18.088882446289062,1913000,0.0,0.0
2009-10-13,17.957107005458923,18.088881038875165,17.669601892913278,17.75944709777832,3282700,0.0,0.0
2009-10-14,17.96309570093795,18.310497975548905,17.94512620412501,18.226642608642578,4591400,0.0,0.0
2009-10-15,18.02898898811458,18.178731419672935,17.843308692866568,17.951122283935547,2621200,0.0,0.0
2009-10-16,17.771431149881334,17.80137917808097,17.364131568679607,17.40605926513672,3786400,0.0,0.0
2009-10-19,17.507883586642567,17.7953887607351,17.316213470580877,17.735492706298828,3937700,0.0,0.0
2009-10-20,17.6576269684258,17.717524168565262,17.274286715443722,17.394081115722656,3095800,0.0,0.0
2009-10-21,17.424024213262758,17.72350898675652,16.93286936752398,16.968807220458984,3791200,0.0,0.0
2009-10-22,16.980790614535902,17.483925235888375,16.831048194905858,17.46595573425293,4553000,0.0,0.0
2009-10-23,17.4659506745166,17.495898692789325,17.1604760898714,17.35214614868164,4156900,0.0,0.0
2009-10-26,17.334177869336386,17.855280701165142,17.334177869336386,17.436002731323242,4039300,0.0,0.0
2009-10-27,17.418033809674387,17.519858675021837,17.130528710732314,17.214384078979492,3042900,0.0,0.0
2009-10-28,17.082610183250374,17.424022610843906,16.49562035537224,16.507598876953125,4830900,0.0,0.0
2009-10-29,16.81307939572034,17.483925966366247,16.759172031005754,17.40605926513672,5203600,0.0,0.0
2009-10-30,17.322199992770148,17.633664443045095,16.801095964716147,17.298240661621094,7614800,0.0,0.0
2009-11-02,17.43600453084057,17.747467838671728,16.801095964716147,17.298240661621094,4316700,0.0,0.0
2009-11-03,17.064648624011944,17.55580365301822,16.93287568578524,17.489917755126953,4484200,0.0,0.0
2009-11-04,17.65163618541686,17.72950288414616,17.058656335040517,17.100584030151367,4492700,0.0,0.0
2009-11-05,17.2203730505392,17.60970299536701,17.148496208174787,17.531837463378906,3373400,0.0,0.0
2009-11-06,17.274283604320424,17.436005672837386,17.052664346451568,17.2802734375,3174100,0.0,0.0
2009-11-09,17.400067540287317,18.022996512658867,17.400067540287317,18.011016845703125,6172300,0.0,0.0
2009-11-10,18.028984295674316,18.52013916056079,17.783406863231082,18.322479248046875,4411200,0.0,0.0
2009-11-11,18.454250273309086,18.939416398708083,18.454250273309086,18.819622039794922,3174100,0.0,0.0
2009-11-12,18.717802763233724,18.96338024409183,18.627957538459007,18.633947372436523,3026000,0.0,0.0
2009-11-13,18.627952818045074,19.059210473147342,18.627952818045074,18.92144775390625,2472700,0.0,0.0
2009-11-16,19.005303467842644,19.58031368506523,19.005303467842644,19.346715927124023,3192200,0.0,0.0
2009-11-17,19.262862244740248,19.490471332510406,19.047232823156698,19.05322265625,3631500,0.0,0.0
2009-11-18,19.04723435268578,19.712091027661753,19.01129649368393,19.65219497680664,3002300,0.0,0.0
2009-11-19,19.478495663473954,19.51443466940876,18.999319199673252,19.238906860351562,3991000,0.0,0.0
2009-11-20,19.14906157975804,19.226927140856027,18.96338128602894,19.137083053588867,2467300,0.0,0.0
2009-11-23,19.42458483951811,19.610266243131832,19.06520284124715,19.250883102416992,3090700,0.0,0.0
2009-11-24,19.107130644883686,19.286822216306497,18.819625501539846,18.861553192138672,3601500,0.0,0.0
2009-11-25,19.017283984946573,19.23291339728704,18.903479445939794,18.981346130371094,2876500,0.0,0.0
2009-11-27,18.699830879382493,18.90947047211636,18.370398049689182,18.514150619506836,1771500,0.0,0.0
2009-11-30,18.478210726829634,19.328747528042587,18.388365523397763,19.292808532714844,4302200,0.0,0.0
2009-12-01,19.436560455013733,19.622239535039995,19.17900339089284,19.45452880859375,2594300,0.0,0.0
2009-12-02,19.592298179917936,19.855846308111413,19.44854673261973,19.688133239746094,3030500,0.0,0.0
2009-12-03,19.8198984626311,19.95766115687573,19.2149403457406,19.298795700073242,3658900,0.0,0.0
2009-12-04,19.706099764950697,20.077460258544402,19.44854266708589,19.789955139160156,4873400,0.0,0.0
2009-12-07,19.694121623832302,19.83188436139561,19.14306838869132,19.250883102416992,3434800,0.0,0.0
2009-12-08,19.029269422180786,19.328754300178808,18.813639944440087,19.05921745300293,2832700,0.0,0.0
2009-12-09,19.119117316072565,19.316777317342954,18.921457314802176,18.99932289123535,3061900,0.0,0.0
2009-12-10,19.119110706723287,19.155048564773253,18.777698199138857,18.873533248901367,2178600,0.0,0.0
2009-12-11,18.969371170504996,19.262866197641433,18.801659236808135,19.238906860351562,2607600,0.0,0.0
2009-12-14,19.334737587127023,19.652193022780434,19.017284436361262,19.592294692993164,2936900,0.0,0.0
2009-12-15,19.436568411466606,19.54438314685575,19.310785315142006,19.358701705932617,2898800,0.0,0.0
2009-12-16,19.466514945308557,19.53839066841489,19.358700218205037,19.42458724975586,3344900,0.0,0.0
2009-12-17,19.405217603937665,19.447586888157495,19.1570525094796,19.278108596801758,4100800,0.338,0.0
2009-12-18,19.36889911652502,19.798646011524273,19.18731614909814,19.73811912536621,6336500,0.0,0.0
2009-12-21,19.762328668464207,20.325237422942774,19.762328668464207,20.319183349609375,2547000,0.0,0.0
2009-12-22,20.355499987497875,20.694454193115234,20.20418048600374,20.694454193115234,2504300,0.0,0.0
2009-12-23,20.658138894988095,21.29368033653503,20.658138894988095,21.136306762695312,3742200,0.0,0.0
2009-12-24,21.28158082883774,21.487375503482735,21.148418889669497,21.360267639160156,1755500,0.0,0.0
2009-12-28,21.402632858107,22.02001676466231,21.323946062744856,21.790010452270508,4298900,0.0,0.0
2009-12-29,21.826333659019177,21.911072241219816,21.148420383507663,21.178686141967773,2955100,0.0,0.0
2009-12-30,21.184733990053207,21.221051508116293,20.863937328497286,21.166576385498047,2256700,0.0,0.0
2009-12-31,21.275523527526392,21.360262081694355,20.36155241568067,20.446290969848633,3561600,0.0,0.0
2010-01-04,20.61577686510313,20.90025605649248,20.11339483760067,20.216293334960938,3299500,0.0,0.0
2010-01-05,20.16786720462172,20.270765687875862,19.919703262477178,20.137603759765625,4545400,0.0,0.0
2010-01-06,20.137601529585613,20.367607841134546,20.137601529585613,20.25260353088379,3409700,0.0,0.0
2010-01-07,20.149706030260763,20.688403103716322,20.083125077999526,20.446290969848633,3637300,0.0,0.0
2010-01-08,20.367608989327024,20.500768601244054,20.028652422091632,20.186023712158203,2325900,0.0,0.0
2010-01-11,20.31918470912851,20.48866183056384,20.05891495323705,20.12549591064453,2320600,0.0,0.0
2010-01-12,19.962064928056247,20.149701908872355,19.683637647324183,19.834957122802734,2684400,0.0,0.0
2010-01-13,19.93180738590758,20.512873789339988,19.901543943657426,20.464452743530273,3128000,0.0,0.0
2010-01-14,20.28892123880753,20.49471587552689,20.186022765971547,20.42813491821289,1810800,0.0,0.0
2010-01-15,20.31918573634115,20.379712623070034,20.13154869315726,20.198129653930664,2485600,0.0,0.0
2010-01-19,20.45840540473082,20.85788897722192,20.25261069714732,20.833677291870117,2517000,0.0,0.0
2010-01-20,20.652089189669077,20.652089189669077,20.361555963772595,20.440242767333984,2941000,0.0,0.0
2010-01-21,20.45234410464586,20.718665592517986,19.90154121887573,19.931804656982422,4540500,0.0,0.0
2010-01-22,19.949964209183655,20.21023395847003,19.253894674367984,19.326528549194336,4798300,0.0,0.0
2010-01-25,19.532326021028446,19.604958751939503,19.054155732212145,19.320478439331055,3559400,0.0,0.0
2010-01-26,19.241793234934942,19.592853366612097,19.060209094490773,19.284162521362305,2341200,0.0,0.0
2010-01-27,19.23573729838513,19.6654853243506,19.005730987452544,19.63521957397461,3021100,0.0,0.0
2010-01-28,19.756276334631195,19.774433938325227,19.302317770659148,19.538375854492188,2204700,0.0,0.0
2010-01-29,19.6049588627005,19.79864768552618,19.235739977117714,19.3991641998291,3315200,0.0,0.0
2010-02-01,19.56258160515095,19.883378154300853,19.520212336733113,19.834957122802734,2502800,0.0,0.0
2010-02-02,19.828909540787016,20.186023712158203,19.62916896843511,20.186023712158203,3170800,0.0,0.0
2010-02-03,20.05891996278674,20.05891996278674,19.538380321003338,19.59285545349121,2429000,0.0,0.0
2010-02-04,20.57340632331158,21.015259116975134,19.78654284332822,19.804702758789062,7454100,0.0,0.0
2010-02-05,19.913656781438153,20.167872556432286,19.399168846546985,19.956026077270508,4661000,0.0,0.0
2010-02-08,19.937858606113906,20.113389798903317,19.592850294191315,19.63521957397461,3303800,0.0,0.0
2010-02-09,19.877340772829463,19.949973527103708,19.441539629276747,19.611019134521484,3456700,0.0,0.0
2010-02-10,19.58679719304047,19.877330366996212,19.2599465064831,19.526268005371094,3014900,0.0,0.0
2010-02-11,19.42942734805466,19.84101666749713,19.296266573019448,19.82891082763672,2615300,0.0,0.0
2010-02-12,19.641273465879475,20.13154721567872,19.48389987760986,20.095232009887695,3192800,0.0,0.0
2010-02-16,20.458406935904627,20.851838770980198,20.313141430828484,20.815521240234375,3112600,0.0,0.0
2010-02-17,20.845773030867267,20.984986690734942,20.761034482161055,20.942617416381836,2615100,0.0,0.0
2010-02-18,20.81551860778915,21.34211003776327,20.803412765738184,21.227108001708984,3128900,0.0,0.0
2010-02-19,21.112108866007233,21.54185592756494,21.00315858153435,21.46316909790039,3696200,0.0,0.0
2010-02-22,21.48737289474791,21.929225637762762,21.311841688782998,21.741588592529297,4216900,0.0,0.0
2010-02-23,21.77185624337147,21.77185624337147,21.4752689278156,21.608430862426758,4729700,0.0,0.0
2010-02-24,21.693168710214405,21.85659408569336,21.4752682095758,21.85659408569336,3003000,0.0,0.0
2010-02-25,21.590267319958095,21.94132970351151,21.390526760553875,21.935277938842773,2843400,0.0,0.0
2010-02-26,21.917116793038332,22.09264797493296,21.796060725905747,21.83843231201172,3645800,0.0,0.0
2010-03-01,22.06239852694666,22.06239852694666,21.777916935115066,21.850549697875977,2461500,0.0,0.0
2010-03-02,21.92317339056852,22.007911954632462,21.74764218846311,21.86264419555664,2009000,0.0,0.0
2010-03-03,21.91107106657872,21.91107106657872,21.632643651716336,21.69317054748535,2456600,0.0,0.0
2010-03-04,21.753691448752207,21.90501095542983,21.662901130117092,21.83843231201172,2356300,0.0,0.0
2010-03-05,21.953432131505338,22.582921771085584,21.808164403543664,22.5587100982666,3557400,0.0,0.0
2010-03-08,22.54661274747748,22.825040162827793,22.486085851602393,22.770565032958984,2450200,0.0,0.0
2010-03-09,22.607137112188383,23.381894684573084,22.58292774192075,23.182151794433594,5593900,0.0,0.0
2010-03-10,23.248743057250977,23.297166437143943,22.940052091771747,23.248743057250977,3577600,0.0,0.0
2010-03-11,23.210865420927913,23.296358598461833,22.966606187755136,23.290250778198242,2073600,0.338,0.0
2010-03-12,23.387962445672624,23.510093266192523,23.082636559098695,23.247512817382812,2517800,0.0,0.0
2010-03-15,23.186443651889313,23.36963867907097,22.893331142508437,23.271934509277344,2118100,0.0,0.0
2010-03-16,23.436813155268258,24.108529100854142,23.326895661706725,24.041357040405273,3139400,0.0,0.0
2010-03-17,24.163493012997293,24.413860173085197,23.992511243996347,24.37111473083496,2725600,0.0,0.0
2010-03-18,24.371117904725562,24.688657180975184,24.187922795587912,24.206241607666016,3333700,0.0,0.0
2010-03-19,24.00472640991211,24.32226566927543,23.870382249944377,24.00472640991211,4076800,0.0,0.0
2010-03-22,23.8703717505076,24.279507214883523,23.78488089702314,24.212337493896484,2609300,0.0,0.0
2010-03-23,24.12074929952937,24.19402687300288,23.827636676183257,24.14517593383789,2193000,0.0,0.0
2010-03-24,23.882588621622727,24.242873221751875,23.84594868061842,24.041357040405273,4154300,0.0,0.0
2010-03-25,24.16349014237227,24.542093584232756,24.09021258285609,24.120744705200195,4088900,0.0,0.0
2010-03-26,24.23067008987682,24.328374310825826,23.86427984368115,24.02915382385254,2853700,0.0,0.0
2010-03-29,24.145169111309336,24.157382425012567,23.882588690318332,24.03525161743164,2162900,0.0,0.0
2010-03-30,24.047465313168708,24.279511288862363,23.882589069732834,24.11463737487793,2619600,0.0,0.0
2010-03-31,23.900912745928768,24.17570654098084,23.81542186067966,23.907020568847656,2559400,0.0,0.0
2010-04-01,24.102425692257107,24.102425692257107,23.717714431535754,23.894804000854492,2455000,0.0,0.0
2010-04-05,23.974185860883853,24.584837590018914,23.943653740317398,24.566518783569336,3486200,0.0,0.0
2010-04-06,24.46880560140966,25.403101657964037,24.401633563195833,25.378677368164062,3894800,0.0,0.0
2010-04-07,25.2870891027602,25.409219919753816,24.70696946912921,24.810781478881836,3551700,0.0,0.0
2010-04-08,24.627588161841548,24.804675413096565,24.535989460247915,24.768037796020508,3425600,0.0,0.0
2010-04-09,24.859629346648198,25.6229439470448,24.847416033507695,25.616838455200195,3562500,0.0,0.0
2010-04-12,25.592415079118638,25.74507801858593,25.470284261654484,25.62905502319336,2788600,0.0,0.0
2010-04-13,25.62294338730927,26.361831345283797,25.586305778139415,26.27634048461914,3347100,0.0,0.0
2010-04-14,26.49007595644182,26.49007595644182,26.13589679136091,26.312986373901367,2726700,0.0,0.0
2010-04-15,26.245814380626538,26.361837385333125,25.604630449281697,25.671802520751953,3183500,0.0,0.0
2010-04-16,25.49471583011189,25.751188499966453,25.012300288868826,25.103899002075195,4141400,0.0,0.0
2010-04-19,24.896259146271422,25.35424771997888,24.755809596535176,25.128307342529297,2764300,0.0,0.0
2010-04-20,25.256552632659346,25.653474807739258,25.03671766580835,25.653474807739258,1986600,0.0,0.0
2010-04-21,25.629059056192407,26.581674457523228,25.555779156511605,26.221389770507812,3602600,0.0,0.0
2010-04-22,25.952696446010044,26.777075283691023,25.800033525739398,26.71601104736328,3168900,0.0,0.0
2010-04-23,26.77707855086087,27.2656018188945,26.538924738892845,27.23506736755371,3670100,0.0,0.0
2010-04-26,27.55871661296236,27.888466817291768,27.393840346071773,27.638099670410156,3190400,0.0,0.0
2010-04-27,27.442686931574297,27.711375174067115,26.67326680409805,26.68548011779785,3517000,0.0,0.0
2010-04-28,26.97249099537568,27.125153957304097,26.722123830991155,26.819828033447266,3128700,0.0,0.0
2010-04-29,27.18011518337109,28.93268782256062,27.027452207588514,28.798343658447266,5231700,0.0,0.0
2010-04-30,27.86403817430604,28.749483619529798,27.55871231936346,27.644203186035156,4705600,0.0,0.0
2010-05-03,27.87014354139672,29.31128194297172,27.87014354139672,29.018169403076172,4182200,0.0,0.0
2010-05-04,28.68842061750962,29.04259977141241,28.39530803985819,28.70673942565918,3873100,0.0,0.0
2010-05-05,28.517438467579286,28.91436072517805,28.041128497228442,28.254858016967773,3228800,0.0,0.0
2010-05-06,28.08387807425057,28.975429167540604,25.34205039238114,27.0701961517334,6124000,0.0,0.0
2010-05-07,27.07019258159442,27.796867309008448,26.135893841260373,26.520605087280273,4620900,0.0,0.0
2010-05-10,28.016699067475006,28.773905828258762,27.699159921857184,28.70062828063965,4667400,0.0,0.0
2010-05-11,28.260961117598484,29.268537396699465,28.05944725944917,28.90214729309082,3829600,0.0,0.0
2010-05-12,28.98153391286881,29.592185713794585,28.865510909295544,29.372350692749023,3339900,0.0,0.0
2010-05-13,29.31739121146258,29.50669410366425,28.651780671758804,28.70673942565918,2891200,0.0,0.0
2010-05-14,28.35255599219251,28.54185884026745,27.47932395568897,27.857927322387695,3804700,0.0,0.0
2010-05-17,27.91288621829025,28.413620382348377,27.161784972203062,28.035017013549805,3228200,0.0,0.0
2010-05-18,28.590709075282266,28.621241190833352,27.131252055100045,27.22895622253418,3734800,0.0,0.0
2010-05-19,27.04575969582539,27.741902141264127,26.37404154379868,27.173995971679688,3753800,0.0,0.0
2010-05-20,26.38015054193153,26.807607143313156,25.769498919800945,25.818349838256836,5757100,0.0,0.0
2010-05-21,25.274876747781317,26.87478375573522,25.201599186583493,26.84425163269043,5660700,0.0,0.0
2010-05-24,26.89310883809841,26.911427648722153,25.977131035679136,26.01987648010254,3220200,0.0,0.0
2010-05-25,25.30540042446675,26.526703574228772,24.975650344413683,26.50227928161621,4319600,0.0,0.0
2010-05-26,26.91753717371182,27.259500750719106,26.33130957271675,26.483972549438477,4133800,0.0,0.0
2010-05-27,27.045767766396487,27.986172062183904,26.777079493627703,27.937318801879883,3851800,0.0,0.0
2010-05-28,27.851820688218815,28.114401070489567,27.47321733705327,27.55870819091797,3608300,0.0,0.0
2010-06-01,27.2533912308482,27.717485586569154,26.990810763317985,27.0701961517334,3497500,0.0,0.0
2010-06-02,27.326664554913258,27.34498336114572,26.68548071281117,27.18010711669922,5248800,0.0,0.0
2010-06-03,27.19841578441889,27.503741505403973,26.832023521566565,27.057966232299805,3332300,0.0,0.0
2010-06-04,26.239704803372327,26.764865648270614,25.03672018561468,25.177169799804688,5332000,0.0,0.0
2010-06-07,25.372577934259695,25.671798295345226,24.896270348706597,24.951229095458984,4264800,0.0,0.0
2010-06-08,25.06724688703645,25.62904755181481,24.297826921381272,25.53744888305664,4228500,0.0,0.0
2010-06-09,25.80004280927764,26.490080109441013,25.397012647920267,25.531356811523438,4334500,0.0,0.0
2010-06-10,25.934388543485706,27.02745374175112,25.824471008326817,26.990816116333008,3536300,0.0,0.0
2010-06-11,26.62440744548337,27.241166833944582,26.49006568448707,27.204526901245117,2146600,0.0,0.0
2010-06-14,27.461001735204057,27.76632751894633,27.308338843332923,27.613664627075195,3884900,0.0,0.0
2010-06-15,27.79686519159894,28.38309025457768,27.54649809202773,28.352558135986328,2938400,0.0,0.0
2010-06-16,28.086812003879473,28.431285357933383,28.031450256737465,28.203685760498047,2532600,0.338,0.0
2010-06-17,28.283665582236942,28.74501289406525,28.259059829104658,28.49896240234375,3299500,0.0,0.0
2010-06-18,28.62198078267272,28.708098554975052,28.092968928206016,28.148330688476562,3650500,0.0,0.0
2010-06-21,28.597385228660226,28.861888881945347,27.90228790263331,28.025314331054688,2183200,0.0,0.0
2010-06-22,28.13603544704798,28.166791464858168,26.942682245129266,26.973438262939453,3535100,0.0,0.0
2010-06-23,26.967282225308363,27.60086497340017,26.499784753679435,27.27484703063965,2969800,0.0,0.0
2010-06-24,27.047261164592424,27.139529237273546,26.358314019928674,26.419828414916992,3188300,0.0,0.0
2010-06-25,26.715089384947284,27.588572639454988,26.499794877578243,27.410186767578125,3500400,0.0,0.0
2010-06-28,27.563967518082386,27.57627039581613,26.844264423129157,26.998046875,1673200,0.0,0.0
2010-06-29,26.59820619475409,26.702777105365083,25.767779787549244,25.92156219482422,4887400,0.0,0.0
2010-06-30,25.940022173640735,26.419825006513644,25.583248114872607,25.614004135131836,4034400,0.0,0.0
2010-07-01,25.74318899126348,25.896971487857726,24.931217596968615,25.62016487121582,4304700,0.0,0.0
2010-07-02,25.269533737262694,25.577098642458974,24.592889537910477,25.0173282623291,5050700,0.0,0.0
2010-07-06,25.767782109422942,25.786235249068046,24.414496334155142,24.740516662597656,5215800,0.0,0.0
2010-07-07,24.869704173305667,26.192234510113977,24.771283474743274,26.161476135253906,4950300,0.0,0.0
2010-07-08,26.499784434626978,26.954979026978204,26.0630406329496,26.641263961791992,4442700,0.0,0.0
2010-07-09,26.604357096631695,27.13951922975425,26.573601083745732,27.096460342407227,2367100,0.0,0.0
2010-07-12,27.151818280343594,27.379415559486567,26.8381032386348,27.256391525268555,2235600,0.0,0.0
2010-07-13,27.64392704523959,27.963794761242738,27.539356125707883,27.822315216064453,3037200,0.0,0.0
2010-07-14,27.453242259936466,27.742351655854424,27.0041978099471,27.490148544311523,2382400,0.0,0.0
2010-07-15,27.539358595848864,27.637779259867397,26.77659668980493,27.557811737060547,2241000,0.0,0.0
2010-07-16,27.225639219668775,27.48399491130546,26.0753473490997,26.259885787963867,3822700,0.0,0.0
2010-07-19,26.27218846338833,26.979588544603942,26.01383512025232,26.84425926208496,2747500,0.0,0.0
2010-07-20,26.358301970231807,27.194878587358076,26.130704679156715,27.139516830444336,3978200,0.0,0.0
2010-07-21,27.47784872370195,27.47784872370195,26.272194804979044,26.358312606811523,3680600,0.0,0.0
2010-07-22,26.76429146301674,27.834618143438057,26.76429146301674,27.631624221801758,4437400,0.0,0.0
2010-07-23,27.490153628514445,27.83462720777181,26.936538141694804,27.773115158081055,3281800,0.0,0.0
2010-07-26,27.773107617534187,28.76346448926015,27.693140097420386,28.738861083984375,2520800,0.0,0.0
2010-07-27,29.00337338697006,29.00337338697006,28.086828877335943,28.56662940979004,2295600,0.0,0.0
2010-07-28,28.498968027939615,28.929557060082445,28.25906540734459,28.64044761657715,2404700,0.0,0.0
2010-07-29,28.88033753338195,29.218658371535152,27.428631184108756,27.81001091003418,4020200,0.0,0.0
2010-07-30,27.410170513506266,28.33901499718579,27.38556477110254,28.203685760498047,2621700,0.0,0.0
2010-08-02,28.745018268821315,29.261727448544885,28.48666485222664,29.114097595214844,3711900,0.0,0.0
2010-08-03,28.98491291862033,29.083333583929267,28.578927380904243,28.874189376831055,2514900,0.0,0.0
2010-08-04,28.89879756569474,29.0341268718517,28.634291565406464,28.800376892089844,2270800,0.0,0.0
2010-08-05,28.57277307163733,28.769614374393576,28.22214935444443,28.240602493286133,2940600,0.0,0.0
2010-08-06,27.810003268169435,28.326712125983924,27.637767764408853,28.203685760498047,1940900,0.0,0.0
2010-08-09,28.474354118130503,28.941851653419214,28.271360192633935,28.904945373535156,2614000,0.0,0.0
2010-08-10,28.652748879084363,29.230970080007978,28.529722442612456,28.96031379699707,2864800,0.0,0.0
2010-08-11,27.877674568318923,28.43129217243175,27.77310365783834,27.94533920288086,3202000,0.0,0.0
2010-08-12,27.348669455000998,27.730051608096602,27.207189887188328,27.477846145629883,2459100,0.0,0.0
2010-08-13,27.447090089839428,27.80386648809824,27.447090089839428,27.607025146484375,1660900,0.0,0.0
2010-08-16,27.422486682038112,27.889984281737572,27.30561052221283,27.607025146484375,1493100,0.0,0.0
2010-08-17,27.896131885151682,28.400538068222538,27.650081404879906,28.234455108642578,2771500,0.0,0.0
2010-08-18,28.23445318337799,28.369780117012947,27.994550637661128,28.265209197998047,1947400,0.0,0.0
2010-08-19,28.18524341606095,28.215999432572403,27.2563985768266,27.47169303894043,2887000,0.0,0.0
2010-08-20,27.225642977752734,27.686990311861877,27.151828061324757,27.58856964111328,1690700,0.0,0.0
2010-08-23,27.71159173758577,27.939189063165713,27.613171082210645,27.631624221801758,1503500,0.0,0.0
2010-08-24,27.207187092819982,27.717745884106517,26.98574001932383,27.440937042236328,2406600,0.0,0.0
2010-08-25,27.311750853185938,28.04375411650488,27.17026900264354,27.91457748413086,2432000,0.0,0.0
2010-08-26,28.025313537559576,28.29596979519621,27.637781120291532,27.668537139892578,2369100,0.0,0.0
2010-08-27,27.81000797438898,28.246749416566423,27.182575516111616,28.228296279907227,2299200,0.0,0.0
2010-08-30,28.1483308012832,28.339021831097803,27.78540422617368,27.80385971069336,1832700,0.0,0.0
2010-08-31,27.785412597667044,28.33288010372049,27.619329612683824,28.1914005279541,2266300,0.0,0.0
2010-09-01,28.59738264389578,29.612345306933694,28.474356226594107,29.427806854248047,4911200,0.0,0.0
2010-09-02,29.421660770708215,29.778434850400433,29.36629899238117,29.587743759155273,2722800,0.0,0.0
2010-09-03,29.901460087761368,30.153663213032893,29.56928943110112,30.05524253845215,2411800,0.0,0.0
2010-09-07,29.78457598348597,30.13520203640236,29.60619017160455,29.655399322509766,2536000,0.0,0.0
2010-09-08,29.729220372946855,30.012179479827214,29.501620687968884,29.686159133911133,2052200,0.0,0.0
2010-09-09,30.190569846734437,30.190569846734437,29.12639329347398,29.18175506591797,2760700,0.0,0.0
2010-09-10,29.17560904318624,29.532383136844025,29.05873521615827,29.298635482788086,2373300,0.0,0.0
2010-09-13,29.796890025761563,29.796890025761563,29.132550987079203,29.4647216796875,3360500,0.0,0.0
2010-09-14,29.378598153113423,29.673862521436053,29.11409449848658,29.513927459716797,2776300,0.0,0.0
2010-09-15,29.65539778987385,30.23362112222677,29.415497618592628,30.116744995117188,2773700,0.0,0.0
2010-09-16,30.16506747039071,30.375665568585436,29.960662391475545,30.19603729248047,1993400,0.338,0.0
2010-09-17,30.245584604497562,30.443794260043056,30.03498655012479,30.27035903930664,3088700,0.0,0.0
2010-09-20,30.456182370759535,31.465814496928786,30.33849611815159,31.26760482788086,3573800,0.0,0.0
2010-09-21,30.66678410472962,31.18708513887748,30.381857966774955,30.44379997253418,4086500,0.0,0.0
2010-09-22,30.29514033441557,30.65439686520351,30.220812293263037,30.37566375732422,2899800,0.0,0.0
2010-09-23,30.0287896234398,30.3942391000724,29.55804230646416,29.607593536376953,3172400,0.0,0.0
2010-09-24,30.06596174963301,30.542904557083947,30.022603527396193,30.511932373046875,2899200,0.0,0.0
2010-09-27,30.499543326705847,30.511929363683976,29.787225695334605,29.80580711364746,2905600,0.0,0.0
2010-09-28,29.861548047565346,29.861548047565346,29.21117253910596,29.768638610839844,3046000,0.0,0.0
2010-09-29,29.55184926368264,29.58901446119125,29.22356495564931,29.353639602661133,2003400,0.0,0.0
2010-09-30,29.57043579565826,29.892524752657366,29.26073287613578,29.46513557434082,3515900,0.0,0.0
2010-10-01,29.595208781015522,29.719090415313936,29.254536058829117,29.619985580444336,2905400,0.0,0.0
2010-10-04,29.558060600905083,29.966868542802864,29.54567219504796,29.87395668029785,2653600,0.0,0.0
2010-10-05,30.22081144462722,30.381855923076365,29.861554923927628,30.282751083374023,2612800,0.0,0.0
2010-10-06,30.2579815559396,30.363281802535422,29.805815468431273,30.090744018554688,1785100,0.0,0.0
2010-10-07,30.233196438990923,30.449987513027658,29.90490977464824,30.047372817993164,1362900,0.0,0.0
2010-10-08,30.127897119784187,30.257971768049654,29.855359423964316,30.1217041015625,1504800,0.0,0.0
2010-10-11,30.096935618900375,30.313726759243163,29.954472531982795,30.072158813476562,973000,0.0,0.0
2010-10-12,30.0164067420559,30.765887248932014,29.91730190117018,30.64820098876953,2485000,0.0,0.0
2010-10-13,30.821632898643575,31.193277812391546,30.592453404348706,30.939321517944336,1946900,0.0,0.0
2010-10-14,30.834018877008457,31.08178213338105,30.561481185275024,30.821630477905273,2005000,0.0,0.0
2010-10-15,31.162307993623976,31.273801231463796,30.864993480333027,30.939321517944336,2142400,0.0,0.0
2010-10-18,30.939328986449876,31.397688085683818,30.877386971116717,31.385299682617188,2231600,0.0,0.0
2010-10-19,31.075589308286528,31.55872746166529,30.914544832390757,31.11894989013672,2741800,0.0,0.0
2010-10-20,31.261407985832243,32.22148639588787,31.261407985832243,31.905588150024414,3179400,0.0,0.0
2010-10-21,32.01708137058265,32.33297961644611,31.7197669033758,31.905588150024414,1792800,0.0,0.0
2010-10-22,32.01708876961686,32.13477739787317,31.44104111789187,31.48440170288086,2598300,0.0,0.0
2010-10-25,31.70739173512724,31.769333751752313,31.23044883992268,31.2738094329834,4056500,0.0,0.0
2010-10-26,31.10656394141552,31.32335505352241,30.945517089982477,31.06320571899414,2507100,0.0,0.0
2010-10-27,30.821624277249988,31.056999087166997,30.561475036956235,30.840208053588867,2911900,0.0,0.0
2010-10-28,30.970294658954327,31.1251461322491,29.886334345890926,30.19603729248047,3036500,0.0,0.0
2010-10-29,30.028792288318275,30.276555548405838,29.917299057563426,30.1217041015625,1568000,0.0,0.0
2010-11-01,30.31372628399591,30.648206063434838,30.084546744534205,30.307533264160156,1542200,0.0,0.0
2010-11-02,30.474775105098473,30.7287314658557,30.11551849762193,30.28895378112793,1915600,0.0,0.0
2010-11-03,30.31992221933505,30.56768318566626,30.115517118336733,30.251787185668945,2052900,0.0,0.0
2010-11-04,30.63580724028042,31.341929403680766,30.34468815009937,31.2242431640625,3222100,0.0,0.0
2010-11-05,31.27380943485262,31.651645103479648,30.933134250510193,31.4906005859375,3049100,0.0,0.0
2010-11-08,31.354319387789793,31.45961959727537,30.74730201727359,31.075586318969727,1520600,0.0,0.0
2010-11-09,31.242838620416514,31.242838620416514,29.79962383070796,29.99163818359375,3671200,0.0,0.0
2010-11-10,30.233199392640422,31.019845079754134,30.165064373330818,30.945514678955078,2863700,0.0,0.0
2010-11-11,30.654400154697953,31.02604276318707,30.561488321152634,30.666786193847656,1668300,0.0,0.0
2010-11-12,30.437605575719115,30.728727105095484,30.344696108341928,30.542905807495117,2242100,0.0,0.0
2010-11-15,30.65438827057325,30.914537523091486,30.425206466769854,30.474760055541992,1701000,0.0,0.0
2010-11-16,30.06596308864945,30.245591367542428,29.118270450641063,29.335063934326172,3032700,0.0,0.0
2010-11-17,29.434159449194283,29.973041752120295,29.14303801110028,29.923490524291992,2669300,0.0,0.0
2010-11-18,30.33230445576237,30.555290934121437,30.078348158263598,30.48715591430664,4965800,0.0,0.0
2010-11-19,30.425208252122598,30.964092928838152,30.239387009013406,30.914539337158203,2380900,0.0,0.0
2010-11-22,30.753509514855974,31.013658906354973,30.722537323904398,30.970300674438477,1809600,0.0,0.0
2010-11-23,30.505734987537092,30.821630899025024,30.505734987537092,30.74110984802246,2296000,0.0,0.0
2010-11-24,30.988874399186024,31.218056268483394,30.85879973575509,31.162309646606445,2784500,0.0,0.0
2010-11-26,30.945520196320178,31.224253341898443,30.86499912536679,30.976490020751953,949400,0.0,0.0
2010-11-29,30.778283959632244,31.044628734460126,30.437611124782705,30.970300674438477,2589400,0.0,0.0
2010-11-30,30.518125338829027,31.224247602605008,30.518125338829027,30.957902908325195,3801700,0.0,0.0
2010-12-01,31.292390203886878,31.496792947370587,31.063210654269906,31.385299682617188,2570400,0.0,0.0
2010-12-02,31.472006883694363,32.03566601945202,31.41626027190095,31.99850082397461,3005600,0.0,0.0
2010-12-03,31.88081452640472,32.26484542761318,31.719767709131702,32.20909881591797,2440200,0.0,0.0
2010-12-06,32.0294640112633,32.271031824767874,31.738344976887376,32.116180419921875,1854300,0.0,0.0
2010-12-07,32.47544872772973,32.605523388438606,32.15955042275584,32.24626922607422,2330700,0.0,0.0
2010-12-08,32.27724785185988,32.32060608392536,31.521571756696225,31.763139724731445,2169200,0.0,0.0
2010-12-09,31.862239087422363,32.35776570457394,31.595894357699496,31.71358299255371,2531000,0.0,0.0
2010-12-10,31.756946624750547,32.153366095697926,31.657841757013706,31.936574935913086,1713400,0.0,0.0
2010-12-13,32.017086540944895,32.03567032260255,31.633055587475475,31.725967407226562,1933500,0.0,0.0
2010-12-14,31.73836392486294,31.99851330614925,31.087985745954512,31.2738094329834,1664700,0.0,0.0
2010-12-15,31.205666356060316,31.484399451942455,30.926933260178178,30.945514678955078,2039100,0.0,0.0
2010-12-16,31.181823735431394,31.269342504429094,30.725474165152225,30.944271087646484,1970200,0.458,0.0
2010-12-17,30.975524288886803,31.269339313142286,30.894255846808345,31.150564193725586,2966200,0.0,0.0
2010-12-20,31.33183996628204,31.806945030405593,31.33183996628204,31.688167572021484,1417900,0.0,0.0
2010-12-21,31.819457249761157,31.950735377276917,31.656920381183156,31.931982040405273,1420700,0.0,0.0
2010-12-22,32.019510450014565,32.36958556231518,31.93199167193941,32.182044982910156,1795300,0.0,0.0
2010-12-23,32.10702358990677,32.369579878025796,32.0632642085536,32.094520568847656,1277300,0.0,0.0
2010-12-27,32.0132443709647,32.60087429488645,31.963234683547633,32.58837127685547,1226500,0.0,0.0
2010-12-28,32.619635688644124,32.688401112450386,32.16953646715398,32.48835754394531,1124600,0.0,0.0
2010-12-29,32.56337314416152,32.744663372550896,32.300814471199764,32.663394927978516,1159900,0.0,0.0
2010-12-30,32.70715360739682,32.869690493053234,32.54461910644778,32.68840026855469,1029900,0.0,0.0
2010-12-31,32.68839186641958,32.807166956402426,32.419582950141816,32.47584533691406,1298100,0.0,0.0
2011-01-03,32.67589205044997,33.00096338535076,32.5071048735953,32.832176208496094,2901800,0.0,0.0
2011-01-04,32.8446793401795,32.87593569495475,31.781946584872195,32.006996154785156,3108100,0.0,0.0
2011-01-05,31.88822322996193,32.15703221195731,31.825710511468408,31.988245010375977,2101200,0.0,0.0
2011-01-06,32.063266410926694,32.063266410926694,31.475636304322315,31.600664138793945,1854000,0.0,0.0
2011-01-07,31.713185478154525,31.869469657951093,31.250585641392792,31.494388580322266,2196100,0.0,0.0
2011-01-10,31.25683235755965,31.68817578559943,31.038035484939556,31.41936683654785,2132500,0.0,0.0
2011-01-11,31.58814904908838,31.631908416729686,31.006771867903357,31.219318389892578,1263900,0.0,0.0
2011-01-12,31.34434791294732,31.513135076645348,31.125551062620332,31.29433822631836,2445800,0.0,0.0
2011-01-13,31.288083294965745,31.506882514404467,31.15055487800843,31.40060806274414,1810300,0.0,0.0
2011-01-14,31.575648977842462,31.888217281417134,31.41311450925467,31.82570457458496,1738500,0.0,0.0
2011-01-18,31.825705731511835,32.27580486812756,31.78819667522486,32.263301849365234,1713200,0.0,0.0
2011-01-19,32.18203025539478,32.263298677005494,31.681921477611038,31.8194522857666,1714700,0.0,0.0
2011-01-20,31.931980774265543,32.15702796192327,31.819455988083163,31.99449348449707,1729500,0.0,0.0
2011-01-21,32.2195540526743,32.23205707592901,31.894482602175266,32.182044982910156,1411700,0.0,0.0
2011-01-24,32.20704313721672,32.43209273123842,31.969490523004133,32.344573974609375,1278100,0.0,0.0
2011-01-25,32.20704428296982,32.93845310485264,32.08201646132025,32.8821907043457,2218300,0.0,0.0
2011-01-26,32.91970386537687,33.307288014515436,32.76341966503142,33.10099411010742,1694100,0.0,0.0
2011-01-27,33.219764191869615,33.657360363229515,33.007217616335225,33.638607025146484,2145800,0.0,0.0
2011-01-28,33.669855982746206,33.744871703296845,32.90093828915855,33.063472747802734,2122800,0.0,0.0
2011-01-31,33.25101542855265,33.96992348396022,33.22601177652904,33.87615203857422,2283100,0.0,0.0
2011-02-01,34.08245185383081,34.213729983430845,33.5823429900875,34.13246154785156,2258100,0.0,0.0
2011-02-02,33.888657528531596,34.3700130395196,33.888657528531596,34.25748825073242,1766800,0.0,0.0
2011-02-03,34.163728651382726,34.563815840303405,33.5010827542905,34.013694763183594,2404900,0.0,0.0
2011-02-04,34.019931708622074,34.02618440988907,33.12598858869361,33.1822509765625,2507700,0.0,0.0
2011-02-07,33.344799430660785,33.71988058403607,33.226024288523774,33.57609939575195,1154700,0.0,0.0
2011-02-08,33.5198304846934,33.71987404566563,33.438564427534736,33.45106506347656,1236200,0.0,0.0
2011-02-09,33.313536061458684,33.68236681810774,33.313536061458684,33.632354736328125,1275300,0.0,0.0
2011-02-10,33.43856236676167,33.94492155595694,33.407303624711474,33.85740280151367,1854800,0.0,0.0
2011-02-11,33.64485821192468,34.144967112949786,33.53233341110561,34.1012077331543,1538200,0.0,0.0
2011-02-14,34.126216888427734,34.18872961249495,33.78239213664289,34.126216888427734,1032400,0.0,0.0
2011-02-15,33.926164112035266,34.21997908185161,33.79488599626039,33.87615203857422,1506600,0.0,0.0
2011-02-16,34.07620236676178,34.169973830870475,33.30728446907562,33.507328033447266,1950800,0.0,0.0
2011-02-17,33.46355808997379,33.69486032584244,33.37603935627501,33.54482650756836,1114300,0.0,0.0
2011-02-18,33.49482867204662,33.94492551665902,33.438566268381635,33.77613830566406,1402200,0.0,0.0
2011-02-22,33.43231637485571,34.11371559441216,33.32604426161762,33.726131439208984,1621800,0.0,0.0
2011-02-23,33.75112577828228,34.00117898519857,33.08848012977573,33.33228302001953,2179200,0.0,0.0
2011-02-24,33.28228665330063,33.463574525843214,32.61964073957909,32.8509407043457,3093100,0.0,0.0
2011-02-25,33.10724791859133,33.38230966640569,33.038482481637736,33.357303619384766,4568900,0.0,0.0
2011-02-28,33.53858724273564,34.657580201225585,33.388553375024024,34.45128631591797,3259000,0.0,0.0
2011-03-01,34.42627617047647,34.42627617047647,33.438561473520735,33.48857116699219,2191400,0.0,0.0
2011-03-02,33.46356380448625,33.55108255313045,33.050973714658554,33.21976089477539,1853600,0.0,0.0
2011-03-03,33.55108225893729,33.91991297120879,33.55108225893729,33.88865661621094,1833800,0.0,0.0
2011-03-04,33.782382131058455,34.032435337974746,33.12598918393127,33.33228302001953,2558400,0.0,0.0
2011-03-07,33.42605132401235,33.519820373535026,32.7821590706981,32.894683837890625,1736100,0.0,0.0
2011-03-08,33.019727148998136,33.75738879870952,32.95096171618826,33.682373046875,2051900,0.0,0.0
2011-03-09,33.59485159337374,34.076204815243415,33.38855531139453,33.79489517211914,1508000,0.0,0.0
2011-03-10,33.55108968811527,33.613604796660645,33.269780046137534,33.401058197021484,1675900,0.0,0.0
2011-03-11,33.40105527171915,34.15121981561048,33.301033491514126,34.1012077331543,1723500,0.0,0.0
2011-03-14,33.90741644051144,34.076201254867875,33.74487955932088,33.86990737915039,1619600,0.0,0.0
2011-03-15,32.94470575048953,34.376269417248615,32.94470575048953,34.1012077331543,2715100,0.0,0.0
2011-03-16,33.97618629904862,34.332514107060796,33.45732396191299,33.7386360168457,2837800,0.0,0.0
2011-03-17,34.3978975111459,34.3978975111459,33.687040512031466,34.15884780883789,1971500,0.338,0.0
2011-03-18,34.643239785547244,34.67469312798744,34.215467609099164,34.40419006347656,3335500,0.0,0.0
2011-03-21,34.888571137072326,34.888571137072326,34.44821724567359,34.542579650878906,1726700,0.0,0.0
2011-03-22,34.53630529467486,34.649539271357995,34.139986376283886,34.309837341308594,1427200,0.0,0.0
2011-03-23,34.039322803720374,34.196591896400854,33.56122341811962,33.97641372680664,1857400,0.0,0.0
2011-03-24,34.139975735343306,34.20288241401051,33.680750261812015,34.08335876464844,1832800,0.0,0.0
2011-03-25,34.15255223565911,34.504833420945374,34.033026205163615,34.253204345703125,1162100,0.0,0.0
2011-03-28,34.36014008432548,34.50482731693466,34.12738257097463,34.366432189941406,1227500,0.0,0.0
2011-03-29,34.27837955153362,34.498555366707464,33.932385556637,34.41677474975586,1266200,0.0,0.0
2011-03-30,34.592914893751406,35.077301646416316,34.33499364634159,34.970359802246094,1545000,0.0,0.0
2011-03-31,34.850836085107645,35.49878405688465,34.850836085107645,35.486202239990234,1659600,0.0,0.0
2011-04-01,35.71895617117185,35.81331858828467,35.44216342723603,35.649757385253906,1731000,0.0,0.0
2011-04-04,35.67491551190352,35.77556762141673,35.272307073850676,35.42328643798828,1190200,0.0,0.0
2011-04-05,35.33522421458265,35.53653089300527,35.30377087098847,35.43587875366211,1129200,0.0,0.0
2011-04-06,35.561683266465096,35.561683266465096,35.32263599492817,35.416996002197266,1490700,0.0,0.0
2011-04-07,35.38554594427152,35.39183565211114,34.91373866501457,35.1087532043457,1721800,0.0,0.0
2011-04-08,35.34780180936241,35.34780180936241,34.82566964881061,34.9577751159668,1355600,0.0,0.0
2011-04-11,34.97664376694073,35.165368589931724,34.84453831063568,34.9451904296875,1359700,0.0,0.0
2011-04-12,34.825673263529424,35.171664837118385,34.794219920427935,35.0269775390625,1667100,0.0,0.0
2011-04-13,35.13391421951972,35.234566342486524,35.06471783476546,35.12762451171875,1643100,0.0,0.0
2011-04-14,34.982939338760595,35.530235140322695,34.9703575226661,35.366676330566406,2132700,0.0,0.0
2011-04-15,35.50507278158026,35.775575837973726,35.341513965957674,35.73154067993164,1833600,0.0,0.0
2011-04-18,35.247149910169206,35.467328089923896,35.12762625812136,35.221988677978516,1930800,0.0,0.0
2011-04-19,35.24085540217307,35.442159630696636,35.133911180918595,35.416996002197266,1765200,0.0,0.0
2011-04-20,35.83848664615924,36.19706003590052,35.50507449098473,36.10898971557617,1652200,0.0,0.0
2011-04-21,36.20334607339177,36.39206851205451,35.85735453588743,36.272544860839844,1708300,0.0,0.0
2011-04-25,36.27254922406744,36.75693839473513,36.102698288918795,36.68144989013672,1156600,0.0,0.0
2011-04-26,36.79467999779408,37.20357822135204,36.631118788582064,37.197288513183594,1703000,0.0,0.0
2011-04-27,37.24760702881652,37.38600458229256,36.90790525195838,37.27906036376953,1263800,0.0,0.0
2011-04-28,36.870174304112226,37.486668990410216,36.78839368662008,37.386016845703125,2187600,0.0,0.0
2011-04-29,37.49295907205335,37.631356672301706,36.807265579506456,37.581031799316406,2030000,0.0,0.0
2011-05-02,37.68796252125089,37.78232492986135,37.44262313854655,37.67538070678711,1743300,0.0,0.0
2011-05-03,37.675381439499645,37.776033557431624,37.052597209712964,37.44891357421875,2165800,0.0,0.0
2011-05-04,37.39858639622089,37.618762140627666,37.1092118750761,37.27906036376953,1302800,0.0,0.0
2011-05-05,37.0714687782633,37.61247481272509,36.989688182423876,37.266483306884766,1605200,0.0,0.0
2011-05-06,37.70055204697146,37.70055204697146,36.826136160639926,36.876461029052734,1889400,0.0,0.0
2011-05-09,36.93307799132836,37.20358105818247,36.700320375571174,37.1595458984375,1193300,0.0,0.0
2011-05-10,37.19099147997015,37.75716112959223,37.19099147997015,37.74457931518555,1362500,0.0,0.0
2011-05-11,37.63135649109164,37.7571722725537,37.22245580127403,37.31681823730469,1426400,0.0,0.0
2011-05-12,37.26020106488515,37.45521564513983,36.93937310354893,37.386016845703125,1128200,0.0,0.0
2011-05-13,37.448909740099005,37.47407336693963,37.04001160274884,37.21615219116211,1322500,0.0,0.0
2011-05-16,37.14695760565673,37.675381830213595,37.121793975978825,37.360843658447266,1177200,0.0,0.0
2011-05-17,37.235032688426394,37.46150058512009,37.12809084817443,37.39859390258789,1472600,0.0,0.0
2011-05-18,37.57473947047583,37.70684496099269,37.20987634432409,37.59990310668945,1444100,0.0,0.0
2011-05-19,37.637642210026726,37.964759826660156,37.543279790016605,37.964759826660156,1278700,0.0,0.0
2011-05-20,37.9332978492511,37.989914808418426,37.461490656101866,37.69424819946289,1968600,0.0,0.0
2011-05-23,37.17213843786217,37.57474710008464,37.115521444753576,37.15326690673828,1644000,0.0,0.0
2011-05-24,37.21616152764053,37.41746579339594,37.121799103183115,37.260196685791016,1166400,0.0,0.0
2011-05-25,37.22244345579572,37.75715974972732,37.121791343956396,37.5621452331543,1511200,0.0,0.0
2011-05-26,37.474082005064695,38.10945053070327,37.32310500869044,38.052833557128906,1822700,0.0,0.0
2011-05-27,38.254140044712,38.254140044712,37.83894968091963,38.122032165527344,1265300,0.0,0.0
2011-05-31,38.42399416437,38.914673071466574,38.19123412918217,38.89580154418945,3284300,0.0,0.0
2011-06-01,38.76368360952281,38.80142905403281,37.54327636719578,37.59360122680664,2617600,0.0,0.0
2011-06-02,37.68167796725664,37.88927193496032,37.22874218355978,37.291648864746094,1937300,0.0,0.0
2011-06-03,36.84501170170205,38.17865325642093,36.84501170170205,37.87040710449219,2379700,0.0,0.0
2011-06-06,37.78861218369988,38.09056851201804,37.549562523880496,37.62505340576172,1771600,0.0,0.0
2011-06-07,37.845228845164996,38.56866752584259,37.71941310942947,38.228965759277344,2070300,0.0,0.0
2011-06-08,38.103166509104256,38.669336365003105,38.04025981388732,38.361087799072266,1850400,0.0,0.0
2011-06-09,38.38623442947047,38.46172291023184,37.79490359732459,38.08427810668945,2193000,0.0,0.0
2011-06-10,37.91444159426608,38.01509374000564,37.12809595575816,37.24761962890625,2807700,0.0,0.0
2011-06-13,37.31051824356122,37.66279945486584,37.1092140086055,37.28535461425781,2086000,0.0,0.0
2011-06-14,37.675387213492456,37.74458600512631,37.32310594660908,37.474082946777344,1964600,0.0,0.0
2011-06-15,37.2413324781797,37.455218602537386,36.77581477231769,37.16584396362305,2581900,0.0,0.0
2011-06-16,37.34171923666774,37.48723903104486,36.51288658499589,37.25946807861328,3018800,0.338,0.0
2011-06-17,37.56950045199859,37.71502028612751,37.15824696292751,37.37969207763672,2619800,0.0,0.0
2011-06-20,37.22150749125671,37.974414875584756,37.22150749125671,37.73398971557617,1651000,0.0,0.0
2011-06-21,37.87951106778926,37.94910801804169,37.696031051311934,37.90481948852539,1747100,0.0,0.0
2011-06-22,37.84155215113966,38.26545735209547,37.67704982424343,37.70235824584961,1652700,0.0,0.0
2011-06-23,37.17722367069526,37.27212905595464,36.645758823039984,36.9874153137207,3071700,0.0,0.0
2011-06-24,36.9937417019698,37.24049279455353,36.740662296807784,36.92414474487305,2123000,0.0,0.0
2011-06-27,36.911483455663756,37.29110007707307,36.911483455663756,37.14558029174805,1229800,0.0,0.0
2011-06-28,37.25947297388841,37.62010955810547,37.00006766921396,37.62010955810547,1612000,0.0,0.0
2011-06-29,37.77827904823159,38.13891558915687,37.49989366629355,37.961761474609375,1886500,0.0,0.0
2011-06-30,38.10728127063679,38.20851253802733,37.93645305437579,37.961761474609375,1651700,0.0,0.0
2011-07-01,38.044030105483195,38.92980349855976,37.980759025841714,38.81591796875,2265900,0.0,0.0
2011-07-05,38.95509053783964,39.21449578805246,38.54383719342107,38.986724853515625,2184600,0.0,0.0
2011-07-06,38.91081559306886,39.347375094261444,38.70835300583075,39.34104919433594,1763300,0.0,0.0
2011-07-07,39.619424362734236,39.80290678901721,39.473904566782025,39.74596405029297,1935400,0.0,0.0
2011-07-08,39.25879185690816,39.783930769508935,39.113272045999814,39.752296447753906,1990000,0.0,0.0
2011-07-11,39.233477687415345,39.48023115346736,38.87916947398542,39.246131896972656,2409100,0.0,0.0
2011-07-12,39.04368517918419,40.100289176353265,39.04368517918419,39.429630279541016,2135000,0.0,0.0
2011-07-13,39.62576269411947,39.63208859400224,38.853872577024624,38.92346954345703,2307500,0.0,0.0
2011-07-14,38.98673697763411,39.068988154805055,38.36669502609815,38.600791931152344,2072900,0.0,0.0
2011-07-15,38.771613254187336,39.1322498103714,38.600785030698475,39.0689811706543,2248300,0.0,0.0
2011-07-18,38.961429227329035,39.05633219963647,38.62609863391892,38.91081237792969,1830400,0.0,0.0
2011-07-19,39.1638844966219,39.37900123937705,38.796919647521555,39.32838439941406,2344900,0.0,0.0
2011-07-20,39.3473625863972,39.71432741757959,39.157554272891396,39.632076263427734,2150800,0.0,0.0
2011-07-21,40.11926490074675,40.188861867101544,39.72699394275399,39.90414810180664,2428900,0.0,0.0
2011-07-22,39.99903387238037,40.403958845024434,39.80289728283075,40.29007339477539,1648600,0.0,0.0
2011-07-25,39.89781188964844,40.32804537632733,39.739637884650136,39.89781188964844,1869400,0.0,0.0
2011-07-26,39.92312413725512,40.30906915595198,39.70168146105732,40.18252944946289,1975700,0.0,0.0
2011-07-27,39.935778674651814,40.12558702915992,39.51819932931631,39.53718185424805,3180200,0.0,0.0
2011-07-28,39.43594419651795,39.46757851489857,38.65140006754214,39.04999923706055,3320400,0.0,0.0
2011-07-29,38.702008856838155,39.258781950702875,38.537508977094014,39.11326217651367,2611000,0.0,0.0
2011-08-01,39.511867207087654,39.56248163399765,38.60711169909844,38.85386276245117,2429800,0.0,0.0
2011-08-02,38.58179438786443,38.77793097910834,37.96807861328125,37.96807861328125,3766900,0.0,0.0
2011-08-03,37.923797282097766,38.01237674926654,37.08231285911589,37.790931701660156,4879000,0.0,0.0
2011-08-04,37.303756165244216,37.64541258984796,36.14592372214542,36.19021224975586,5079300,0.0,0.0
2011-08-05,36.67106271587071,36.70902534799199,34.89318834854277,35.21586227416992,6278700,0.0,0.0
2011-08-08,34.40601240949251,34.72236043940884,32.8559065801937,32.868560791015625,4841600,0.0,0.0
2011-08-09,33.3747146220802,36.253480993029555,32.90019261323546,36.234500885009766,6122200,0.0,0.0
2011-08-10,35.456280340070734,37.126597201736864,34.98175839466361,35.43729782104492,6145700,0.0,0.0
2011-08-11,35.506901617477276,37.89849432548254,35.29811317621256,37.19620132446289,4551300,0.0,0.0
2011-08-12,37.487242211573516,38.208515346439285,37.02537436930936,37.36070251464844,3341200,0.0,0.0
2011-08-15,37.63908524337963,38.594455119627604,37.48723714488419,38.45526123046875,4113000,0.0,0.0
2011-08-16,38.15789672614461,38.79059272775742,37.9744143064264,38.64507293701172,4345900,0.0,0.0
2011-08-17,38.82224233333573,39.012050725857414,38.050352135063605,38.31608581542969,2274200,0.0,0.0
2011-08-18,37.449289446287935,37.449289446287935,35.99408858206533,36.40534210205078,5385100,0.0,0.0
2011-08-19,35.797947691289934,36.84822315580206,35.639773661010736,35.741004943847656,3297500,0.0,0.0
2011-08-22,36.47492943815829,36.48758123565251,35.31076857162793,35.77263641357422,2796700,0.0,0.0
2011-08-23,35.785284779910704,36.652077579332754,35.52587952985548,36.63942337036133,2293200,0.0,0.0
2011-08-24,36.53820267849526,37.35438129160319,36.34839431612102,37.348052978515625,2063300,0.0,0.0
2011-08-25,37.582148366688855,37.96176505178914,36.221850820248804,36.65208435058594,2709800,0.0,0.0
2011-08-26,36.3167465298644,37.20251936379806,35.50689411648605,37.10761642456055,2204500,0.0,0.0
2011-08-29,37.62643271527486,38.10728062383242,37.41131597402821,38.062992095947266,1640100,0.0,0.0
2011-08-30,38.252803213071765,38.4869024930523,37.392336185198516,38.271785736083984,2228000,0.0,0.0
2011-08-31,38.518535178600295,38.87284341253889,38.157898632744896,38.708343505859375,2538100,0.0,0.0
2011-09-01,38.61344047351217,38.910808399468195,38.14524673216011,38.29709243774414,2221100,0.0,0.0
2011-09-02,37.65174246746172,38.354035498859105,37.41131969603545,37.778282165527344,2186100,0.0,0.0
2011-09-06,36.97475745339683,37.904821448416406,36.60779498792433,37.60112762451172,2106500,0.0,0.0
2011-09-07,38.22116758360778,38.86651783240789,37.48091437717297,38.841209411621094,1849000,0.0,0.0
2011-09-08,38.683035820983356,39.27777164819513,38.40465042994508,39.01836395263672,2101600,0.0,0.0
2011-09-09,38.543839457697935,38.86651577176209,37.64541228929475,37.841548919677734,2522900,0.0,0.0
2011-09-12,37.20886275594175,38.012387184260724,37.101303151624734,37.999732971191406,2174000,0.0,0.0
2011-09-13,38.11360839485194,38.208511347455016,37.594795450404796,37.841548919677734,2504300,0.0,0.0
2011-09-14,37.961762965006656,38.012379807461066,36.84821897999244,37.19620132446289,3195800,0.0,0.0
2011-09-15,37.62009857165589,37.702349716496435,36.79759436388057,37.10761642456055,3109800,0.0,0.0
2011-09-16,36.998166778890806,37.418166515473935,36.50816668162154,36.781803131103516,4319800,0.338,0.0
2011-09-19,36.15180863550279,36.48908048875077,35.82726191508377,36.09453582763672,2508900,0.0,0.0
2011-09-20,36.25362400955818,36.32362437260993,35.41362450800475,35.42634963989258,2939500,0.0,0.0
2011-09-21,35.43271602820645,35.62998956570594,33.14817121407791,33.300899505615234,4771700,0.0,0.0
2011-09-22,32.32089491839592,33.014531062475186,32.059986043698224,32.66453170776367,4637000,0.0,0.0
2011-09-23,32.594535867322115,33.90544298778193,32.49908038120556,33.80998992919922,4408500,0.0,0.0
2011-09-26,34.20453532031335,34.24908056745802,33.17998978091808,33.943626403808594,2845200,0.0,0.0
2011-09-27,34.60543651495668,34.64998175121497,33.7972548424323,33.99452590942383,2745300,0.0,0.0
2011-09-28,33.99453620723877,34.414538437817846,33.44726564920691,33.5490837097168,3581900,0.0,0.0
2011-09-29,34.28726434163238,34.33817215676374,33.52999026095628,34.102718353271484,2750300,0.0,0.0
2011-09-30,33.6445345240194,34.051806738798895,33.001808515233115,33.00817108154297,2715700,0.0,0.0
2011-10-03,32.79180552997613,33.27544307789023,31.57635152178031,31.601806640625,3107000,0.0,0.0
2011-10-04,31.42999370765302,33.31999412943852,30.838175442801685,33.23090362548828,3300000,0.0,0.0
2011-10-05,33.19272052797773,33.230903212425,31.048176182639036,32.899993896484375,3088900,0.0,0.0
2011-10-06,32.607265487199435,34.0645359982397,32.53726511662968,34.0263557434082,3081400,0.0,0.0
2011-10-07,34.06452753871253,34.223618367759435,33.039982211245125,33.084529876708984,2918200,0.0,0.0
2011-10-10,33.68272881117245,34.790000223215834,33.6000008554339,34.758182525634766,2334100,0.0,0.0
2011-10-11,34.8090817144781,34.95544501883515,33.529989801672755,33.66999053955078,1762900,0.0,0.0
2011-10-12,33.89908263990462,34.73271966693619,33.6890815277193,34.331809997558594,2339800,0.0,0.0
2011-10-13,33.93089061622659,34.40816308636579,33.40271034492321,34.11543655395508,1860000,0.0,0.0
2011-10-14,34.63090417305655,35.24817761025205,34.38272277017343,35.20363235473633,2092100,0.0,0.0
2011-10-17,34.01362329895581,34.777259843885155,33.790894658437345,33.94998550415039,3697800,0.0,0.0
2011-10-18,34.04543639548707,35.27361775311572,33.82271021251124,35.127254486083984,2239100,0.0,0.0
2011-10-19,35.12088751629627,35.534524607143496,34.599069836246876,34.71361541748047,2002100,0.0,0.0
2011-10-20,34.669082313103,34.929991244412186,34.03908382343317,34.745445251464844,2041700,0.0,0.0
2011-10-21,35.184537582984596,36.17726306355683,35.152719894318516,36.081809997558594,2279800,0.0,0.0
2011-10-24,36.08180765740444,36.762716346339836,35.929079363165094,36.36817169189453,3145200,0.0,0.0
2011-10-25,36.04362343319451,36.20907928049507,35.49635050794984,35.878170013427734,2892600,0.0,0.0
2011-10-26,36.32999349883249,36.43181156505705,35.54090166494154,36.279083251953125,2361800,0.0,0.0
2011-10-27,37.736353204627555,38.38544423394069,36.762717874424844,38.15635299682617,2855300,0.0,0.0
2011-10-28,38.15635562116092,38.15635562116092,37.042719474453186,37.386356353759766,2788000,0.0,0.0
2011-10-31,36.85181568903634,37.69818043559572,36.559089017947095,37.34181594848633,2533400,0.0,0.0
2011-11-01,35.9799852096225,36.59089345690361,35.62998584467187,35.712711334228516,3608900,0.0,0.0
2011-11-02,36.34908239986239,37.08090139506209,36.23453677578706,37.029991149902344,2788600,0.0,0.0
2011-11-03,37.23361532840468,37.61543476198692,36.285435378118784,37.50725173950195,2615800,0.0,0.0
2011-11-04,37.195436657343556,37.30361725687024,36.67998149259854,37.20816421508789,2308500,0.0,0.0
2011-11-07,37.33544370473186,37.81271630831906,36.8836262226108,37.46908187866211,1467300,0.0,0.0
2011-11-08,37.65362171687495,37.83180512198333,36.67998647865112,37.774532318115234,1465500,0.0,0.0
2011-11-09,37.2209005136872,37.30999101128586,36.03726406837007,36.13271713256836,2173800,0.0,0.0
2011-11-10,36.489081634672694,36.75635312808526,36.14544477668455,36.4572639465332,2362000,0.0,0.0
2011-11-11,36.95362491145594,37.621806040568444,36.67998843698057,37.56453323364258,1881100,0.0,0.0
2011-11-14,37.25907144075765,37.49452518654306,36.60998057106271,36.756343841552734,1904200,0.0,0.0
2011-11-15,36.58453939624522,37.539084664851856,36.49544646537991,37.386356353759766,1697900,0.0,0.0
2011-11-16,36.998171820155406,36.998171820155406,36.005446358893174,36.049991607666016,2914700,0.0,0.0
2011-11-17,35.884545066139914,35.98000058260831,34.37636392766779,34.59272766113281,3311800,0.0,0.0
2011-11-18,34.82180959185782,34.961807903475915,34.306354311143906,34.80908203125,2837600,0.0,0.0
2011-11-21,34.28726199043553,34.54817089736903,34.02635308350204,34.36998748779297,2765500,0.0,0.0
2011-11-22,34.24908030923523,34.605444711239684,34.159989815617585,34.24271774291992,1352300,0.0,0.0
2011-11-23,33.94362449487672,33.94362449487672,33.28180596375556,33.447261810302734,1888900,0.0,0.0
2011-11-25,33.300905083917215,34.24908539541079,33.15453933405625,33.49181365966797,867700,0.0,0.0
2011-11-28,34.61179860816188,34.68816152248801,33.47270774785844,33.78452682495117,2360800,0.0,0.0
2011-11-29,33.87998361713715,34.00089177185613,33.33907334832056,33.66361999511719,2327000,0.0,0.0
2011-11-30,34.707260629746116,35.26725867732853,34.29998843967391,35.12089538574219,4215900,0.0,0.0
2011-12-01,34.942712752325235,34.94907531794736,34.172713652766014,34.44635009765625,2779100,0.0,0.0
2011-12-02,34.77725902568519,35.2545315515956,34.47180247287296,34.52271270751953,1550300,0.0,0.0
2011-12-05,35.076361177180736,35.10817887187784,33.87363435387503,34.1790885925293,2625700,0.0,0.0
2011-12-06,34.19816374871003,34.319071898045415,33.860889559455295,34.0836181640625,1742100,0.0,0.0
2011-12-07,33.956353481721074,34.74544278638965,33.73362482162766,34.624534606933594,2566000,0.0,0.0
2011-12-08,34.522717433821704,34.541807560660885,33.94998935330694,34.070899963378906,3003700,0.0,0.0
2011-12-09,34.05816743871136,34.81543896587204,34.03271232161346,34.618167877197266,2183000,0.0,0.0
2011-12-12,34.23635168331815,34.287261922391366,33.68907875095011,34.166351318359375,2312400,0.0,0.0
2011-12-13,34.331816925623684,34.872725018077894,33.98181742888657,34.1790885925293,2527600,0.0,0.0
2011-12-14,34.07725764861,35.17180341124112,33.94362192480976,34.82180404663086,3041300,0.0,0.0
2011-12-15,35.21920580855401,35.7143455633103,35.07773660633898,35.59859848022461,2263900,0.568,0.0
2011-12-16,35.88152580089619,36.60172779230963,35.785071556856266,35.91367721557617,3022500,0.0,0.0
2011-12-19,36.09374149714432,36.18376646923717,35.598601697637136,35.65004348754883,2057400,0.0,0.0
2011-12-20,36.23520258057549,36.8267990163257,36.06801372331772,36.71105194091797,1984600,0.0,0.0
2011-12-21,36.807510999622636,36.826801362420795,36.132318865731555,36.357383728027344,1817300,0.0,0.0
2011-12-22,36.50527461484458,37.28978191153463,36.4152496699121,37.00684356689453,2369000,0.0,0.0
2011-12-23,37.206190694824826,37.219051753201754,36.74320240523959,36.955406188964844,1126600,0.0,0.0
2011-12-27,36.82036099598831,37.251197804037446,36.595298639317974,37.07114791870117,928500,0.0,0.0
2011-12-28,36.91039564463132,37.00042060498957,36.38953379156348,36.466697692871094,1380900,0.0,0.0
2011-12-29,36.51170580292922,36.826795579465895,36.42168085334614,36.73677062988281,1282200,0.0,0.0
2011-12-30,36.80751381638085,37.109740152997674,36.65318354319631,36.6724739074707,1272900,0.0,0.0
2012-01-03,37.148317743904094,37.53413968930643,36.27378538446296,36.39596176147461,2780000,0.0,0.0
2012-01-04,36.215917049221474,36.28665165507095,35.95870074667729,36.10660171508789,2405500,0.0,0.0
2012-01-05,36.04229940229128,36.40883106936908,35.90726193610402,36.23521041870117,1884600,0.0,0.0
2012-01-06,36.28022012980758,36.37024755336989,35.778651034942776,35.8108024597168,2283400,0.0,0.0
2012-01-09,35.7529178309466,35.89438699969429,35.29636136289178,35.367095947265625,1767900,0.0,0.0
2012-01-10,35.79793877124895,35.81079983081371,35.43140715914032,35.489280700683594,2377400,0.0,0.0
2012-01-11,35.43783702184748,35.55358409874924,35.264216406494846,35.399253845214844,2570900,0.0,0.0
2012-01-12,35.32850825251139,35.39924282782493,34.73048269230928,34.769065856933594,2217500,0.0,0.0
2012-01-13,34.44112195463386,35.4506915881616,34.44112195463386,35.367095947265625,3742300,0.0,0.0
2012-01-17,35.881537102767446,36.04229667979865,35.61146219079331,35.74007034301758,3225300,0.0,0.0
2012-01-18,35.797941948557664,36.11946110722477,35.714348733461705,35.93941116333008,2929500,0.0,0.0
2012-01-19,35.99728187085471,36.06158716931419,35.669333434198464,35.69505310058594,3114900,0.0,0.0
2012-01-20,35.669332667106616,35.971558977879496,35.392826022168094,35.86224365234375,2559400,0.0,0.0
2012-01-23,35.70147990234971,36.383101253448245,35.61788425245178,36.30593490600586,2154400,0.0,0.0
2012-01-24,36.06801335318224,36.44097424000501,35.96512733754187,36.39596176147461,2627400,0.0,0.0
2012-01-25,36.30594270032418,37.41839869165438,36.20305666797562,37.379817962646484,2195900,0.0,0.0
2012-01-26,37.74634698924156,38.38295350370085,37.62416814786322,38.10001754760742,3578700,0.0,0.0
2012-01-27,38.02284132033054,38.40223387530408,37.81706933658173,38.3443603515625,2139000,0.0,0.0
2012-01-30,37.919962675296276,38.14502505956536,37.72704925678447,38.132164001464844,2159000,0.0,0.0
2012-01-31,38.370090690466306,38.485837770168764,38.048571569736424,38.29292678833008,3124400,0.0,0.0
2012-02-01,38.58228512313203,38.890943109757615,38.22861466676911,38.59514617919922,2062300,0.0,0.0
2012-02-02,37.53413195740391,38.44081555002217,36.99397987331246,38.389373779296875,2702900,0.0,0.0
2012-02-03,38.627302555103604,38.94882163910013,38.51155548862518,38.74304962158203,2379400,0.0,0.0
2012-02-06,38.53084909796104,38.736623585827765,38.31221845728267,38.43439483642578,1569600,0.0,0.0
2012-02-07,38.202895168219555,38.498692119014386,38.15145339342714,38.33793258666992,2110200,0.0,0.0
2012-02-08,38.25433577431665,38.42795389417525,37.919955684337765,38.260765075683594,3077400,0.0,0.0
2012-02-09,38.247921912348474,38.260782974094326,37.63703497090225,37.72063064575195,1150600,0.0,0.0
2012-02-10,37.41196780328123,37.81708261168151,37.3219428354137,37.67561340332031,1412100,0.0,0.0
2012-02-13,37.95211658622513,38.04214154584437,37.71419312823196,37.88138198852539,897900,0.0,0.0
2012-02-14,37.778492542851296,37.78492184524249,37.00041694473032,37.1483154296875,1736500,0.0,0.0
2012-02-15,37.27050061437764,37.302652039930074,36.846095419294535,37.116172790527344,2171900,0.0,0.0
2012-02-16,37.06473111888494,37.43769454956055,37.05187005717233,37.43769454956055,1600900,0.0,0.0
2012-02-17,37.765633772433205,37.765633772433205,37.186900855330585,37.62416458129883,1602900,0.0,0.0
2012-02-21,37.624168898524,37.70776456224077,36.871815284062144,37.000423431396484,1653100,0.0,0.0
2012-02-22,36.96183799961077,37.19333216011086,36.595306396484375,36.595306396484375,1595500,0.0,0.0
2012-02-23,36.653179503895956,37.05829427998848,36.64675020084518,37.03900146484375,1558700,0.0,0.0
2012-02-24,37.14832283942356,37.411968443977685,36.91039935555677,37.33480453491211,1397700,0.0,0.0
2012-02-27,37.01971243231877,37.30908013992083,36.69176399903397,37.109737396240234,1262200,0.0,0.0
2012-02-28,37.21262618412187,37.347666093032025,36.57601963310228,36.6724739074707,1368400,0.0,0.0
2012-02-29,36.807515758091355,37.03257819648689,36.47313552604899,36.58245086669922,1688600,0.0,0.0
2012-03-01,36.55030030303443,36.97470552045368,36.51814887578989,36.916831970214844,1356200,0.0,0.0
2012-03-02,36.91682755768119,37.21262457777008,36.85895401435976,37.07758712768555,953000,0.0,0.0
2012-03-05,37.09044528350113,37.714193151238064,36.91682466713118,37.701332092285156,1266400,0.0,0.0
2012-03-06,37.45054910235212,37.77206823029712,37.366953442247464,37.47626876831055,1872400,0.0,0.0
2012-03-07,37.57272415555281,37.61773663562926,37.1354579608135,37.51485061645508,1895300,0.0,0.0
2012-03-08,37.79136516116888,37.842806955022624,37.193339283014346,37.43769454956055,1721400,0.0,0.0
2012-03-09,37.553430931658795,38.20289841826461,37.43125210676554,38.13859558105469,2357900,0.0,0.0
2012-03-12,38.20289745860888,38.53084584493503,38.11287250757802,38.27363204956055,1813500,0.0,0.0
2012-03-13,38.35723125945812,39.141736229131986,38.35723125945812,39.10958480834961,2376800,0.0,0.0
2012-03-14,39.14173335945491,39.180316533362735,38.59515188723866,38.86522674560547,1733700,0.0,0.0
2012-03-15,38.85236937156114,38.85236937156114,38.132167227965134,38.29292678833008,2645000,0.0,0.0
2012-03-16,38.26077478618104,38.678750617984846,38.19004018821459,38.56300354003906,2721100,0.0,0.0
2012-03-19,38.58871825559062,39.48897264570202,38.402239056592634,39.2446174621582,2394800,0.0,0.0
2012-03-20,38.90380841572782,39.238188551015895,38.871656998545404,39.09029006958008,1446800,0.0,0.0
2012-03-21,39.24418764574735,39.24418764574735,38.92733860065075,39.030799865722656,1553000,0.338,0.0
2012-03-22,38.86267626530759,38.86267626530759,38.183711515478606,38.47469711303711,1713400,0.0,0.0
2012-03-23,38.539376568892614,39.16014694113353,38.50058011649232,38.89502716064453,1671600,0.0,0.0
2012-03-26,39.28945341544839,39.412315368652344,39.114864527641835,39.412315368652344,1694900,0.0,0.0
2012-03-27,39.502835715643954,39.61922992854892,39.289445503081275,39.315311431884766,1709700,0.0,0.0
2012-03-28,39.23772687374856,39.40585052366031,38.96613948024628,39.30885696411133,2109700,0.0,0.0
2012-03-29,39.08900638584278,39.72270709520794,38.856217866747066,39.65157699584961,1994600,0.0,0.0
2012-03-30,39.961952012762225,40.60212029845565,39.85202549571502,40.492191314697266,3133900,0.0,0.0
2012-04-02,40.39520319449085,40.56979456860394,40.23354478883556,40.45986557006836,1957300,0.0,0.0
2012-04-03,40.48573268616788,40.60859219002815,40.14301764554447,40.3046760559082,1501600,0.0,0.0
2012-04-04,40.12361069040328,40.19474077452448,39.774427986559836,39.90375518798828,1558600,0.0,0.0
2012-04-05,39.91022099164643,39.942552173775944,39.65803431764074,39.69683074951172,1458000,0.0,0.0
2012-04-09,39.25712710328379,39.44465144808052,38.88208088040189,39.185997009277344,1581800,0.0,0.0
2012-04-10,39.29592849269346,39.34765790369657,38.14492134736777,38.33244323730469,2402500,0.0,0.0
2012-04-11,38.66869239699807,38.80448487366572,38.46823754097772,38.68162536621094,1778200,0.0,0.0
2012-04-12,38.810956664933045,39.140738780981884,38.68809714458386,39.134273529052734,1942400,0.0,0.0
2012-04-13,39.082525187650376,39.690362214907985,38.927334539588216,39.3476448059082,1553800,0.0,0.0
2012-04-16,39.59337815894559,40.35640606454386,39.56104696973447,40.09775161743164,1821200,0.0,0.0
2012-04-17,40.29820673977267,40.29820673977267,39.8132315279172,40.0654182434082,1489600,0.0,0.0
2012-04-18,39.819688693585825,40.04600941246088,39.70975972533877,39.8132209777832,1121800,0.0,0.0
2012-04-19,39.81321983698984,40.007209371425795,39.65802919612538,39.82615280151367,2369900,0.0,0.0
2012-04-20,39.92316459392631,40.31114381626565,39.87143271536814,40.162418365478516,1998400,0.0,0.0
2012-04-23,39.92315395784045,40.11714351732859,39.65803431764074,39.69683074951172,2428000,0.0,0.0
2012-04-24,39.81971152847285,40.41461345450123,39.76151438642988,40.38228225708008,1900300,0.0,0.0
2012-04-25,40.57625541361171,40.58918838066522,40.27233685463228,40.53745651245117,1924300,0.0,0.0
2012-04-26,40.298203015324944,40.31113598245118,39.2377243780866,39.864959716796875,2940500,0.0,0.0
2012-04-27,39.69036151135257,39.93608044421383,39.53516839933051,39.8132209777832,2064800,0.0,0.0
2012-04-30,39.75503387453109,39.83262921671565,39.39291816648406,39.72916793823242,1848600,0.0,0.0
2012-05-01,39.77443126722887,40.666786317305935,39.67743770819072,40.466331481933594,1501800,0.0,0.0
2012-05-02,40.233542993503804,40.56332504097174,40.013687472954715,40.466331481933594,1125900,0.0,0.0
2012-05-03,40.47925826249107,40.666782579458,40.369331745676014,40.40813064575195,1923700,0.0,0.0
2012-05-04,40.32406872284633,40.62151956494338,40.181808551968935,40.53745651245117,2486000,0.0,0.0
2012-05-07,40.45338915650637,41.281079175721366,40.298196044548135,41.17115020751953,1912600,0.0,0.0
2012-05-08,40.8284495870767,41.04830513385722,40.71852304704228,41.00950622558594,1915900,0.0,0.0
2012-05-09,40.602124001846086,41.158229287943044,40.602124001846086,40.82197952270508,1871500,0.0,0.0
2012-05-10,41.10003447113789,41.17116209850459,40.58272559300941,40.79611587524414,1510300,0.0,0.0
2012-05-11,40.56332328785453,41.06769667984616,40.4727949833136,40.970703125,1615300,0.0,0.0
2012-05-14,40.57625694215008,41.00950025456275,40.45986270099506,40.563323974609375,2159800,0.0,0.0
2012-05-15,40.563324858838975,40.699117320909494,40.15594500591601,40.31113815307617,1700100,0.0,0.0
2012-05-16,40.382263936844076,40.49219045154804,39.74856338137412,39.91668701171875,1672600,0.0,0.0
2012-05-17,39.83909283887146,39.94901935677369,39.07606506347656,39.07606506347656,2479300,0.0,0.0
2012-05-18,39.25712626516533,39.61277426089315,38.88854530110231,39.02433776855469,2330800,0.0,0.0
2012-05-21,39.09546214288319,39.981351843936785,39.07606392657335,39.91668701171875,1931700,0.0,0.0
2012-05-22,40.007221119317094,40.31113970809419,39.8584956836868,40.0654182434082,1482000,0.0,0.0
2012-05-23,39.88435602628284,40.13007745650475,39.509307397696176,40.07188034057617,1600000,0.0,0.0
2012-05-24,40.10421409847434,40.47279503411724,39.6968342608175,40.14301300048828,983300,0.0,0.0
2012-05-25,40.33701532490783,40.472807824804406,39.82617405381645,39.85850524902344,2872300,0.0,0.0
2012-05-29,40.06541715425655,40.550392352928284,40.06541715425655,40.433998107910156,1994100,0.0,0.0
2012-05-30,39.923154136399035,40.020147683221374,39.15365867803524,39.16659164428711,2980100,0.0,0.0
2012-05-31,39.257121178248646,39.79382819441158,38.914406195264846,39.509307861328125,4318000,0.0,0.0
2012-06-01,38.746282592851536,39.101933032129814,38.500563610619146,38.53936004638672,2867500,0.0,0.0
2012-06-04,38.65575035620832,38.66221807265277,37.94445448340611,38.18370819091797,2185200,0.0,0.0
2012-06-05,37.98325702237827,39.30238763170102,37.93799040306189,39.06959915161133,2127900,0.0,0.0
2012-06-06,39.47697601948064,39.96841887749318,39.088996893016954,39.91668701171875,2393200,0.0,0.0
2012-06-07,40.13654250488624,40.41459511662552,39.38644771819012,39.50284194946289,1823200,0.0,0.0
2012-06-08,39.321784520241216,40.03308039255116,39.321784520241216,40.026615142822266,1333800,0.0,0.0
2012-06-11,40.31113865004253,40.33700458600667,39.1859951027166,39.25065994262695,1944600,0.0,0.0
2012-06-12,39.39292497715535,39.464055080918705,38.88208621385031,39.42525863647461,1763100,0.0,0.0
2012-06-13,39.03726871114726,39.65803882546614,39.03726871114726,39.28945541381836,1951500,0.0,0.0
2012-06-14,39.32178207446074,40.15593737342454,39.257117247638526,40.03954315185547,1593000,0.0,0.0
2012-06-15,40.227073301132684,40.26587220286983,39.72916516237343,40.046016693115234,1921200,0.0,0.0
2012-06-18,39.87142533536501,40.421062876395844,39.76149881384335,40.046016693115234,1591200,0.0,0.0
2012-06-19,40.18826660883226,40.285260138352484,39.77441916272975,39.974876403808594,1883200,0.0,0.0
2012-06-20,40.09061939871656,40.16214052447304,39.31039276906642,39.583473205566406,2108100,0.338,0.0
2012-06-21,39.86954580193852,39.91505878388251,38.59517734696385,38.66669845581055,2432900,0.0,0.0
2012-06-22,38.88776552209143,38.94628257192305,38.32860315264962,38.582176208496094,4891400,0.0,0.0
2012-06-25,38.2895990785362,38.73823071580024,38.14655681966683,38.686214447021484,2150300,0.0,0.0
2012-06-26,38.64070168740348,38.87476993778958,38.45864970611306,38.69921875,2414400,0.0,0.0
2012-06-27,38.80974936496272,38.80974936496272,38.42613806367212,38.686214447021484,1689100,0.0,0.0
2012-06-28,38.497655123541435,39.37541096435431,38.3351080211989,39.35590362548828,1572200,0.0,0.0
2012-06-29,40.019088628755306,40.57175016169623,39.78502044824117,40.54574203491211,2398000,0.0,0.0
2012-07-02,40.85782610597972,40.93584799458484,40.298663863722254,40.92284393310547,1870100,0.0,0.0
2012-07-03,40.76031420675122,41.293468552622194,40.70830041900077,41.26095962524414,1080400,0.0,0.0
2012-07-05,41.11792256416975,41.2869704858629,40.78632503430716,40.9423713684082,970200,0.0,0.0
2012-07-06,40.539241567481426,41.195933172715606,40.46121966200318,41.09840393066406,1053000,0.0,0.0
2012-07-09,41.0789081945983,41.254459381103516,40.8968562146398,41.254459381103516,1162900,0.0,0.0
2012-07-10,41.25446312473649,41.8591361816514,40.45473152271151,40.66929244995117,1372100,0.0,0.0
2012-07-11,40.636781350481535,41.07890972999656,40.493739086440705,40.981380462646484,1881400,0.0,0.0
2012-07-12,40.76031122654646,41.60555815820827,40.59776412126873,41.37799072265625,1647600,0.0,0.0
2012-07-13,41.45601781864521,42.18422824680323,41.430012163558075,42.10620880126953,1534500,0.0,0.0
2012-07-16,42.12571684734709,42.24925425950765,41.85263884624531,42.14522171020508,1048500,0.0,0.0
2012-07-17,42.314267465833986,42.73038769615998,41.94366023068289,42.567840576171875,1722600,0.0,0.0
2012-07-18,42.36629174409951,42.548343759215975,42.02819089270148,42.2297477722168,1660500,0.0,0.0
2012-07-19,42.24274652928238,42.54183263616225,41.495028781810475,41.963165283203125,1944200,0.0,0.0
2012-07-20,41.625068817516876,42.034690779052575,41.469024954360165,41.67058181762695,2115300,0.0,0.0
2012-07-23,41.28046560631422,41.72259146858418,41.124419287657936,41.579551696777344,1504900,0.0,0.0
2012-07-24,41.55354493219094,41.6770798483364,40.864344262524284,41.26095962524414,1434500,0.0,0.0
2012-07-25,41.469020762626414,41.5990589556276,40.92936561003903,41.28046798706055,1207600,0.0,0.0
2012-07-26,41.77460279736391,41.898140175111386,40.38970087396352,40.90985107421875,2475500,0.0,0.0
2012-07-27,41.13091976800597,41.22194823335524,40.70179549530482,40.94886779785156,1858300,0.0,0.0
2012-07-30,40.97488564950886,41.2999799477624,40.87735636792374,41.17644500732422,1569700,0.0,0.0
2012-07-31,41.15042519438013,41.32597636326827,41.09840893088499,41.163429260253906,1954300,0.0,0.0
2012-08-01,41.202446933087195,41.501535545389174,40.636783599853516,40.636783599853516,1484200,0.0,0.0
2012-08-02,40.38320807846149,40.864346178873,40.25967067625053,40.82533645629883,1423100,0.0,0.0
2012-08-03,41.1374256883943,41.24145574664385,40.68879652724417,40.773319244384766,995600,0.0,0.0
2012-08-06,40.93586862895551,40.96837755890502,40.500243511032814,40.53925323486328,806600,0.0,0.0
2012-08-07,40.623783110552374,40.65629204424191,39.90857664829198,39.92808151245117,1157000,0.0,0.0
2012-08-08,39.6744954406822,39.81103440588959,39.368906106889774,39.550960540771484,1394900,0.0,0.0
2012-08-09,39.4599330156517,39.66799310476885,39.12833802370621,39.173851013183594,1685100,0.0,0.0
2012-08-10,39.15435004467889,39.23887275909266,38.95929152151568,39.1413459777832,2034200,0.0,0.0
2012-08-13,39.0958381198109,39.27789011972247,38.80975357106703,38.85526657104492,1665500,0.0,0.0
2012-08-14,38.91377477880156,39.037312162273714,38.47164646802861,38.569175720214844,1530700,0.0,0.0
2012-08-15,38.510663963733776,38.816253347710315,38.465150967857134,38.72522735595703,1193000,0.0,0.0
2012-08-16,38.67321511867303,38.8487663269043,38.36762570283277,38.8487663269043,2120000,0.0,0.0
2012-08-17,39.04381569690169,39.160849815635395,38.900775925327665,39.1218376159668,1844700,0.0,0.0
2012-08-20,39.017811996258395,39.21937133036873,38.79674780023402,39.08283233642578,1422100,0.0,0.0
2012-08-21,39.11533792584596,39.284385835299396,38.900777022298435,39.21936798095703,1139400,0.0,0.0
2012-08-22,39.0958280323759,39.64848716395276,38.7187175809776,39.6159782409668,1977100,0.0,0.0
2012-08-23,39.50545007056281,40.058111754374565,39.34940622780272,39.8370475769043,2026100,0.0,0.0
2012-08-24,39.64199337779518,39.68750637407387,39.037317878352894,39.544464111328125,1825000,0.0,0.0
2012-08-27,39.58997757692021,39.87606210580305,39.3754166605304,39.68100357055664,1797400,0.0,0.0
2012-08-28,39.596473639099884,39.90206049346882,39.39491434684952,39.7395133972168,1106500,0.0,0.0
2012-08-29,39.694003187270106,39.81754057644325,39.58997313759758,39.60947799682617,761100,0.0,0.0
2012-08-30,39.43392842060697,39.60297631743915,39.310391034198865,39.41442108154297,1054400,0.0,0.0
2012-08-31,39.54445932277817,39.54445932277817,39.03731315121469,39.27138137817383,2111400,0.0,0.0
2012-09-04,39.3299019444397,39.453436861792866,39.037316634632504,39.40142059326172,1217100,0.0,0.0
2012-09-05,39.47944130983016,39.51845102731395,38.978795933188465,39.225868225097656,1119900,0.0,0.0
2012-09-06,39.4599428824107,39.59648436525626,39.27139008468855,39.47945022583008,1465900,0.0,0.0
2012-09-07,39.759023258009954,39.967083355991925,39.37541198730469,39.37541198730469,1850700,0.0,0.0
2012-09-10,39.41441269989762,39.41441269989762,38.660194396972656,38.660194396972656,2216000,0.0,0.0
2012-09-11,38.803248253735916,39.00480757319468,38.40663288849857,38.59518814086914,1792800,0.0,0.0
2012-09-12,38.686213497371114,38.70571835754824,38.36111926630076,38.52366638183594,1765000,0.0,0.0
2012-09-13,38.549670584652816,39.24537196978048,38.41963240943032,39.12833786010742,2149400,0.0,0.0
2012-09-14,39.32991240641652,39.67451159614797,39.04382781393952,39.16086196899414,2231500,0.0,0.0
2012-09-17,39.089326374327406,39.40141651237384,39.089326374327406,39.16735076904297,1093400,0.0,0.0
2012-09-18,39.03080323943797,39.36890145639798,38.647192039451774,38.86175537109375,1349900,0.0,0.0
2012-09-19,38.76236640761319,39.08930945084712,38.49427321193647,38.651206970214844,1478200,0.338,0.0
2012-09-20,38.48775279336171,38.50083082031006,37.572310862005686,37.631160736083984,2490100,0.0,0.0
2012-09-21,37.722694098945226,37.722694098945226,37.434985068014264,37.55268478393555,2945800,0.0,0.0
2012-09-24,37.23228297521657,38.00386896630822,37.11458324814305,37.755393981933594,1793700,0.0,0.0
2012-09-25,37.80116299837415,37.879628645771675,37.245358218831996,37.264976501464844,1763300,0.0,0.0
2012-09-26,37.18650567118115,37.8142382881114,37.18650567118115,37.519989013671875,1661800,0.0,0.0
2012-09-27,37.58538215643711,38.32427433320349,37.44806663964406,37.755393981933594,2558900,0.0,0.0
2012-09-28,37.565755291747955,37.78807665574545,37.44805559937414,37.618064880371094,1648600,0.0,0.0
2012-10-01,37.68346992059977,37.79462939946974,36.944577668797855,37.408836364746094,1593000,0.0,0.0
2012-10-02,37.54613701343405,37.63114290112123,37.06880048075243,37.618064880371094,1604000,0.0,0.0
2012-10-03,37.60498890166394,37.90577840649585,37.25843006328727,37.35651397705078,1173300,0.0,0.0
2012-10-04,37.513446289202776,37.5984521838703,36.866100422366735,36.931488037109375,2029000,0.0,0.0
2012-10-05,37.094958840559734,37.44805793974865,36.95110309769516,37.19304275512695,1584600,0.0,0.0
2012-10-08,37.16688607996492,37.19957988613884,36.76147739577772,36.87917709350586,1169000,0.0,0.0
2012-10-09,36.91187527091768,37.04919076973608,36.50646653872051,36.513004302978516,1699300,0.0,0.0
2012-10-10,36.571849731207074,36.87263673821644,36.395300185081354,36.839942932128906,1463600,0.0,0.0
2012-10-11,37.023022973675836,37.14072264798718,36.6960799882281,36.741851806640625,1999200,0.0,0.0
2012-10-12,36.78764191599721,37.22574703140062,36.53916691946576,36.63071060180664,1559500,0.0,0.0
2012-10-15,36.70263043783599,36.81378988645843,36.46069076546177,36.754940032958984,1358300,0.0,0.0
2012-10-16,36.859561920166016,37.03611148163468,36.75494023496729,36.859561920166016,1239200,0.0,0.0
2012-10-17,37.323817869943426,37.323817869943426,36.70262560794584,36.87263488769531,1987700,0.0,0.0
2012-10-18,36.86610669219266,37.611536602295686,36.813794595999724,37.58538055419922,957400,0.0,0.0
2012-10-19,37.598451138122556,38.00385982588182,37.23881427828559,37.35651397705078,1717900,0.0,0.0
2012-10-22,36.80724973726137,37.13419279232098,36.57838810209311,36.82032775878906,1543300,0.0,0.0
2012-10-23,36.51954705177894,36.95765214819641,36.3822315342184,36.80725860595703,1189800,0.0,0.0
2012-10-24,36.931486276399944,37.036107951626896,36.48684353309101,36.69608688354492,1243400,0.0,0.0
2012-10-25,37.22574489379434,37.30421054638391,36.493392982742726,36.89226150512695,1492200,0.0,0.0
2012-10-26,36.89226496077506,36.93803929798289,36.33646258677232,36.65686798095703,1299500,0.0,0.0
2012-10-31,37.1407294578339,37.618066004783216,36.72224275883053,37.53960037231445,1837100,0.0,0.0
2012-11-01,37.428446938076256,38.02348327636719,37.31728498773467,38.02348327636719,2537000,0.0,0.0
2012-11-02,38.23926365901377,38.97815574377547,38.06925434906451,38.64467239379883,2600000,0.0,0.0
2012-11-05,38.461581866630745,38.48119765227869,38.01693909984145,38.29157257080078,1676600,0.0,0.0
2012-11-06,38.29157195880619,38.481197037253416,37.89270102782213,38.311187744140625,1811700,0.0,0.0
2012-11-07,38.226186835052495,38.31773050438717,37.8861657101109,37.92539978027344,1821500,0.0,0.0
2012-11-08,37.80769449273234,38.02347810526104,37.35651397705078,37.35651397705078,1151800,0.0,0.0
2012-11-09,37.232277851770085,37.48729555492241,37.02303447562803,37.049190521240234,1672800,0.0,0.0
2012-11-12,37.147268848345774,37.160346869181495,36.650314034098166,36.813785552978516,1312300,0.0,0.0
2012-11-13,36.62417025627802,36.84649169617622,36.53916683394801,36.59147644042969,1143600,0.0,0.0
2012-11-14,36.70917250158603,36.70917250158603,35.512561999441786,35.64333724975586,1872100,0.0,0.0
2012-11-15,35.538707006141884,35.767568627908396,35.303310115560556,35.49293518066406,1913200,0.0,0.0
2012-11-16,35.60410164601701,35.767573184800945,35.11368702966519,35.51255798339844,2094200,0.0,0.0
2012-11-19,35.819891547835624,36.12068114854996,35.64988220341303,35.767581939697266,1253900,0.0,0.0
2012-11-20,35.75449485904376,35.75449485904376,35.355623908694405,35.70218276977539,1707300,0.0,0.0
2012-11-21,35.53871568759731,35.780655389227114,35.26408466764308,35.349090576171875,1064100,0.0,0.0
2012-11-23,35.59757108289677,35.64988318685656,35.31639976005893,35.61064910888672,449800,0.0,0.0
2012-11-26,35.375242661392214,35.957203478603816,35.205233345769194,35.591026306152344,1496100,0.0,0.0
2012-11-27,34.98291167522448,37.06226998930207,34.81944012534025,36.12721252441406,5447800,0.0,0.0
2012-11-28,35.806806476507425,36.1664458745977,35.44063180845602,36.08143997192383,3209500,0.0,0.0
2012-11-29,36.48030719698893,36.68301029758467,36.04220219995047,36.45415115356445,18146200,0.0,0.0
2012-11-30,36.57839340511598,36.60454945196339,36.009513105263466,36.29722213745117,4000900,0.0,0.0
2012-12-03,36.460695895558,36.53262378155302,35.99643726061674,36.10105895996094,2507200,0.0,0.0
2012-12-04,36.186060121796004,36.29068180741163,35.9441229415057,35.950660705566406,2519400,0.0,0.0
2012-12-05,36.16644686446811,36.16644686446811,35.532176447979396,35.591026306152344,2750600,0.0,0.0
2012-12-06,35.747960852229,36.32992172241211,35.59102954573546,36.32992172241211,3445200,0.0,0.0
2012-12-07,36.27760076488593,36.44107229095033,35.90488588500931,36.03566360473633,2157000,0.0,0.0
2012-12-10,35.9048871201443,36.277602012842394,35.898349356402946,36.022586822509766,1708800,0.0,0.0
2012-12-11,36.127205189791596,36.18605503557721,35.81334017706077,35.9637336730957,1764700,0.0,0.0
2012-12-12,36.04220928519581,36.37569266847074,35.82642812046916,36.20568084716797,2015100,0.0,0.0
2012-12-13,36.13374378164254,36.42145525402736,35.89834688747876,36.04874038696289,1580100,0.0,0.0
2012-12-14,36.06836171775312,36.34299521140976,36.04874593048402,36.28414535522461,1410600,0.0,0.0
2012-12-17,36.428003975837306,36.55878173041027,36.06836702154532,36.44108200073242,1811200,0.0,0.0
2012-12-18,36.467237360815815,36.77456470409304,36.414925262224735,36.76802444458008,1923500,0.0,0.0
2012-12-19,36.82568824026932,36.951646309904156,36.699732699506754,36.71961975097656,1806300,0.767,0.0
2012-12-20,36.69973273575203,37.45547103881836,36.58703354327652,37.45547103881836,1978800,0.0,0.0
2012-12-21,36.885358664791006,37.767055197886364,36.885358664791006,37.52840042114258,4466600,0.0,0.0
2012-12-24,37.515142517640435,37.72065136493357,37.29637479030844,37.574806213378906,725700,0.0,0.0
2012-12-26,37.641103336353126,37.66099292362279,37.01795106082184,37.15716552734375,1868300,0.0,0.0
2012-12-27,37.19693585950961,37.47536474529522,37.02457295308476,37.40907287597656,1217500,0.0,0.0
2012-12-28,37.2499714449936,37.594694752992986,37.044465118461204,37.05772399902344,984500,0.0,0.0
2012-12-31,37.03120552588624,37.56817626953125,36.958282948632515,37.56817626953125,1297200,0.0,0.0
2013-01-02,38.14492932173785,38.20459302359372,37.568179360840055,37.793575286865234,1322300,0.0,0.0
2013-01-03,37.83997057367718,38.10514053049412,37.64108994497417,37.952667236328125,1358600,0.0,0.0
2013-01-04,37.97255327624305,38.56255938587069,37.76041630489091,37.93940734863281,1585300,0.0,0.0
2013-01-07,37.96593402405886,38.284139555863646,37.70076148311849,38.2244758605957,1170200,0.0,0.0
2013-01-08,38.3902148165331,38.58246481607413,38.20459552256147,38.36369705200195,1303700,0.0,0.0
2013-01-09,38.463129942925846,38.58245733129397,38.270879980680235,38.44987106323242,1179000,0.0,0.0
2013-01-10,38.58907997454892,38.69514846801758,38.38357369094412,38.69514846801758,1040300,0.0,0.0
2013-01-11,38.74818690099655,38.74818690099655,38.25761850116749,38.54930877685547,945200,0.0,0.0
2013-01-14,38.549305844656914,38.85425244706942,38.502901036849465,38.728294372558594,849400,0.0,0.0
2013-01-15,38.66200591666186,38.980211424875925,38.52941965602118,38.94043731689453,1122200,0.0,0.0
2013-01-16,38.86751941104049,38.96695722179869,38.61560573848187,38.834373474121094,1133100,0.0,0.0
2013-01-17,38.92717627617586,38.98683996370719,38.73492633536685,38.761444091796875,1122900,0.0,0.0
2013-01-18,38.75482944703321,38.920561700086424,38.58909719398,38.721683502197266,2114900,0.0,0.0
2013-01-22,38.67526718245503,38.7879638671875,38.63549054314625,38.7879638671875,1457300,0.0,0.0
2013-01-23,38.68852892841609,38.880778906008736,38.59571929202596,38.70841598510742,1028400,0.0,0.0
2013-01-24,38.77470834111101,38.84762838808585,38.27088101463981,38.42998504638672,1730100,0.0,0.0
2013-01-25,38.54268267967044,38.768078588335825,38.370322292513556,38.50953674316406,1285200,0.0,0.0
2013-01-28,38.781332833541306,38.781332833541306,38.396832935179,38.54930877685547,1554900,0.0,0.0
2013-01-29,38.4830120230785,38.74818452492102,38.23772910264123,38.28413391113281,2161400,0.0,0.0
2013-01-30,38.2907634323084,38.410090809446835,37.81345645262713,37.833343505859375,1833900,0.0,0.0
2013-01-31,37.7935635211748,37.82671197878749,36.686473822236124,36.71961975097656,3774600,0.0,0.0
2013-02-01,36.92513479559577,37.130641105839764,36.03681009931769,36.2820930480957,4389700,0.0,0.0
2013-02-04,36.321879042065945,36.49423946236287,35.92412014089303,36.103111267089844,2516500,0.0,0.0
2013-02-05,36.103106369620726,36.229064475898646,35.55950488774454,35.90422821044922,3834900,0.0,0.0
2013-02-06,35.91086172136628,37.09087702831236,35.91086172136628,36.61356735229492,3649400,0.0,0.0
2013-02-07,36.567158472652096,36.61356329391307,35.997039207019455,36.34176254272461,2570200,0.0,0.0
2013-02-08,36.5008545741583,37.11074775497204,36.5008545741583,36.75276565551758,3280200,0.0,0.0
2013-02-11,36.75277122326214,37.574804035925226,36.73951234399163,37.428958892822266,3843700,0.0,0.0
2013-02-12,37.47537218407161,38.13167294764047,37.35604477251364,38.111785888671875,2872500,0.0,0.0
2013-02-13,38.07864035071997,38.2775210712131,37.932797692264664,38.217857360839844,2078500,0.0,0.0
2013-02-14,38.058743716282,38.39683630409868,38.058743716282,38.15818405151367,1985200,0.0,0.0
2013-02-15,38.184698025675964,38.23773354375322,37.93278690142705,38.12503433227539,3554800,0.0,0.0
2013-02-19,38.18469647461987,38.44986899648952,37.97919017259985,38.17144012451172,1534600,0.0,0.0
2013-02-20,38.1780726941018,38.51616529597323,38.038858242088445,38.07863235473633,1627100,0.0,0.0
2013-02-21,37.98582266727868,38.09852188699448,37.61458412909223,37.859867095947266,1680700,0.0,0.0
2013-02-22,37.965935546427154,38.10514999801036,37.85323632690299,37.9261589050293,1456700,0.0,0.0
2013-02-25,38.04547869138436,38.058737569198584,37.10412112642578,37.12400817871094,2088200,0.0,0.0
2013-02-26,37.26985330579503,37.495249170892095,36.87872526132872,37.12400817871094,1550100,0.0,0.0
2013-02-27,37.03782497177023,37.296366754642044,36.97153311473159,37.11737823486328,1255600,0.0,0.0
2013-02-28,37.1240132832414,37.2433406711045,36.474343354249406,36.48760223388672,4089700,0.0,0.0
2013-03-01,36.48096504191365,36.812429387281206,36.321863572305695,36.68647384643555,2273400,0.0,0.0
2013-03-04,36.573775031977526,37.017938574373936,36.55388798028907,36.89198303222656,1665000,0.0,0.0
2013-03-05,36.91187314394289,37.34277784464529,36.79917394099676,37.216819763183594,1641300,0.0,0.0
2013-03-06,37.362667083740234,37.442217830614986,36.99142605020365,37.362667083740234,1452300,0.0,0.0
2013-03-07,37.28310684521151,37.475354223809816,36.52736609124603,36.62017822265625,2669400,0.0,0.0
2013-03-08,36.65997495877041,36.65997495877041,36.136260416632965,36.41469192504883,2239300,0.0,0.0
2013-03-11,36.40805442199083,36.44120289049704,36.136253670802375,36.34176254272461,1464600,0.0,0.0
2013-03-12,36.31523175721686,36.53399943231922,36.09646661098668,36.45444869995117,2489400,0.0,0.0
2013-03-13,36.5340090881804,36.852214630625824,36.308613179505784,36.76603317260742,2428500,0.0,0.0
2013-03-14,36.858835001791356,37.48198960322899,36.68647465112344,37.38254928588867,2479600,0.0,0.0
2013-03-15,37.19030203346898,37.36929310025195,37.07097465561367,37.18367385864258,2493800,0.0,0.0
2013-03-18,36.99142543547063,37.35603575886609,36.65996104531611,36.852210998535156,2076000,0.0,0.0
2013-03-19,36.87209756045887,36.93176125104507,36.20254061398933,36.49422836303711,1733000,0.0,0.0
2013-03-20,36.48087265052393,36.754662727912475,36.380704492808725,36.667850494384766,1400600,0.4,0.0
2013-03-21,36.46752651921587,36.85483823513257,36.30725793330993,36.320613861083984,1453100,0.0,0.0
2013-03-22,36.333966451877444,36.574368034966064,36.20040973378571,36.500911712646484,1768200,0.0,0.0
2013-03-25,36.607747808797946,36.834793410953715,36.38738144200724,36.701236724853516,1961000,0.0,0.0
2013-03-26,36.781373794773586,37.12194093848134,36.77469455913072,36.98838424682617,2124600,0.0,0.0
2013-03-27,36.968358244189254,36.968358244189254,36.70792404995908,36.76802444458008,1281900,0.0,0.0
2013-03-28,36.78805706032625,36.941646391606035,36.5543347186793,36.76802444458008,2042300,0.0,0.0
2013-04-01,36.707922263162395,37.09523391723633,36.527621088075755,37.09523391723633,1319000,0.0,0.0
2013-04-02,37.275535766339225,37.469192870569074,37.04181343184278,37.081878662109375,2049700,0.0,0.0
2013-04-03,37.27553126954195,37.41576465332252,37.088553424501185,37.3489875793457,1180500,0.0,0.0
2013-04-04,37.48922803210085,38.46418776134064,37.429127635236334,38.4107666015625,1870300,0.0,0.0
2013-04-05,38.17703479444381,38.85817165317376,38.070189946841985,38.651161193847656,2109900,0.0,0.0
2013-04-08,38.59773126791289,38.924944993794064,38.464174593116866,38.73796463012695,1807800,0.0,0.0
2013-04-09,38.7780325664928,39.11860221608225,38.4975658408372,38.93830108642578,1456100,0.0,0.0
2013-04-10,38.93163068649752,39.05851070322416,38.75800875226934,38.96501922607422,1203300,0.0,0.0
2013-04-11,39.01844274538206,39.679544487018035,38.931630504981584,39.41243362426758,2348200,0.0,0.0
2013-04-12,39.48589459289557,39.492571282613724,39.11861552121539,39.45918273925781,1500400,0.0,0.0
2013-04-15,39.1853924857688,39.459182616245876,38.644488914511996,38.66452407836914,1579700,0.0,0.0
2013-04-16,38.80474975791594,39.17202875528318,38.57770414269914,39.0852165222168,1597500,0.0,0.0
2013-04-17,38.75132683711407,38.82478314753426,38.23713521155483,38.51092529296875,1762000,0.0,0.0
2013-04-18,38.47753425759422,38.944981391152574,38.37068941684219,38.624446868896484,1804300,0.0,0.0
2013-04-19,38.784721881885304,38.91159935541369,38.357339900110105,38.711265563964844,1665400,0.0,0.0
2013-04-22,38.75132599221288,38.838138225124155,38.410758843687184,38.46417999267578,1191100,0.0,0.0
2013-04-23,38.63781475849493,38.7713714876428,38.27053566387534,38.551002502441406,1481400,0.0,0.0
2013-04-24,38.59774832315265,38.8581825530234,38.3907378057594,38.5242919921875,1411200,0.0,0.0
2013-04-25,38.484213246054495,38.577702162689775,38.11025503213146,38.19706726074219,1802700,0.0,0.0
2013-04-26,38.25048582457004,38.31058620226098,37.67619389271924,37.80307388305664,2142100,0.0,0.0
2013-04-29,37.949999452420045,38.25717813342286,37.64949746127267,38.20375442504883,1172500,0.0,0.0
2013-04-30,38.17703512811437,38.7713623046875,38.05683690247111,38.7713623046875,2161900,0.0,0.0
2013-05-01,38.51760291132718,39.07185973938021,37.76968900891382,37.996734619140625,2343400,0.0,0.0
2013-05-02,38.10358278636701,38.323949180215315,37.68288006507922,37.816436767578125,1557200,0.0,0.0
2013-05-03,37.92996418244309,37.97003196361202,37.328962749204926,37.409095764160156,2222000,0.0,0.0
2013-05-06,37.34899583515248,37.64949782923678,37.33563990792844,37.58939743041992,1630400,0.0,0.0
2013-05-07,37.689559226090154,38.29723984230727,37.49590466951549,38.21043014526367,1631000,0.0,0.0
2013-05-08,38.13029248530646,38.58438375009347,38.103583182434825,38.41743850708008,1574400,0.0,0.0
2013-05-09,38.48421958171619,38.49089627083992,38.083549454968725,38.223785400390625,1926100,0.0,0.0
2013-05-10,38.31059019134709,38.537635803222656,38.070188655551554,38.537635803222656,1241100,0.0,0.0
2013-05-13,38.45083010326916,39.24548855348882,38.330629322915634,39.21877670288086,2736700,0.0,0.0
2013-05-14,39.13864696500057,39.75300429596497,39.13864696500057,39.54599380493164,4237400,0.0,0.0
2013-05-15,39.57938054311661,39.69290209142695,39.399079365756926,39.505924224853516,3136600,0.0,0.0
2013-05-16,39.38572424616878,40.066861192120726,39.3656916307351,39.806427001953125,1739600,0.0,0.0
2013-05-17,39.793067932128906,39.95333648508409,39.49924522365701,39.793067932128906,2497600,0.0,0.0
2013-05-20,39.779714486901355,40.24048246587488,39.672869627398114,40.18706130981445,2198300,0.0,0.0
2013-05-21,40.20708192511387,40.714596766823284,40.13362562849422,40.567684173583984,2838400,0.0,0.0
2013-05-22,40.534305353006445,40.70125059536036,39.22545526432351,39.48588943481445,2960800,0.0,0.0
2013-05-23,39.005088618657275,40.280550243456986,38.76468704792939,40.18706130981445,10784300,0.0,0.0
2013-05-24,40.04683023423462,40.32062036181772,39.65951600393619,40.26719665527344,2630000,0.0,0.0
2013-05-28,40.607749472580245,40.6678498436746,39.49923349813661,39.672855377197266,3572300,0.0,0.0
2013-05-29,39.41910343802319,39.46584789453627,38.377366924438206,39.09189224243164,4289300,0.0,0.0
2013-05-30,39.085223881276164,39.11861497154546,38.23714164556332,38.34398651123047,2825400,0.0,0.0
2013-05-31,38.210426490186634,38.68455034979128,37.67619969625122,37.76301193237305,4255000,0.0,0.0
2013-06-03,37.78305004413606,38.44415180482674,37.462512923785155,38.223785400390625,3625200,0.0,0.0
2013-06-04,38.290562017356685,38.450830575590864,37.903247820930446,38.157005310058594,3006900,0.0,0.0
2013-06-05,38.163686210201234,38.39073185829118,37.8231164643751,37.883216857910156,2159800,0.0,0.0
2013-06-06,37.79640281257303,38.090228076923694,37.39573523967231,37.84314727783203,1871100,0.0,0.0
2013-06-07,37.98338254845744,38.03680370178658,37.208756719817906,37.856502532958984,2320400,0.0,0.0
2013-06-10,37.85649560077204,37.99005228071173,37.328950663452076,37.42243957519531,2159600,0.0,0.0
2013-06-11,37.148652266894494,37.27552972113285,36.74130550936348,36.808082580566406,1830100,0.0,0.0
2013-06-12,37.00841662337893,37.00841662337893,36.460836483722716,36.561004638671875,2008900,0.0,0.0
2013-06-13,36.48087422556715,37.77636835910195,36.46083906472986,37.68955612182617,1692900,0.0,0.0
2013-06-14,37.72962469919649,38.0969037221901,37.3757016012513,37.622779846191406,1400600,0.0,0.0
2013-06-17,37.8631822429125,38.003415637960885,37.375702431042676,37.669525146484375,1804300,0.0,0.0
2013-06-18,37.702905737777826,38.09021984898204,37.46250422701407,37.80307388305664,1612200,0.0,0.0
2013-06-19,37.76968629192429,37.94330819436952,36.54096940979996,36.72794723510742,1871700,0.0,0.0
2013-06-20,36.55305584242736,36.55305584242736,35.456597986359526,35.59113311767578,2242900,0.4,0.0
2013-06-21,35.93420763820492,37.22574175109985,35.89384888114403,36.81541061401367,3829400,0.0,0.0
2013-06-24,36.33780144066875,38.08675048728201,35.96783174612104,37.393898010253906,3679900,0.0,0.0
2013-06-25,37.5486223738548,38.086760485929055,37.25937265748146,37.93877410888672,2971900,0.0,0.0
2013-06-26,38.086747636223734,38.59798059474822,38.059842664230914,38.51053237915039,2661400,0.0,0.0
2013-06-27,38.772873679867274,39.5531743049303,38.678699864676844,39.29755783081055,3055200,0.0,0.0
2013-06-28,39.203394842791525,39.506098308106964,38.981414012256685,39.0554084777832,3592400,0.0,0.0
2013-07-01,39.24375201007338,39.48591475671652,38.60471199888609,38.665252685546875,2431300,0.0,0.0
2013-07-02,38.63161002994923,39.136114772566316,38.61815626222085,38.907405853271484,2738000,0.0,0.0
2013-07-03,38.719066434495474,38.92759346332373,38.180925875604125,38.638343811035156,1273400,0.0,0.0
2013-07-05,38.6921498206469,38.86031806435657,37.75713479618811,38.58452224731445,1536800,0.0,0.0
2013-07-08,38.69215651057001,39.001585516645974,38.48362692853923,38.57780075073242,1447700,0.0,0.0
2013-07-09,38.719073301551845,39.3110239156473,38.55763059204275,38.994869232177734,1550400,0.0,0.0
2013-07-10,38.91414079284173,38.99486341858406,38.47690478393738,38.95450210571289,1890400,0.0,0.0
2013-07-11,39.385012853727524,39.87606395071874,39.32447216691796,39.74153137207031,1946200,0.0,0.0
2013-07-12,39.754978305054536,39.86933406387044,39.29083480008736,39.43882369995117,1287700,0.0,0.0
2013-07-15,39.12939904009819,39.54645827407831,39.0015920551302,39.425376892089844,847500,0.0,0.0
2013-07-16,39.42536916495025,39.87605889154008,39.317741576059824,39.5128173828125,1917200,0.0,0.0
2013-07-17,39.519535064697266,39.67424953234446,39.257193029728384,39.519535064697266,1131500,0.0,0.0
2013-07-18,39.459003235557255,39.95678244968774,39.398462555001444,39.748252868652344,1014100,0.0,0.0
2013-07-19,39.74152632996016,39.835700149483756,39.34464911479346,39.5128173828125,1471100,0.0,0.0
2013-07-22,39.5060986256836,39.728082024047616,39.33793031760592,39.58681869506836,807900,0.0,0.0
2013-07-23,39.680977698701604,39.815510233321,39.351366830379405,39.519535064697266,904400,0.0,0.0
2013-07-24,39.53300030905432,39.58681282531685,38.42308861389636,38.638343811035156,1886100,0.0,0.0
2013-07-25,38.571077687558436,39.062128768488876,38.44327071560483,38.83341979980469,1583000,0.0,0.0
2013-07-26,38.76614401688215,39.08902673486749,38.53070693752944,39.0755729675293,733300,0.0,0.0
2013-07-29,39.082305353594315,39.20338671461627,38.77287634922452,38.86705017089844,1427800,0.0,0.0
2013-07-30,39.09576018956699,39.41191737041876,38.68542918447279,38.78633117675781,1487200,0.0,0.0
2013-07-31,38.537441894035766,38.74596890940821,37.05083498283472,37.66969299316406,3363400,0.0,0.0
2013-08-01,37.84459334415267,38.03294358626351,37.3131834629595,37.44099044799805,2309900,0.0,0.0
2013-08-02,37.27953729337384,37.66968887412839,36.91629581513812,36.963382720947266,1993300,0.0,0.0
2013-08-05,37.091195318083884,37.091195318083884,36.69431807579931,36.92302703857422,1660800,0.0,0.0
2013-08-06,36.828865344326594,37.1248406899842,36.640517630366766,36.822139739990234,1688500,0.0,0.0
2013-08-07,36.70777458722504,36.86248910800186,36.44543246216675,36.49251937866211,1646400,0.0,0.0
2013-08-08,36.66068737809719,36.66068737809719,36.26381010934389,36.499244689941406,1776200,0.0,0.0
2013-08-09,36.33107916282486,36.71450525560547,36.115823939606244,36.465614318847656,1628200,0.0,0.0
2013-08-12,36.32435042420403,36.391616713386625,35.658402870700726,35.96783447265625,1431300,0.0,0.0
2013-08-13,35.96783989509449,36.00819864827067,35.30189224119428,35.4229736328125,1462000,0.0,0.0
2013-08-14,35.35570496944505,35.58441396431529,35.2077160415747,35.362430572509766,1073900,0.0,0.0
2013-08-15,35.073168738807816,35.12025564208696,34.44758266262062,34.83773422241211,1811800,0.0,0.0
2013-08-16,34.78393913165487,34.86466178310806,34.01709190516628,34.08435821533203,3952000,0.0,0.0
2013-08-19,33.92963505127605,34.252517877133904,33.82200744265676,33.936363220214844,1936100,0.0,0.0
2013-08-20,34.05745509190341,34.723400323487546,34.03054753994869,34.52159881591797,1947200,0.0,0.0
2013-08-21,34.319780811072576,34.96554635129844,33.795096630394575,34.49467468261719,2208600,0.0,0.0
2013-08-22,34.561946717386206,34.972277744133244,34.18524883449422,34.87810134887695,1597100,0.0,0.0
2013-08-23,34.85791616501339,35.362420936872184,34.5619409559654,35.322059631347656,1869200,0.0,0.0
2013-08-26,35.3624241642514,35.873657150044345,35.32879102293339,35.59113311767578,1824400,0.0,0.0
2013-08-27,35.274971875961235,35.71893596187452,35.09334985453617,35.59785461425781,1640300,0.0,0.0
2013-08-28,35.52386446099463,35.52386446099463,34.88482455448232,35.0462646484375,1488000,0.0,0.0
2013-08-29,34.93863706378604,35.08662595494831,34.57539556936488,35.0462646484375,1070800,0.0,0.0
2013-08-30,35.14716913290144,35.34897054772839,34.831011957844545,34.905006408691406,1818400,0.0,0.0
2013-09-03,35.15389331158101,35.21443399018254,34.15161187989839,34.48122024536133,1634900,0.0,0.0
2013-09-04,34.58212664390269,35.18753350715941,34.30633075420673,34.97900390625,1579100,0.0,0.0
2013-09-05,34.95881450930542,34.985719477479094,34.508122292317424,34.804100036621094,1233900,0.0,0.0
2013-09-06,35.079902599462436,35.81984197055865,35.079902599462436,35.67858123779297,2166900,0.0,0.0
2013-09-09,35.67858350540892,36.45888423519339,35.63822219374884,36.45215606689453,2168100,0.0,0.0
2013-09-10,36.47234055862418,36.647234455970846,36.30417226400278,36.593421936035156,1410800,0.0,0.0
2013-09-11,36.57996931584338,36.936485290527344,36.43870599372149,36.936485290527344,1709200,0.0,0.0
2013-09-12,36.92303471016186,37.15174372045619,36.69432569986753,36.80868148803711,1384500,0.0,0.0
2013-09-13,36.66068886346689,36.90285162248995,36.51942810938496,36.721229553222656,1381400,0.0,0.0
2013-09-16,37.138288486552625,37.43426635061183,36.64051173234444,36.86922073364258,1735600,0.0,0.0
2013-09-17,36.84903136812798,37.25263676524917,36.68759126211488,36.69431686401367,1619000,0.0,0.0
2013-09-18,36.7750345926202,38.32218466806271,36.539600050380194,37.99930191040039,3149900,0.0,0.0
2013-09-19,38.24319135693467,38.581926439663334,37.938329265610164,38.148345947265625,2451900,0.4,0.0
2013-09-20,38.27706976571502,38.36514162330554,37.77574063521202,38.006080627441406,5784600,0.0,0.0
2013-09-23,37.782516237069885,38.20932321914015,37.33538597444425,37.382808685302734,1155600,0.0,0.0
2013-09-24,37.43022064042786,37.531842182691186,36.73242730887215,36.779850006103516,1786200,0.0,0.0
2013-09-25,36.800193587699404,37.2337742498384,36.58340325662991,36.96278762817383,1290700,0.0,0.0
2013-09-26,36.942454681231965,37.18634440305198,36.80018653828499,37.03730010986328,1218000,0.0,0.0
2013-09-27,36.779860155464846,37.14569470735262,36.61049259451798,36.95600128173828,1003100,0.0,0.0
2013-09-30,36.73920631117355,37.23375921575904,36.14303184928076,36.292076110839844,1728400,0.0,0.0
2013-10-01,36.319177783989325,37.00342154790774,36.17690966243358,36.79340744018555,2152600,0.0,0.0
2013-10-02,36.65113563032683,36.989870719643505,36.197231851127434,36.63758850097656,1810200,0.0,0.0
2013-10-03,36.56306949399367,36.7053376234282,35.65525927363298,35.81107711791992,2069200,0.0,0.0
2013-10-04,35.770423047885004,35.98721328698451,35.35039228267264,35.65525436401367,1448800,0.0,0.0
2013-10-07,35.3774997459193,36.027870610973004,35.357173879649814,35.90592575073242,1346200,0.0,0.0
2013-10-08,35.84494813795432,35.88559728027194,35.3165222095439,35.35039520263672,1333200,0.0,0.0
2013-10-09,35.35717276108253,35.756880327149396,35.32329976416378,35.377498626708984,1095700,0.0,0.0
2013-10-10,35.601062325885735,36.285308748783116,35.458794188811865,36.271759033203125,1802400,0.0,0.0
2013-10-11,36.27175100242225,36.40724554387883,35.912690079910796,36.39369583129883,1265500,0.0,0.0
2013-10-14,36.17013534647795,36.43434832399978,36.06174021251145,36.33272933959961,1259000,0.0,0.0
2013-10-15,36.13626359238758,36.57662029293916,36.05496788520745,36.32595443725586,1256700,0.0,0.0
2013-10-16,36.52919406456082,37.13891831370159,36.40725179907654,37.105045318603516,1554500,0.0,0.0
2013-10-17,37.220212898517964,37.74186527722748,36.92890049762377,37.66734313964844,1473600,0.0,0.0
2013-10-18,37.95188911801631,37.97898855211677,37.28796848862071,37.40313720703125,1483900,0.0,0.0
2013-10-21,37.34216912195307,37.45056428663609,37.064406350931286,37.29474639892578,1442300,0.0,0.0
2013-10-22,37.41668683340703,37.89091659163873,37.321841398629545,37.579280853271484,2067800,0.0,0.0
2013-10-23,37.5386232145971,37.714764327308515,37.22698754669184,37.63346862792969,1517900,0.0,0.0
2013-10-24,37.5386264709331,37.5386264709331,36.31918053709349,36.461448669433594,3471400,0.0,0.0
2013-10-25,36.454673919243355,37.30151170471259,36.319179356699514,37.19989013671875,2405700,0.0,0.0
2013-10-28,37.260856118554926,37.30827881959471,36.41401847949686,36.834049224853516,1684000,0.0,0.0
2013-10-29,36.83404667596456,36.88824552159858,36.22432516864106,36.48176193237305,1538400,0.0,0.0
2013-10-30,36.481768722338664,36.65791241908978,35.865270952397104,36.00754165649414,2162000,0.0,0.0
2013-10-31,36.31239731507284,36.49531455717499,35.06585219375487,35.47233581542969,2930200,0.0,0.0
2013-11-01,35.53330703795283,35.87881564966452,35.45201135008126,35.83816909790039,2133700,0.0,0.0
2013-11-04,35.851727353484,36.170139224298104,35.77720779067213,36.15658950805664,1733800,0.0,0.0
2013-11-05,36.061745372524776,36.17014052200135,35.54686905859714,35.60784149169922,1300700,0.0,0.0
2013-11-06,35.655248167873914,35.91268491685275,35.621375183465446,35.67557144165039,1190100,0.0,0.0
2013-11-07,35.71623102174758,35.777203445256546,35.445241898520244,35.5333137512207,1687500,0.0,0.0
2013-11-08,35.363958003285994,35.47912673928889,34.53744322737944,35.02522277832031,1694400,0.0,0.0
2013-11-11,35.018441301679246,35.23523160594455,34.92359586660621,34.9913444519043,1252800,0.0,0.0
2013-11-12,34.849066949231336,34.96423822970618,34.46968528259368,34.7474479675293,1265200,0.0,0.0
2013-11-13,34.67969811702754,34.930363948208885,34.50355700463062,34.923587799072266,1895700,0.0,0.0
2013-11-14,35.214906474853,35.52654219784027,35.0523150473571,35.27587890625,1442100,0.0,0.0
2013-11-15,35.208133497079935,35.34362549414216,34.66615517145427,34.80842590332031,1609600,0.0,0.0
2013-11-18,34.95068305333074,35.04552845516812,34.415481046570285,34.70001983642578,1691300,0.0,0.0
2013-11-19,34.61195355495,34.69324925752652,34.38161357736337,34.58485412597656,1316000,0.0,0.0
2013-11-20,34.57131141381906,34.92359630879675,34.164830234260975,34.307098388671875,1005700,0.0,0.0
2013-11-21,34.32065022180983,34.54421669339092,34.19193177669447,34.435821533203125,1097000,0.0,0.0
2013-11-22,34.54421669339092,34.557763827112986,34.30710050374329,34.435821533203125,2070100,0.0,0.0
2013-11-25,34.686474821263204,34.686474821263204,34.07675060639378,34.279991149902344,1440600,0.0,0.0
2013-11-26,34.300325971350624,34.51034013460895,33.92771778021528,34.47646713256836,2490300,0.0,0.0
2013-11-27,34.53742842541257,35.296194280529164,34.49000572098926,35.23522186279297,3602800,0.0,0.0
2013-11-29,35.34362110093967,35.34362110093967,34.706800007133644,34.91681671142578,1665800,0.0,0.0
2013-12-02,34.754222030325565,35.12005657211749,34.70002575617703,34.998111724853516,3862500,0.0,0.0
2013-12-03,34.84906407857823,35.36394284709359,34.78809166084203,35.23522186279297,2433500,0.0,0.0
2013-12-04,34.9371414578327,36.468225708283306,34.84906959951801,35.85850143432617,6087300,0.0,0.0
2013-12-05,35.85849614379034,35.96689126712974,35.397816223511974,35.64847946166992,1904900,0.0,0.0
2013-12-06,35.87881819850024,36.122707863784235,35.61460525589041,36.014312744140625,1860800,0.0,0.0
2013-12-09,35.899150635084204,36.251432900188654,35.899150635084204,36.231109619140625,1856200,0.0,0.0
2013-12-10,36.2243384726268,36.617269910411174,36.08884389312233,36.583396911621094,3630700,0.0,0.0
2013-12-11,36.5088694145895,36.56984183721594,35.93979433152395,36.00076675415039,3287200,0.0,0.0
2013-12-12,35.89914829227447,36.24465696926271,35.526537601750924,35.5333137512207,2765200,0.0,0.0
2013-12-13,35.56718305973359,35.716227320497644,35.147152288168165,35.3707160949707,2020800,0.0,0.0
2013-12-16,35.41813989499533,35.492662027683465,35.153926940441835,35.167476654052734,1785000,0.0,0.0
2013-12-17,35.059083967903035,35.153929385432306,34.781321280419974,34.971012115478516,1949100,0.0,0.0
2013-12-18,35.025212577706306,35.573961828354406,34.47646074271428,35.56718826293945,2711500,0.0,0.0
2013-12-19,35.54687047430076,35.66203919455577,34.96424555353128,35.255558013916016,1641600,0.0,0.0
2013-12-20,35.086186273838386,35.30975012143898,34.98456469852829,35.20135498046875,2570600,0.0,0.0
2013-12-23,35.26233327893672,35.43847702755116,34.97779695565187,35.12683868408203,1706100,0.0,0.0
2013-12-24,35.16112699313496,35.44241590439394,35.126823978035524,35.33950424194336,869200,0.65,0.0
2013-12-26,35.531616013168644,35.68941202153859,35.38067956292216,35.51103210449219,1750700,0.0,0.0
2013-12-27,35.52474514922381,35.65510027606452,35.31206487642458,35.56591033935547,1290300,0.0,0.0
2013-12-30,35.552199715345,35.840350901976386,35.51103451235387,35.71685791015625,1265600,0.0,0.0
2013-12-31,35.68941759789536,35.88837883755222,35.48359679904325,35.58650588989258,1676400,0.0,0.0
2014-01-02,35.49730933277755,35.88836953436979,35.366954187478285,35.668827056884766,1520600,0.0,0.0
2014-01-03,35.723709566598906,36.094188460108754,35.61393833339073,35.97069549560547,1300200,0.0,0.0
2014-01-06,36.04616670504781,36.492111232015425,35.970698485228695,36.25198745727539,1562000,0.0,0.0
2014-01-07,36.334321069993564,36.47839535797578,36.2039685166506,36.31373977661133,1180200,0.0,0.0
2014-01-08,36.22454742851405,36.64305114746094,36.162800935273474,36.64305114746094,2038800,0.0,0.0
2014-01-09,36.78026103738357,36.83514534797114,36.37547910533321,36.66362762451172,2154100,0.0,0.0
2014-01-10,36.848868571560246,36.97236154682229,36.57444177320794,36.7528190612793,2115300,0.0,0.0
2014-01-13,36.58130135785045,36.79398428588143,36.437227092322786,36.5126953125,1917400,0.0,0.0
2014-01-14,36.58815815560399,36.91747183576467,36.533271233667634,36.69792938232422,1816200,0.0,0.0
2014-01-15,36.883163188849416,37.006656135968456,36.77339197109385,36.89688491821289,1926000,0.0,0.0
2014-01-16,36.96549533248243,37.10956957195926,36.83514020587277,36.972354888916016,1680100,0.0,0.0
2014-01-17,37.0066668099515,37.0958567679634,36.787124311116834,36.93806076049805,1794100,0.0,0.0
2014-01-21,37.13703226034472,37.43204306563135,37.00667706624137,37.33599090576172,2155800,0.0,0.0
2014-01-22,37.34969919703529,37.6378503386026,37.01352591855172,37.03410720825195,2342800,0.0,0.0
2014-01-23,36.84887233494525,36.931202738296946,36.691076320917524,36.890037536621094,2306300,0.0,0.0
2014-01-24,37.55552102480547,37.55552102480547,36.69793242704199,36.84200668334961,2667000,0.0,0.0
2014-01-27,36.7528121840186,37.095847580634164,36.49896672332576,36.60873794555664,4027300,0.0,0.0
2014-01-28,36.58130328102614,37.01352871748522,36.56758154780409,36.9517822265625,2243300,0.0,0.0
2014-01-29,36.780262697385076,37.150741624894906,36.67735101180361,37.013526916503906,3138300,0.0,0.0
2014-01-30,37.18503523205647,37.90540899726177,37.0478205584097,37.82994079589844,2690400,0.0,0.0
2014-01-31,37.51436341221627,38.1524096672843,37.40459215420205,37.99461364746094,3483600,0.0,0.0
2014-02-03,37.89169803304304,37.905419766021225,37.46633477933125,37.59668731689453,3092100,0.0,0.0
2014-02-04,37.74762766264064,38.0769414366833,37.562388174025415,37.99461364746094,3303500,0.0,0.0
2014-02-05,37.72704129792004,38.38566875746506,37.432030590949324,38.26903533935547,3253900,0.0,0.0
2014-02-06,38.1935682441,38.776730117522426,38.179849128297406,38.74928665161133,3199000,0.0,0.0
2014-02-07,38.96883619645549,39.202100464605735,38.804180605498516,39.01686096191406,2175700,0.0,0.0
2014-02-10,39.03742606918281,39.572560407747034,38.948236140371385,39.51767349243164,2247100,0.0,0.0
2014-02-11,39.421641889975234,39.991082117493505,39.36675756691574,39.81270217895508,1986000,0.0,0.0
2014-02-12,39.8195569436263,39.936187744140625,39.668620503287414,39.936187744140625,2510700,0.0,0.0
2014-02-13,39.76466822638469,40.38213307533433,39.69606218412485,39.99793243408203,3557200,0.0,0.0
2014-02-14,40.01166445986392,40.2998156692247,39.92933666454088,40.19004440307617,1835700,0.0,0.0
2014-02-18,40.13515207322977,40.49190929460574,40.11457078145043,40.478187561035156,2255500,0.0,0.0
2014-02-19,40.375275433897066,40.71145135988063,40.03910212506655,40.128292083740234,2621600,0.0,0.0
2014-02-20,40.148867791941946,40.361550704693535,39.79211062401316,40.29294204711914,2025000,0.0,0.0
2014-02-21,40.26550266284711,40.485045155018696,40.02537887989473,40.27922439575195,1424300,0.0,0.0
2014-02-24,40.34783257570402,40.58109679797898,40.16945266723633,40.16945266723633,2066800,0.0,0.0
2014-02-25,40.26550921371801,40.53993868215641,40.08026971509509,40.3341178894043,1594800,0.0,0.0
2014-02-26,40.51934619370725,40.51934619370725,40.087120816331776,40.183170318603516,1551100,0.0,0.0
2014-02-27,40.16944170260096,40.34782156237815,39.79210331528303,40.03908920288086,1184200,0.0,0.0
2014-02-28,40.04595814193004,40.27922235518921,39.88816214724779,40.114566802978516,2544900,0.0,0.0
2014-03-03,40.039104932257516,40.34783741304047,39.92933367432949,40.14887619018555,1969500,0.0,0.0
2014-03-04,40.55364807969927,40.75946880983476,40.40271165626204,40.75260925292969,2001500,0.0,0.0
2014-03-05,40.71831269461978,40.75261833825089,40.12143165901343,40.306671142578125,2074300,0.0,0.0
2014-03-06,40.2860750904787,40.299796819473265,39.895014974166195,40.03908920288086,2023400,0.0,0.0
2014-03-07,39.90874755646246,40.025380983707635,39.46280299080361,39.9636344909668,1842800,0.0,0.0
2014-03-10,39.9430561437277,39.99108090638286,39.44908416538513,39.60688018798828,1643200,0.0,0.0
2014-03-11,39.613743028646546,39.92933507914883,39.57943738290008,39.840145111083984,1227600,0.0,0.0
2014-03-12,39.73722619217534,40.22433853149414,39.71664490218752,40.22433853149414,1625400,0.0,0.0
2014-03-13,40.217480067543,40.33411349492557,39.66862380761851,39.7235107421875,1938700,0.0,0.0
2014-03-14,39.72351429043662,40.18318063132212,39.72351429043662,39.840145111083984,1233900,0.0,0.0
2014-03-17,40.01166026099816,40.25864623820174,39.86072380445083,40.045963287353516,920800,0.0,0.0
2014-03-18,40.01851428253298,40.12142334063066,39.81955310619714,40.07339859008789,890300,0.0,0.0
2014-03-19,40.01165198080218,40.28608136915962,39.18150687589221,39.29813766479492,1848100,0.0,0.0
2014-03-20,39.29121011316886,39.6026611328125,39.11125946173097,39.6026611328125,1519400,0.5,0.0
2014-03-21,39.72725862619302,40.00410204256182,39.519622763666845,39.581912994384766,1971600,0.0,0.0
2014-03-24,39.69264628752571,39.706488852769375,39.14587948149748,39.37427520751953,1772100,0.0,0.0
2014-03-25,39.52653862138294,40.107913128796525,39.52653862138294,40.02486038208008,1382200,0.0,0.0
2014-03-26,40.05945895877296,40.12866912974858,39.540374755859375,39.540374755859375,1562600,0.0,0.0
2014-03-27,39.4850176666457,39.69265088897222,39.228936780449665,39.581912994384766,1135200,0.0,0.0
2014-03-28,39.6788118527851,39.96257787904613,39.54038882139442,39.7203369140625,1039200,0.0,0.0
2014-03-31,39.907206467117184,40.38476313952391,39.60959788222324,40.13560485839844,2426100,0.0,0.0
2014-04-01,40.246335806961255,40.543944340496694,39.92104214467852,40.53010177612305,1922300,0.0,0.0
2014-04-02,40.43320825478621,41.0699530847306,40.28094531039474,40.986900329589844,2168300,0.0,0.0
2014-04-03,40.98689858001087,41.11147902750387,40.36399634254592,40.585472106933594,1964600,0.0,0.0
2014-04-04,40.827704271587834,41.11147019878305,40.54393834439261,40.94536209106445,1343300,0.0,0.0
2014-04-07,41.02842597549298,41.67209077751413,40.92461069012798,41.32603454589844,2048600,0.0,0.0
2014-04-08,41.12532019670695,41.59595687031809,41.07687253679399,41.56135177612305,1823300,0.0,0.0
2014-04-09,41.630559809790135,41.76206020866516,41.29142358926098,41.54750442504883,1828400,0.0,0.0
2014-04-10,41.54750666977417,41.762062464982506,40.827711777854475,40.95228958129883,1781900,0.0,0.0
2014-04-11,40.52319391850607,40.93846308021673,39.87260899741957,39.95566177368164,3851500,0.0,0.0
2014-04-14,40.26709377979941,40.419359330491325,39.858747417652026,40.19788360595703,2024600,0.0,0.0
2014-04-15,40.135604653585936,40.4539757668991,40.0110241935591,40.149444580078125,2609000,0.0,0.0
2014-04-16,40.44012451171875,40.69620534,39.95564534239275,40.44012451171875,3333900,0.0,0.0
2014-04-17,40.26710351587162,40.34323630962551,39.581911012286106,39.79646682739258,3247500,0.0,0.0
2014-04-21,39.82415263413365,40.315551860067686,39.685729610436844,40.308631896972656,3147000,0.0,0.0
2014-04-22,40.28093819150398,40.28093819150398,39.83106412028258,40.23249053955078,1574000,0.0,0.0
2014-04-23,40.23941332749147,40.28786098284751,39.87951457327575,40.038700103759766,1811600,0.0,0.0
2014-04-24,40.02485909716686,40.53010080378765,39.907198622913185,40.516258239746094,1243300,0.0,0.0
2014-04-25,40.516251469047525,40.66851436766165,40.40551361541967,40.59930419921875,1354500,0.0,0.0
2014-04-28,40.73773167258571,41.2360533890109,40.64775633152028,41.18068313598633,1764500,0.0,0.0
2014-04-29,41.332952578139505,41.332952578139505,40.986896384793255,41.05610656738281,1325100,0.0,0.0
2014-04-30,41.021498511613345,41.15299890511014,40.6823623049545,41.139156341552734,1318000,0.0,0.0
2014-05-01,40.14252577001159,41.277589869352376,40.14252577001159,41.242984771728516,1755200,0.0,0.0
2014-05-02,41.1183954451156,41.67900741050205,41.04226266263358,41.67208480834961,1721000,0.0,0.0
2014-05-05,41.51982364429186,42.080432993252614,41.47829595021359,42.07351303100586,2001900,0.0,0.0
2014-05-06,41.921244402058164,42.25345800985656,41.73437375263425,42.163482666015625,2445600,0.0,0.0
2014-05-07,42.28806302661835,42.841755012200814,42.045824763075316,42.592594146728516,1575400,0.0,0.0
2014-05-08,42.51646131749789,42.94557022964855,42.51646131749789,42.7171745300293,1208900,0.0,0.0
2014-05-09,42.83483900344844,42.94557688956999,42.544153042454155,42.765628814697266,1049500,0.0,0.0
2014-05-12,42.869441861857815,43.15320784525622,42.68257119373701,43.11860275268555,1278200,0.0,0.0
2014-05-13,42.85559380879629,43.30546787520308,42.5510653368926,42.71025085449219,1652000,0.0,0.0
2014-05-14,42.731018890741325,42.834834162134584,42.37112014147317,42.63412094116211,1436500,0.0,0.0
2014-05-15,42.641042799143975,42.737938106832864,42.24653896629683,42.54414749145508,1409400,0.0,0.0
2014-05-16,42.481860754850125,42.86944201736649,42.474938152191285,42.807151794433594,1531600,0.0,0.0
2014-05-19,42.77947242272026,42.924815406758384,42.52338890966316,42.65489196777344,1126700,0.0,0.0
2014-05-20,42.74486664423631,42.814079478041855,42.28115253863756,42.502628326416016,1188100,0.0,0.0
2014-05-21,42.54415244408063,42.71025795082699,42.17041109360216,42.246543884277344,1013900,0.0,0.0
2014-05-22,42.2742271945049,42.36419990670051,41.91432842512452,41.969696044921875,1300200,0.0,0.0
2014-05-23,42.101198000643606,42.21885583978672,41.900484773659095,42.205013275146484,1209000,0.0,0.0
2014-05-27,42.30882997683055,42.57875337907812,42.246539757835016,42.50954055786133,1419800,0.0,0.0
2014-05-28,42.440328584649514,42.49569883928474,42.00429707009379,42.3503532409668,1491800,0.0,0.0
2014-05-29,42.33651261180909,42.6825687984946,42.267302430551666,42.62028121948242,1263400,0.0,0.0
2014-05-30,42.654887022696805,42.85559760777606,42.551069108877115,42.772544860839844,1823500,0.0,0.0
2014-06-02,42.77946171958727,43.18088547604945,42.66180125704222,42.98709487915039,1144200,0.0,0.0
2014-06-03,42.9386586243929,43.20165946420491,42.82099813062474,43.04939651489258,1029600,0.0,0.0
2014-06-04,42.95249457560491,43.09783753946401,42.827914137954494,43.00094223022461,854800,0.0,0.0
2014-06-05,43.04246870312261,43.76226622436872,42.84175811601682,43.7276611328125,1280000,0.0,0.0
2014-06-06,43.769190087046404,43.7761100494772,43.2085780829766,43.360843658447266,1069700,0.0,0.0
2014-06-09,43.27778383649413,43.423129434650804,42.56490897015043,42.7171745300293,1413900,0.0,0.0
2014-06-10,42.613360743697434,42.7863888456745,42.135804132712465,42.274227142333984,1284300,0.0,0.0
2014-06-11,42.21886051812019,42.620287016571865,42.05967496741679,42.405731201171875,1002000,0.0,0.0
2014-06-12,42.28807735167472,42.41958043088671,41.88665343036433,42.39189529418945,1145000,0.0,0.0
2014-06-13,42.48878454024846,42.855603308191576,42.00430527831253,42.74486541748047,1283600,0.0,0.0
2014-06-16,42.62720509670774,42.77254807481716,42.27422891555638,42.433414459228516,1366100,0.0,0.0
2014-06-17,42.315750067002746,42.557990981696385,42.17732706434913,42.440330505371094,1061300,0.0,0.0
2014-06-18,42.37804585465129,42.89713020266054,41.983541961380226,42.77947235107422,1694600,0.0,0.0
2014-06-19,42.939950263131735,43.233006815241204,42.70968926213367,43.219051361083984,1846900,0.5,0.0
2014-06-20,43.22602901046139,43.39348913142973,43.079500739181434,43.31673812866211,2714500,0.0,0.0
2014-06-23,43.21905006994133,43.4632665178008,43.20509461620102,43.23300552368164,1588700,0.0,0.0
2014-06-24,43.20508878388598,43.58885705561248,43.191135993759815,43.463260650634766,1554400,0.0,0.0
2014-06-25,43.42838210062913,43.99356337515594,43.42838210062913,43.96565246582031,1783700,0.0,0.0
2014-06-26,44.070318950306856,44.070318950306856,43.69352964317827,43.93076705932617,1731200,0.0,0.0
2014-06-27,43.7842417272767,44.33547026990968,43.7842417272767,44.3284912109375,1439800,0.0,0.0
2014-06-30,44.18894022503602,44.3215130612232,43.700509923809605,43.95867919921875,2018200,0.0,0.0
2014-07-01,44.105195275198774,44.335456237240386,43.86098152309125,44.17497253417969,1389900,0.0,0.0
2014-07-02,44.195917069799506,44.286626201652446,43.90983688016888,44.27267074584961,823000,0.0,0.0
2014-07-03,44.22382304305086,44.251731289809065,43.78423555040758,44.09124755859375,786400,0.0,0.0
2014-07-07,44.056360253847934,44.230799439307724,43.965651132124236,44.09124755859375,1426400,0.0,0.0
2014-07-08,44.216843901150135,44.572701329381985,44.07729202070099,44.31452941894531,2663100,0.0,0.0
2014-07-09,44.41222388200504,44.49595395742853,44.04939000619506,44.370357513427734,2147100,0.0,0.0
2014-07-10,44.07730764654224,44.72622185820614,44.00753301244723,44.51689529418945,3383600,0.0,0.0
2014-07-11,44.58666278812018,44.80296570330184,44.37733360839058,44.78901290893555,1105400,0.0,0.0
2014-07-14,44.80994109983326,44.96344844262696,44.58665914398654,44.844825744628906,1274700,0.0,0.0
2014-07-15,44.872733987599474,45.137884954288566,44.74016382771636,45.09601593017578,1527600,0.0,0.0
2014-07-16,45.15881609892539,45.30534437237681,44.963445067656835,45.27045440673828,924100,0.0,0.0
2014-07-17,45.033228601338955,45.33326426553071,44.9564749204902,45.00531768798828,974700,0.0,0.0
2014-07-18,44.93553400260006,45.347207913695236,44.86575939502849,45.214637756347656,1320400,0.0,0.0
2014-07-21,45.21463924729873,45.298366649760986,44.97042012755314,45.144859313964844,857900,0.0,0.0
2014-07-22,45.319297552144704,45.60538036713561,45.20765924337704,45.48676300048828,1055000,0.0,0.0
2014-07-23,45.403037291749584,45.6193402082886,45.36814732042165,45.577476501464844,878000,0.0,0.0
2014-07-24,45.63329822869893,45.96124479401685,45.57049734513528,45.9403076171875,1749300,0.0,0.0
2014-07-25,45.78680855105498,45.80774040577824,45.22162185621424,45.2425537109375,1571700,0.0,0.0
2014-07-28,45.08206397077129,45.96123896492459,45.08206397077129,45.80773162841797,1148300,0.0,0.0
2014-07-29,46.01704848208134,46.01704848208134,45.486757266228345,45.63328552246094,1028500,0.0,0.0
2014-07-30,45.60537386859663,46.58920795098209,45.416976596921124,46.32406234741211,2217100,0.0,0.0
2014-07-31,46.07985923834657,46.21940846753097,45.096019605172415,45.10997772216797,3608000,0.0,0.0
2014-08-01,44.956468133849256,45.36116833114678,44.73318618421296,44.74713897705078,2478100,0.0,0.0
2014-08-04,44.886681813757406,45.5914121226582,44.544779920340574,45.430931091308594,1567200,0.0,0.0
2014-08-05,45.165787522709884,45.35417946431598,44.67037564699294,44.907615661621094,1415200,0.0,0.0
2014-08-06,45.123921621846726,45.13090067896894,44.71224775046973,45.01228332519531,1660000,0.0,0.0
2014-08-07,45.28441889544067,45.28441889544067,44.900650513252884,45.033226013183594,1265100,0.0,0.0
2014-08-08,45.235574816396976,45.444898663221096,44.85180644535986,45.36814498901367,1368900,0.0,0.0
2014-08-11,45.354184317543904,45.730973564535745,45.29138877144244,45.46582794189453,1118600,0.0,0.0
2014-08-12,45.39605069150503,45.62631168770867,45.26348053409857,45.2844123840332,1092700,0.0,0.0
2014-08-13,45.47978952845261,46.12172452222818,45.43094676421886,45.99612808227539,1108500,0.0,0.0
2014-08-14,46.12869665427387,46.12869665427387,45.80075014789374,45.891456604003906,937600,0.0,0.0
2014-08-15,45.96124600781843,46.031020628705704,45.50770298685768,45.828670501708984,2729900,0.0,0.0
2014-08-18,46.135680350550444,46.61712891026268,46.00310485843893,46.60317611694336,1318700,0.0,0.0
2014-08-19,46.62411315340492,46.67993497981331,46.21941289713763,46.61713409423828,801300,0.0,0.0
2014-08-20,46.61016281406327,46.966014998373545,46.26128436582466,46.81250762939453,1069300,0.0,0.0
2014-08-21,46.847387990245956,47.049738087516445,46.700859710869715,46.81947708129883,1196400,0.0,0.0
2014-08-22,46.72877140865372,46.86832063228354,46.191495718409435,46.35198211669922,1063200,0.0,0.0
2014-08-25,46.56131400189683,46.56131400189683,45.933331811869266,46.24034118652344,1063300,0.0,0.0
2014-08-26,46.4496772631122,46.49852003384987,46.16359969835232,46.20546340942383,850800,0.0,0.0
2014-08-27,46.20546020491413,46.50549586819782,46.05893190286336,46.18452835083008,774000,0.0,0.0
2014-08-28,46.156617437563874,46.33105665288085,45.93333545489664,46.18452835083008,1049300,0.0,0.0
2014-08-29,46.35897003078944,46.484566485433405,46.149640831895276,46.37990188598633,2211200,0.0,0.0
2014-09-02,46.49153960207218,46.526429575910555,46.093818388242624,46.26128387451172,1363100,0.0,0.0
2014-09-03,46.43571867667378,46.51247235304213,45.877511089169765,46.42176055908203,1526900,0.0,0.0
2014-09-04,46.35197890785471,46.60317175176819,46.05892236444274,46.33104705810547,1458500,0.0,0.0
2014-09-05,46.219414453548744,46.94508225090717,46.219414453548744,46.931129455566406,1657300,0.0,0.0
2014-09-08,47.042756867410326,47.3846614937031,46.94507135231563,47.203243255615234,2142300,0.0,0.0
2014-09-09,47.02881314583559,47.11254056151609,46.72877748490168,46.854373931884766,1563500,0.0,0.0
2014-09-10,46.700867085197274,46.700867085197274,45.019270488965,45.07509231567383,3964100,0.0,0.0
2014-09-11,44.90064977783143,45.27046003635782,44.85180701394044,45.13788986206055,2421300,0.0,0.0
2014-09-12,45.137888757652874,45.137888757652874,43.49118229610144,43.70748519897461,3324100,0.0,0.0
2014-09-15,43.51909390522444,43.916815096018354,43.205102790984206,43.32372283935547,2141300,0.0,0.0
2014-09-16,43.34465837388323,43.81913328419833,43.33768197596596,43.616783142089844,2374900,0.0,0.0
2014-09-17,43.75631715442925,43.93773536683274,43.42139429506543,43.463260650634766,2353400,0.0,0.0
2014-09-18,44.258104253891304,44.258104253891304,43.14672919089263,43.188934326171875,2269100,0.5,0.0
2014-09-19,43.35776243359429,43.582851189019244,43.132673678169326,43.568782806396484,6185000,0.0,0.0
2014-09-22,43.3858943773696,43.8571730681457,43.3155551553422,43.660221099853516,3196400,0.0,0.0
2014-09-23,43.66725685443831,44.152603928745876,43.53360857532845,43.67428970336914,3133300,0.0,0.0
2014-09-24,43.58284322470759,43.9134434477547,42.78799987629302,42.80910110473633,3373500,0.0,0.0
2014-09-25,42.92867763734674,43.090459980504015,42.68952054675139,42.76689529418945,1922000,0.0,0.0
2014-09-26,42.70358466190139,43.231136778182304,42.513665578048,43.188934326171875,1597900,0.0,0.0
2014-09-29,42.89351930584591,43.294458845003085,42.696567302967246,43.28742599487305,1442300,0.0,0.0
2014-09-30,43.301483377856634,43.49140248235717,42.85130326907622,43.3155517578125,2426200,0.0,0.0
2014-10-01,43.31555850068078,43.730563699271094,43.23818374051326,43.63208770751953,3198000,0.0,0.0
2014-10-02,43.69538229038768,43.97674449081499,43.540635495094584,43.765724182128906,2201500,0.0,0.0
2014-10-03,43.93456184478919,44.18778741813993,43.63209826365026,44.04007339477539,1871600,0.0,0.0
2014-10-06,44.11040120568358,44.65202183423379,44.11040120568358,44.342525482177734,2035400,0.0,0.0
2014-10-07,44.36363821260348,44.51838777037787,44.01897215808622,44.04007339477539,1496800,0.0,0.0
2014-10-08,44.187772200150455,44.877106755052694,44.18073935143286,44.71532440185547,3202600,0.0,0.0
2014-10-09,44.81379662895316,45.4538958226653,44.77862702177324,45.0881233215332,2538400,0.0,0.0
2014-10-10,45.21473919472563,46.15026637365603,45.12329874635995,45.79856491088867,3352100,0.0,0.0
2014-10-13,45.784500578343454,46.403498678403565,45.67195888431203,46.1151008605957,2920300,0.0,0.0
2014-10-14,46.29095003650768,47.41639913761127,46.11509928527762,46.93104934692383,4567500,0.0,0.0
2014-10-15,46.67077568454918,47.40935078663896,46.220598312439954,47.14908981323242,4291500,0.0,0.0
2014-10-16,46.78332891439657,47.06469115090835,45.911105444556206,46.621543884277344,3237200,0.0,0.0
2014-10-17,46.91697481874952,46.91697481874952,45.92517944561402,46.35425567626953,2990500,0.0,0.0
2014-10-20,46.36832525510087,47.268680251659866,46.27688479551066,47.26165008544922,1934300,0.0,0.0
2014-10-21,47.31088555403249,47.500801995816346,46.952148534508744,47.48673629760742,1947500,0.0,0.0
2014-10-22,47.57114121993856,47.79622995705293,47.2897843234497,47.48673629760742,1978300,0.0,0.0
2014-10-23,47.66258872481285,48.04242698833676,47.430464447125075,47.88064193725586,2303500,0.0,0.0
2014-10-24,47.789201428244965,48.035391404375396,47.303851642059975,47.64851760864258,1678700,0.0,0.0
2014-10-27,47.71885681152344,47.93691539016431,47.479702368126404,47.71885681152344,1840300,0.0,0.0
2014-10-28,47.61336514767963,47.71184116805728,47.14208091696872,47.45158004760742,2411000,0.0,0.0
2014-10-29,47.58521649475223,48.08463200670581,47.2475806759392,47.655555725097656,2662900,0.0,0.0
2014-10-30,47.31088347386786,47.824364617268216,47.001384461491604,47.810298919677734,2270100,0.0,0.0
2014-10-31,48.23937900311697,48.93574647012729,47.81030274401491,48.9287109375,3161700,0.0,0.0
2014-11-03,49.01312252630634,49.49143679337775,48.75989701041328,49.45626449584961,2202900,0.0,0.0
2014-11-04,49.315578490433296,49.4492267607367,48.76692507882318,49.17490005493164,1767700,0.0,0.0
2014-11-05,49.280418395996094,49.44923900022992,48.70362808121297,49.280418395996094,2132400,0.0,0.0
2014-11-06,49.280414148950086,49.533639666937894,48.7458317145662,48.87947463989258,1835100,0.0,0.0
2014-11-07,48.872444526140214,49.06939651444503,48.54887441216608,48.73879623413086,2021400,0.0,0.0
2014-11-10,48.527764458813245,49.561767578125,48.527764458813245,49.561767578125,2287500,0.0,0.0
2014-11-11,49.70244916117889,49.70244916117889,49.00607645889922,49.21006393432617,1603600,0.0,0.0
2014-11-12,49.09753236258552,49.245246351055755,48.60514703447899,48.75286102294922,1846400,0.0,0.0
2014-11-13,48.88650060578349,49.414052770594104,48.731751112126275,49.22413635253906,1590800,0.0,0.0
2014-11-14,49.30150215960687,49.364811205395526,48.56293240232418,48.717681884765625,1068200,0.0,0.0
2014-11-17,48.562936597130246,49.20303044206576,48.562936597130246,49.02717971801758,1586300,0.0,0.0
2014-11-18,48.88650813658943,49.498470673994284,48.71065738789666,49.36482238769531,1943000,0.0,0.0
2014-11-19,49.16786527824668,49.34371600859338,48.68251554519748,48.69658660888672,1405100,0.0,0.0
2014-11-20,48.69659202618922,48.94981216884289,48.49260451230964,48.9287109375,1122000,0.0,0.0
2014-11-21,49.181937748055326,49.49143679337775,49.01312252630634,49.45626449584961,1843900,0.0,0.0
2014-11-24,49.37889439852934,49.80094054257427,49.13973992567422,49.280418395996094,1748500,0.0,0.0
2014-11-25,49.37889148879834,49.48440301859213,49.181939495337566,49.26634979248047,1727600,0.0,0.0
2014-11-26,49.37889568296958,50.054167384390716,49.26635397709258,49.969757080078125,1164200,0.0,0.0
2014-11-28,49.85017001234907,50.58873990494756,49.69542050155546,49.829063415527344,1700100,0.0,0.0
2014-12-01,49.892364852849575,50.27220303954696,49.639139395051316,49.688377380371094,1761600,0.0,0.0
2014-12-02,49.77983599246023,50.1174718482947,49.40000303363876,50.00492477416992,2648000,0.0,0.0
2014-12-03,49.969739694400694,50.08931689233489,49.69541300900438,49.920501708984375,1054200,0.0,0.0
2014-12-04,49.920506827478114,50.25110706340131,49.76575732414909,50.14559555053711,1220800,0.0,0.0
2014-12-05,49.80796692197797,49.89941275061908,49.22414648465181,49.44219970703125,2096000,0.0,0.0
2014-12-08,49.64618096005133,50.46212558259403,49.59694296874736,50.34254837036133,1576600,0.0,0.0
2014-12-09,50.166690239068274,51.00374133437408,50.06117873996067,50.80678939819336,1063400,0.0,0.0
2014-12-10,50.75755944319361,51.32731411534798,50.62391116541374,50.97561264038086,1823400,0.0,0.0
2014-12-11,51.27806494341609,51.31323186332223,50.75051284598699,50.84195327758789,1411800,0.0,0.0
2014-12-12,50.70831208784774,50.82789465848007,49.98380796516912,49.99787902832031,1824000,0.0,0.0
2014-12-15,50.011961682015084,50.215949234565905,49.32965978437201,49.48440933227539,1440000,0.0,0.0
2014-12-16,49.75169230095835,49.90643643984569,49.083456288122775,49.505496978759766,1575200,0.0,0.0
2014-12-17,49.68133506275756,51.07407489040129,49.47734761814353,50.83491516113281,2408500,0.0,0.0
2014-12-18,51.05299714005483,51.33435944704744,50.792736066942226,51.32732391357422,1346100,0.0,0.0
2014-12-19,51.545369082745985,52.037754384533,51.172566365123934,51.60164260864258,3722300,0.0,0.0
2014-12-22,51.70013001183656,52.47387238088258,51.44690445592477,52.43870544433594,1937200,0.0,0.0
2014-12-23,52.608640841249326,52.91314658008143,52.013790033933034,52.204994201660156,1737300,0.5,0.0
2014-12-24,52.18375413638787,52.51658664191636,51.78010746863027,51.850921630859375,661500,0.0,0.0
2014-12-26,51.85090978777734,52.32537050939416,51.85090978777734,52.11292266845703,696100,0.0,0.0
2014-12-29,52.056282338030115,52.56615290991758,51.85800053846806,52.219154357910156,1049400,0.0,0.0
2014-12-30,52.12710392089323,52.36787316815574,51.46143886800928,51.61723327636719,1301500,0.0,0.0
2014-12-31,51.730537877064315,52.013794530702214,50.831181253163486,50.8736686706543,1472400,0.0,0.0
2015-01-02,51.185246643453816,52.18374396542546,51.02945227525059,51.9854621887207,1408400,0.0,0.0
2015-01-05,51.86507790874915,52.62988376269569,51.652635440057644,52.445762634277344,1801800,0.0,0.0
2015-01-06,52.62281217463807,53.09727847043031,52.481183831365,52.743202209472656,2043200,0.0,0.0
2015-01-07,52.95565436809086,53.6921337733354,52.799859920453905,53.522178649902344,1719400,0.0,0.0
2015-01-08,53.64962747479866,54.15949806855423,53.11851317343229,54.124088287353516,2122400,0.0,0.0
2015-01-09,54.15242432031399,54.78267963381874,53.79126502065987,54.52774429321289,1909700,0.0,0.0
2015-01-12,54.718944425946056,55.27130794585435,54.64105261704597,55.15800094604492,1803300,0.0,0.0
2015-01-13,55.21463483905264,55.2571222475062,54.37901492190236,54.59145736694336,2067900,0.0,0.0
2015-01-14,54.29403652023322,55.37043106113373,54.29403652023322,55.29253387451172,1460900,0.0,0.0
2015-01-15,55.53332790670959,55.71744910315014,55.08719369514006,55.61122512817383,1387300,0.0,0.0
2015-01-16,55.717431102291236,56.38309608782623,55.391681646307354,56.220218658447266,2204300,0.0,0.0
2015-01-20,56.60970740333533,56.70884831204937,54.839326315192736,55.22172927856445,3457200,0.0,0.0
2015-01-21,54.90307067440167,55.17924975849781,54.36487318110698,55.04470443725586,2149700,0.0,0.0
2015-01-22,55.08010921778521,56.17066488703154,55.02345571224044,56.16358184814453,1805100,0.0,0.0
2015-01-23,56.35478372316913,56.72302068826738,55.93697089070961,56.51057815551758,2128000,0.0,0.0
2015-01-26,56.41851283109649,56.850486322411456,56.13525072818541,56.723018646240234,1792800,0.0,0.0
2015-01-27,56.58137814541903,57.09832637465091,56.510563985592285,56.822147369384766,1373400,0.0,0.0
2015-01-28,57.19746431735262,57.38158544558785,56.35476667433225,56.39017105102539,1641700,0.0,0.0
2015-01-29,56.19190130578972,56.51057318102564,55.68911366559965,56.184818267822266,1768400,0.0,0.0
2015-01-30,55.92281240689906,56.13525494797062,54.91015395974193,54.95972442626953,2333100,0.0,0.0
2015-02-02,55.0376014762203,55.0800888883094,53.784168791855365,54.59854507446289,2397700,0.0,0.0
2015-02-03,54.61979403056649,55.22880554199219,54.117006462347454,55.22880554199219,2193600,0.0,0.0
2015-02-04,56.97085649078209,56.9779395273191,54.98095004301571,55.90155029296875,2702200,0.0,0.0
2015-02-05,55.95821968483664,57.0204486533647,55.92989833345204,56.84341049194336,2177700,0.0,0.0
2015-02-06,56.56722552707062,56.65220578074086,55.06594553165721,55.32088088989258,2992400,0.0,0.0
2015-02-09,55.384587074368014,55.58286884082008,55.087164424689895,55.14381790161133,1346700,0.0,0.0
2015-02-10,55.412938835033636,55.63246440376673,54.67645951081005,55.02345275878906,3666900,0.0,0.0
2015-02-11,55.1296765763079,55.526245689987604,54.733112865403555,55.214656829833984,2092600,0.0,0.0
2015-02-12,55.29254804891889,56.708853037449956,55.2146508423277,56.55305862426758,1950700,0.0,0.0
2015-02-13,56.45390308224818,56.4822298230134,55.48373247143953,55.76699447631836,1885000,0.0,0.0
2015-02-17,55.53331713355021,56.22022591532789,55.504990385533375,55.95112991333008,2024500,0.0,0.0
2015-02-18,55.97237220929911,56.71592906554697,55.64662271949891,56.64511489868164,1674700,0.0,0.0
2015-02-19,56.50349698547638,56.517657660351155,54.77560290087156,54.938480377197266,1671200,0.0,0.0
2015-02-20,55.03051732691805,55.7599133678212,54.73309464276264,55.69618225097656,1835800,0.0,0.0
2015-02-23,55.951123549121874,56.6309492158743,55.738675664548055,56.616783142089844,2038800,0.0,0.0
2015-02-24,56.40434254877787,56.40434254877787,55.05176880410526,55.22172927856445,2011300,0.0,0.0
2015-02-25,55.24298373029753,56.085681618246575,55.016375123057614,55.02345275878906,2130900,0.0,0.0
2015-02-26,55.12968348358235,55.207580708380604,54.3861264324754,54.41444778442383,1994800,0.0,0.0
2015-02-27,54.563158234080575,54.76851772702513,54.1949158683843,54.54899215698242,2717800,0.0,0.0
2015-03-02,54.726032434646456,55.4058582869232,54.58440407479632,54.938480377197266,1735800,0.0,0.0
2015-03-03,54.789765499937396,54.959720601522285,54.37195268018776,54.71186828613281,1583500,0.0,0.0
2015-03-04,54.73311972299197,54.84642133911378,54.1949221887793,54.41444778442383,1139700,0.0,0.0
2015-03-05,55.03053247890572,55.49083270413587,54.74727038624293,54.761436462402344,1670400,0.0,0.0
2015-03-06,53.7983478990977,54.024956489766865,52.983971419176484,53.13268280029297,1905000,0.0,0.0
2015-03-09,53.51508823495177,53.982471513445994,53.401786635870735,53.68504333496094,1017300,0.0,0.0
2015-03-10,53.663783641867575,54.237385310315894,53.458418814241654,53.7841682434082,1547700,0.0,0.0
2015-03-11,53.720457124382136,53.961226417094316,53.57174572545244,53.64964294433594,1033200,0.0,0.0
2015-03-12,54.0178871117463,54.75436656835474,53.85501501624017,54.619815826416016,2554500,0.0,0.0
2015-03-13,54.78268294607891,55.03053526366048,54.2728122340395,54.541908264160156,1503400,0.0,0.0
2015-03-16,54.78267080728354,55.922796618303934,54.70477361005054,55.873226165771484,1480300,0.0,0.0
2015-03-17,55.70328021002646,55.88031834127708,55.22173627691378,55.67495346069336,1649200,0.0,0.0
2015-03-18,55.71034263853052,57.17621774904798,55.327939731077244,56.94253158569336,1926100,0.0,0.0
2015-03-19,56.77282550413321,57.478740777059585,56.64447677813578,56.851261138916016,1574800,0.552,0.0
2015-03-20,56.83701155813696,58.44850031756121,56.78709845426684,58.27737045288086,3097600,0.0,0.0
2015-03-23,58.384317460876225,58.847799345462924,58.04205776526619,58.0848388671875,1295900,0.0,0.0
2015-03-24,57.94935726013159,58.32014493831964,57.61422956654582,57.6356201171875,2217600,0.0,0.0
2015-03-25,57.585704670559664,57.892315244199,56.066910355502756,56.19525909423828,2605800,0.0,0.0
2015-03-26,56.33787596905767,56.56605091690869,55.81734897920886,55.974220275878906,2742800,0.0,0.0
2015-03-27,55.93856430053711,56.47334983090599,55.62482715533545,55.93856430053711,1861400,0.0,0.0
2015-03-30,56.17386991974341,56.48048050088932,55.83161023481565,56.259437561035156,4373000,0.0,0.0
2015-03-31,56.230919267702554,56.34500402460224,55.51073985934572,55.51787185668945,3194300,0.0,0.0
2015-04-01,55.574912740741475,55.75317457997647,55.0829083236146,55.303951263427734,1849600,0.0,0.0
2015-04-02,55.38952338968716,56.08118025234272,55.268306634820945,55.838741302490234,1461700,0.0,0.0
2015-04-06,56.05264614959887,56.49473741401957,55.90290687619483,56.387779235839844,1045800,0.0,0.0
2015-04-07,56.309362907198704,56.44484367535137,55.40378952026367,55.40378952026367,1632400,0.0,0.0
2015-04-08,55.47508750081382,55.92430538497487,55.41804240564806,55.646217346191406,2342000,0.0,0.0
2015-04-09,55.51788591344663,55.53214447162426,53.9848325035856,54.09892272949219,1453800,0.0,0.0
2015-04-10,54.234379989173796,54.655080756777856,53.756639567756636,53.9206428527832,1331300,0.0,0.0
2015-04-13,53.74951862750053,54.163087483406066,53.70673751831055,53.70673751831055,1185800,0.0,0.0
2015-04-14,54.24863893935728,54.31994258008442,53.842202203081584,54.26289749145508,1394500,0.0,0.0
2015-04-15,54.24151393663967,54.319949583588006,53.59977020711683,53.6995964050293,1247900,0.0,0.0
2015-04-16,53.706718803271116,54.24863623802676,53.357327173022846,54.027587890625,1010000,0.0,0.0
2015-04-17,53.84934484235763,54.06326126854896,53.450039982929226,53.70673751831055,1303300,0.0,0.0
2015-04-20,53.763777375962086,53.984820338694725,53.485689313130635,53.671077728271484,1112300,0.0,0.0
2015-04-21,53.85645807337752,54.355594413850994,53.75663189330658,54.027587890625,1668300,0.0,0.0
2015-04-22,54.191599761462605,54.77629838338939,54.09177356553264,54.3698616027832,2104100,0.0,0.0
2015-04-23,54.23439352464758,54.69787550831423,54.2130029691142,54.5410041809082,946300,0.0,0.0
2015-04-24,54.54101089837654,55.06153805432284,54.419794108677266,54.583797454833984,835500,0.0,0.0
2015-04-27,54.68362045288086,55.104315912298155,54.51248511741367,54.68362045288086,1397000,0.0,0.0
2015-04-28,54.49107958110769,54.76204106771709,54.05612024324292,54.569515228271484,1754000,0.0,0.0
2015-04-29,54.02048465349102,54.583792878545566,53.30743709369354,53.778045654296875,1894700,0.0,0.0
2015-04-30,53.44290283571831,53.849339654227,52.28776947791474,52.66568374633789,2344800,0.0,0.0
2015-05-01,52.85106449937922,53.81367720561158,52.66567068984477,53.31454086303711,1602100,0.0,0.0
2015-05-04,53.578377499647175,54.155944112911044,53.4571607556495,53.621158599853516,1267000,0.0,0.0
2015-05-05,53.45003820141615,53.45003820141615,51.95977158634873,52.073856353759766,1525300,0.0,0.0
2015-05-06,52.13089368296369,52.223587882668696,51.35366922039809,51.66741180419922,2342200,0.0,0.0
2015-05-07,51.80289440321188,53.12203099768064,51.80289440321188,52.893856048583984,1491800,0.0,0.0
2015-05-08,53.84222123624875,54.0418736769093,53.286045025802636,53.36447525024414,1512800,0.0,0.0
2015-05-11,53.22185576927025,53.51420780501643,52.24497890460879,52.316287994384766,1476800,0.0,0.0
2015-05-12,51.988296988266896,53.043604265183866,51.82429366597964,52.630035400390625,1444700,0.0,0.0
2015-05-13,52.82254942148531,53.45002913612479,52.202196263517486,52.337677001953125,1565800,0.0,0.0
2015-05-14,52.57298151940986,53.46429067317626,52.43036879073562,53.435768127441406,986100,0.0,0.0
2015-05-15,53.61403507331586,53.792296921076456,53.49281288234756,53.606903076171875,1973900,0.0,0.0
2015-05-18,53.40011296176191,53.671068982900344,53.25037367849178,53.335941314697266,1125400,0.0,0.0
2015-05-19,53.17195271766198,53.67108379968912,52.85108351351893,53.20760726928711,1066000,0.0,0.0
2015-05-20,53.122041698048044,53.72813101865929,53.022215477717765,53.36447525024414,1392900,0.0,0.0
2015-05-21,53.421506880515,53.514206518948086,52.936634458337636,53.150550842285156,976700,0.0,0.0
2015-05-22,52.99369083977789,53.55699902670611,52.736993300415136,53.20760726928711,921500,0.0,0.0
2015-05-26,53.057872699841724,53.14343492721706,52.52308701826078,52.72986602783203,997900,0.0,0.0
2015-05-27,52.86533624179284,53.67107788255395,52.5943801757249,53.53560256958008,1615300,0.0,0.0
2015-05-28,53.49282927107451,53.74240028649692,53.10778834925119,53.4001350402832,1158700,0.0,0.0
2015-05-29,53.49280231632859,53.59976049188231,52.89384523741787,52.99367141723633,2989400,0.0,0.0
2015-06-01,53.2218570590437,53.67820695604635,52.71559406206012,53.49281311035156,1311200,0.0,0.0
2015-06-02,53.25751218227314,53.32881583443048,52.38046148439001,52.61576843261719,1140000,0.0,0.0
2015-06-03,52.615769023835306,52.886725081125775,51.06845745014285,51.27524185180664,2297400,0.0,0.0
2015-06-04,51.1397657483755,51.517680039491594,50.96863587770643,51.260982513427734,1451800,0.0,0.0
2015-06-05,50.768969398827224,51.638888040613594,50.41957771880665,50.97575378417969,2034000,0.0,0.0
2015-06-08,51.011420199593715,51.11837841554655,50.59071933421145,50.726200103759766,2785300,0.0,0.0
2015-06-09,50.61209901151388,50.833141930460734,50.248443370569774,50.44096374511719,1432900,0.0,0.0
2015-06-10,50.19853995510252,50.861674279900264,49.94897444364533,50.54793167114258,1895500,0.0,0.0
2015-06-11,50.868796264720295,51.382191236494975,50.85453771111307,51.04705810546875,1716200,0.0,0.0
2015-06-12,51.0684601618388,51.310893682794884,50.85454375148436,51.01854705810547,1133000,0.0,0.0
2015-06-15,50.918712590136735,51.08271043003231,50.59070603010676,50.99714279174805,1660900,0.0,0.0
2015-06-16,51.06132840507347,51.90272461492014,50.804630887484976,51.80289840698242,2016100,0.0,0.0
2015-06-17,51.9098494286683,52.594374234130264,51.353667924118355,52.53019714355469,1881400,0.0,0.0
2015-06-18,52.423231794281435,53.84219974862602,52.423231794281435,53.31454086303711,2738300,0.0,0.0
2015-06-19,53.30742651759166,53.492814929471024,52.8011635033917,52.81542205810547,2473600,0.0,0.0
2015-06-22,52.95090101380208,53.05072721377535,51.974024125355164,52.0239372253418,1878800,0.0,0.0
2015-06-23,51.974030110524225,52.05246576812419,51.04706621531764,51.20393753051758,2151100,0.0,0.0
2015-06-24,51.26357223657768,51.551005768526764,51.14860211320122,51.27075958251953,1751900,0.553,0.0
2015-06-25,51.285125140575616,51.493514277066346,50.7533712823561,50.76774597167969,1441600,0.0,0.0
2015-06-26,50.65997070290944,51.4360396549707,50.43002495589192,51.1629753112793,1803600,0.0,0.0
2015-06-29,51.20608375951267,51.59411815863947,50.33660140460072,50.38690185546875,1969800,0.0,0.0
2015-06-30,51.105499395609264,51.105499395609264,50.25757331920205,50.42284393310547,1812400,0.0,0.0
2015-07-01,50.65996686048282,51.48633621070311,50.32942021686244,51.479148864746094,1936900,0.0,0.0
2015-07-02,51.85999384006173,52.47797399091163,51.630048119908636,52.16179656982422,2760000,0.0,0.0
2015-07-06,51.903111489241596,52.42048523843778,51.903111489241596,52.41330337524414,1836700,0.0,0.0
2015-07-07,52.75822815083805,53.483996667114305,52.542657089383795,53.23249435424805,2378400,0.0,0.0
2015-07-08,53.2612382589098,53.476809320364055,53.1462626402628,53.23249435424805,1815500,0.0,0.0
2015-07-09,53.41931384097634,53.792979065588156,53.19655546475598,53.31153106689453,1714200,0.0,0.0
2015-07-10,53.48398618204536,54.087591614592796,53.41212917564756,53.663631439208984,1458900,0.0,0.0
2015-07-13,53.86484065061123,54.41096384247581,53.16781607987728,53.48399353027344,1702900,0.0,0.0
2015-07-14,53.5702262259677,54.08041817792542,53.383393594352235,53.75705337524414,1185000,0.0,0.0
2015-07-15,53.73550721385133,54.00857160880987,53.41214783095209,53.72113800048828,1539400,0.0,0.0
2015-07-16,53.87204021474744,54.26007476941751,53.706764105737165,53.94389724731445,1219700,0.0,0.0
2015-07-17,53.8935880214938,54.152277682584106,53.383396046104366,53.6995735168457,1162500,0.0,0.0
2015-07-20,53.541490080828474,54.15947038989432,53.469633052822175,54.09479522705078,1080200,0.0,0.0
2015-07-21,54.05165908436518,54.55466354850322,53.68518127058604,53.728294372558594,1086000,0.0,0.0
2015-07-22,53.8432816371358,54.40377401374404,53.83609429113505,54.145084381103516,850900,0.0,0.0
2015-07-23,54.07323027576787,54.20257509904333,53.34027993209956,53.555850982666016,1451100,0.0,0.0
2015-07-24,53.4983511371247,53.713927621517385,53.31152403181128,53.59177017211914,2369900,0.0,0.0
2015-07-27,53.706759558877,54.23132626865224,53.706759558877,53.92952346801758,1499700,0.0,0.0
2015-07-28,54.130725991601416,55.33794269112082,53.598971928026835,53.81454849243164,1231500,0.0,0.0
2015-07-29,53.74987894413566,53.90078034665264,52.51391833417969,53.49837112426758,2176600,0.0,0.0
2015-07-30,53.297156816968865,53.93669353273165,53.210930596989115,53.38338851928711,2296800,0.0,0.0
2015-07-31,53.85047243222139,54.604979340466315,53.6780090111891,53.75705337524414,1642100,0.0,0.0
2015-08-03,53.89358267068624,54.43970584347071,53.8145383108488,54.267242431640625,924400,0.0,0.0
2015-08-04,54.116347081071446,54.576238599125766,53.49836682574733,53.584598541259766,1312700,0.0,0.0
2015-08-05,53.71393558322983,53.97262520991006,53.210931021539686,53.5342903137207,1383200,0.0,0.0
2015-08-06,53.40493514308949,53.749856405882355,52.722285444282505,53.728294372558594,1523000,0.0,0.0
2015-08-07,53.685193092731886,54.037296295166016,53.167813825778005,54.037296295166016,911200,0.0,0.0
2015-08-10,54.181026950062225,54.39659803408112,53.83610554035624,54.09479522705078,1139000,0.0,0.0
2015-08-11,54.051674713526786,55.05768941503174,53.907955194832326,54.87804412841797,1527400,0.0,0.0
2015-08-12,55.244517983553855,55.244517983553855,54.39659198968314,55.22296142578125,2119200,0.0,0.0
2015-08-13,55.00737411000908,55.70439302881105,54.62652159999836,55.18701934814453,1109500,0.0,0.0
2015-08-14,55.10080402952044,55.445725401438125,54.626537828426024,55.43135070800781,979700,0.0,0.0
2015-08-17,55.42416008206114,55.74752487704035,55.07205686660009,55.71159362792969,1509600,0.0,0.0
2015-08-18,55.69722453604502,56.049327752254285,55.51039190848261,55.840938568115234,1491700,0.0,0.0
2015-08-19,55.51038629508547,55.668475003779584,54.662460434002924,54.949893951416016,2092700,0.0,0.0
2015-08-20,54.755866248821384,55.09360017281463,54.331906119442685,54.58340835571289,1664100,0.0,0.0
2015-08-21,54.446889771472,54.504377577594916,53.45524978637695,53.45524978637695,2577700,0.0,0.0
2015-08-24,50.30067951597267,58.909283936792576,44.48017341130649,50.674339294433594,2629200,0.0,0.0
2015-08-25,51.730656686976225,52.025277597024306,49.48868695421289,49.54616928100586,2883000,0.0,0.0
2015-08-26,50.3581671746654,51.36418185849714,49.474309967823636,51.2276496887207,2766400,0.0,0.0
2015-08-27,51.658802463858954,52.87320645642062,51.32825576695982,52.542659759521484,1961600,0.0,0.0
2015-08-28,52.54264818312776,52.79415045336305,52.01808160606131,52.41330337524414,1642900,0.0,0.0
2015-08-31,52.2264771886946,52.27677764892579,51.13423627410084,51.19890594482422,3306400,0.0,0.0
2015-09-01,50.336608219388225,50.803681548252364,49.53898276025348,49.92701721191406,1872600,0.0,0.0
2015-09-02,50.57374412086044,50.81087723842908,49.998882436186314,50.4156608581543,1197900,0.0,0.0
2015-09-03,50.65278520517908,50.96177532798095,50.45158335448748,50.616859436035156,1380800,0.0,0.0
2015-09-04,50.15696638685198,50.2503799625682,49.18687744995224,49.69707489013672,1346200,0.0,0.0
2015-09-08,50.264746510702984,50.638411758452335,49.804855038349004,50.4659538269043,1742900,0.0,0.0
2015-09-09,51.17016086820517,51.45040706625861,49.73299862902287,49.826412200927734,1503100,0.0,0.0
2015-09-10,49.57491759522459,50.48751882877091,49.57491759522459,49.95576477050781,1263300,0.0,0.0
2015-09-11,49.94856814725384,50.95458266994903,49.653947298050625,50.94739532470703,2066600,0.0,0.0
2015-09-14,51.10548743682434,51.10548743682434,50.5090638357082,50.71745300292969,887300,0.0,0.0
2015-09-15,50.98333758675068,51.65161836975264,50.43721978304791,51.60850524902344,1258200,0.0,0.0
2015-09-16,51.61568530795064,52.161803034536234,51.421665327387025,51.99653244018555,1449800,0.0,0.0
2015-09-17,52.063866712408455,53.57002715462512,51.68732383957493,52.57798767089844,1439200,0.553,0.0
2015-09-18,51.759740496374015,53.17900517490029,51.709052669446606,52.2159309387207,2933300,0.0,0.0
2015-09-21,52.2955846494456,53.12831797992292,52.208688863154094,52.961769104003906,1366000,0.0,0.0
2015-09-22,52.60696733316203,52.83144126428084,52.28835489578549,52.5128288269043,1536000,0.0,0.0
2015-09-23,52.527305169399845,53.02694631014898,52.215935484152595,52.7590217590332,1430500,0.0,0.0
2015-09-24,52.56349601853117,52.976246800025095,51.933519614267915,52.33177947998047,1864900,0.0,0.0
2015-09-25,52.491102408252736,53.077639399932785,52.049391752291136,52.76626968383789,1644900,0.0,0.0
2015-09-28,52.52731315130204,52.62144613107752,51.32527936178684,51.6511344909668,1800800,0.0,0.0
2015-09-29,51.74525617119561,53.41072284671366,51.6656030808716,53.25865936279297,2044800,0.0,0.0
2015-09-30,53.591743670608345,54.55481225973725,53.41795212219695,54.395511627197266,2850100,0.0,0.0
2015-10-01,54.68516388685999,54.735851717284355,53.85967320591504,54.50413513183594,1378300,0.0,0.0
2015-10-02,54.3520748955204,55.09791252695567,54.033468024298045,55.090675354003906,1156100,0.0,0.0
2015-10-05,55.22824612143613,55.4310029528958,54.61274950418444,55.33686447143555,1522300,0.0,0.0
2015-10-06,55.307913824261036,55.60480369107184,54.6779371720063,54.793792724609375,1620500,0.0,0.0
2015-10-07,54.94585192257556,55.57583404983212,54.67793287069203,55.55411148071289,1652400,0.0,0.0
2015-10-08,55.691689014819964,56.08994896233471,55.076186826240395,56.01029586791992,1228500,0.0,0.0
2015-10-09,55.86547119436639,56.17684085330682,55.619269231117336,56.11166763305664,1071300,0.0,0.0
2015-10-12,56.26374546549551,56.763386691475375,56.08995937476521,56.57511520385742,873400,0.0,0.0
2015-10-13,56.365109339228724,56.6040686167806,55.61927176798413,55.901676177978516,1057600,0.0,0.0
2015-10-14,56.060985006313516,56.11891553534101,55.17756377460188,55.315147399902344,1238700,0.0,0.0
2015-10-15,55.42376578800413,56.669244539912434,55.42376578800413,56.64752197265625,1613400,0.0,0.0
2015-10-16,56.879237088308074,57.3571501292203,56.770618730286465,57.016815185546875,1731200,0.0,0.0
2015-10-19,56.98062012445154,58.05955009811515,56.835793786824276,58.02334213256836,1479700,0.0,0.0
2015-10-20,58.00161422504648,58.63159630548666,57.23405404222189,57.56714630126953,1831000,0.0,0.0
2015-10-21,57.86403497180628,58.11023143137818,57.42232435945972,57.53093719482422,1218500,0.0,0.0
2015-10-22,57.827823716019985,58.02333233309778,57.23404964342953,57.72644805908203,1919000,0.0,0.0
2015-10-23,57.66852365086981,57.92920551766406,57.00233911331097,57.54542541503906,1525300,0.0,0.0
2015-10-26,58.89228298986017,59.24709784548364,57.67576938887701,58.60987854003906,2054800,0.0,0.0
2015-10-27,58.36367166303516,58.83434754833371,57.46577055194337,57.668521881103516,2584400,0.0,0.0
2015-10-28,57.704724264236056,57.97264326991204,55.96684721514929,57.139915466308594,2066100,0.0,0.0
2015-10-29,56.84303738657207,57.110961972012795,56.24926320428072,56.58235549926758,3008100,0.0,0.0
2015-10-30,56.45926240550447,56.763389460257144,55.77859235714902,55.98858642578125,2660800,0.0,0.0
2015-11-02,55.87271684196686,58.008853912353516,55.82202348767327,58.008853912353516,2417300,0.0,0.0
2015-11-03,57.683011454205136,57.835074962090346,56.92993108808808,57.538185119628906,2058300,0.0,0.0
2015-11-04,57.61781950261264,57.784368352124034,57.038525401638566,57.30644989013672,1501900,0.0,0.0
2015-11-05,57.18335831709508,57.35714435770708,56.69095993156224,57.32094192504883,1180600,0.0,0.0
2015-11-06,56.45925885736603,56.6837327849251,55.119646941233334,55.68445587158203,1432900,0.0,0.0
2015-11-09,55.12687869403144,55.517901497642605,54.57655521448351,55.17756652832031,1716100,0.0,0.0
2015-11-10,55.2861877484216,56.54614649761294,55.2861877484216,56.16960906982422,1754100,0.0,0.0
2015-11-11,56.22753455492625,57.11819296978236,56.16236132786688,56.76337814331055,1416500,0.0,0.0
2015-11-12,56.55339151611796,56.95165705425912,56.22029921356359,56.26374435424805,1309000,0.0,0.0
2015-11-13,56.524427970689096,56.618566477788804,55.952376327810356,55.966861724853516,1244200,0.0,0.0
2015-11-16,56.04651692545401,56.69097900390625,55.80755758637113,56.69097900390625,1351700,0.0,0.0
2015-11-17,56.9009646918997,57.422328436907435,56.57510958899003,56.95165252685547,949100,0.0,0.0
2015-11-18,57.1109543670019,57.183364765041944,56.14788005184746,57.009578704833984,1458100,0.0,0.0
2015-11-19,57.18336550536621,57.798862183514004,57.031302010145644,57.29922103881836,1153700,0.0,0.0
2015-11-20,57.61783404881348,57.914723869768956,57.46577055194337,57.668521881103516,1633100,0.0,0.0
2015-11-23,57.87850959517408,58.276775037273396,57.42231915431749,57.77713394165039,1448700,0.0,0.0
2015-11-24,57.313710941748795,57.610595258277826,56.589595845894884,57.291988372802734,1448500,0.0,0.0
2015-11-25,57.393355749109915,58.1174707403064,57.23404956711726,57.827823638916016,1151800,0.0,0.0
2015-11-27,57.69749828478118,58.689538079187756,57.56715733022091,58.3998908996582,599700,0.0,0.0
2015-11-30,58.472289667618575,59.08778634868164,57.51645803273399,57.79886245727539,3296900,0.0,0.0
2015-12-01,58.14644426747158,58.76918369037754,57.92920752941239,58.74745559692383,1460100,0.0,0.0
2015-12-02,58.53022952716424,59.00814265851067,57.769906401698265,57.87852478027344,1765100,0.0,0.0
2015-12-03,57.84230582298871,57.90023635049717,56.09719149713016,56.21304702758789,1978300,0.0,0.0
2015-12-04,56.596841220856945,57.89300244213349,56.58235582450122,57.683013916015625,1646100,0.0,0.0
2015-12-07,57.74093092791921,57.92920238253905,57.0892262962038,57.28474044799805,1204700,0.0,0.0
2015-12-08,57.27750210520547,57.69749018030166,56.86475672783429,56.95165252685547,1430000,0.0,0.0
2015-12-09,56.56787459162373,56.97337728686694,55.89444731584631,56.16960906982422,1316400,0.0,0.0
2015-12-10,56.15512610028347,56.480975673189576,55.74238072980793,55.9089241027832,2031400,0.0,0.0
2015-12-11,55.62651446513422,56.69820710337906,55.510658937100736,56.155120849609375,2013500,0.0,0.0
2015-12-14,55.966856103537616,56.68372849748357,55.75686206398583,56.618560791015625,1639400,0.0,0.0
2015-12-15,57.03855160126395,57.885770579890874,56.90097347062102,57.43681716918945,1233000,0.0,0.0
2015-12-16,57.69023641332091,58.718478310593476,57.50197050507119,58.53021240234375,1704100,0.0,0.0
2015-12-17,58.44332272225437,58.57366364710659,58.01609751135824,58.34918975830078,2873900,0.0,0.0
2015-12-18,57.87851883321942,58.47229298058476,57.84955356693822,57.85679626464844,3463600,0.0,0.0
2015-12-21,58.41435439995299,58.60262584256172,57.69748211307977,57.98712921142578,1594900,0.0,0.0
2015-12-22,58.43608734838234,58.841595567940495,57.77714546901013,57.950931549072266,1858400,0.0,0.0
2015-12-23,58.07707565648712,58.98851750431962,58.055201942219064,58.886436462402344,1065600,0.553,0.0
2015-12-24,58.90830686231296,59.19996934980947,58.43435601550604,58.96664047241211,505600,0.0,0.0
2015-12-28,58.81350843847096,59.272873019401636,58.58017403965103,59.19995880126953,782000,0.0,0.0
2015-12-29,59.58639990340538,59.79056190764459,59.17078280534775,59.7686882019043,1000000,0.0,0.0
2015-12-30,59.768698896486974,59.97286093725747,59.425995943908624,59.710365295410156,1068400,0.0,0.0
2015-12-31,59.61559087532756,60.07495557115727,59.462469310051,59.49163055419922,1577200,0.0,0.0
2016-01-04,58.90831124416362,58.966644858601875,57.75624739250658,58.25936508178711,1727900,0.0,0.0
2016-01-05,58.4416390153568,59.615576291631086,58.332264906058285,59.425994873046875,1379100,0.0,0.0
2016-01-06,58.88643670263854,59.42600872111677,58.55831429828047,58.86456298828125,1407100,0.0,0.0
2016-01-07,58.01144090055621,59.024963649661544,58.01144090055621,58.68226623535156,1675600,0.0,0.0
2016-01-08,59.10517639408023,59.156216912643366,57.377086292014525,57.47187423706055,1481200,0.0,0.0
2016-01-11,57.712495083102056,58.441648512925205,57.471873116140614,58.17185974121094,1786200,0.0,0.0
2016-01-12,58.95934827975791,59.03226251199445,57.96769914494284,58.28852844238281,2004100,0.0,0.0
2016-01-13,58.39790118416079,59.11247406236278,57.661460154023715,57.727081298828125,1561000,0.0,0.0
2016-01-14,57.843747132859676,58.281238109994334,57.23125531447148,57.289588928222656,2233600,0.0,0.0
2016-01-15,56.24689982271701,57.46458481696129,55.88232307739839,57.29688262939453,2136000,0.0,0.0
2016-01-19,57.362493782809764,58.12810703983619,57.10729121813385,57.7343635559082,1647400,0.0,0.0
2016-01-20,57.18751343490347,57.36250873013825,54.985472150615394,55.707332611083984,2210600,0.0,0.0
2016-01-21,55.9843978310085,56.45105556754577,55.44482586619961,55.736488342285156,1654200,0.0,0.0
2016-01-22,56.414601039817086,56.91042557854816,55.9771045457022,56.669803619384766,1927000,0.0,0.0
2016-01-25,56.589611765910725,57.74896332837482,56.254201774952556,57.01980972290039,1843100,0.0,0.0
2016-01-26,57.129169749962855,58.259359784185776,56.94688139366878,58.14269256591797,1744300,0.0,0.0
2016-01-27,58.07706650051991,58.07706650051991,56.589592971800535,57.070831298828125,1638300,0.0,0.0
2016-01-28,56.96146379827803,57.151039670886846,55.17503468731931,55.262535095214844,2731900,0.0,0.0
2016-01-29,55.87502405740937,56.31252055578008,54.63546548002317,56.21043395996094,3139600,0.0,0.0
2016-02-01,55.554197336954736,56.728134713959996,55.26253487479838,55.947940826416016,2142600,0.0,0.0
2016-02-02,56.14480485148768,56.305219469714515,54.5333767044788,55.12398910522461,2787600,0.0,0.0
2016-02-03,55.26982385685141,55.35731869489392,53.51985477702265,55.18232345581055,3099900,0.0,0.0
2016-02-04,54.883376323376595,56.09377368951126,54.30735000811886,55.61252975463867,2278200,0.0,0.0
2016-02-05,55.37190873077785,55.525030271008745,53.45423180622207,53.65839385986328,2222800,0.0,0.0
2016-02-08,53.43235184375838,53.65838758198723,51.70426211833485,52.666744232177734,2786900,0.0,0.0
2016-02-09,52.46257953626901,52.81986867106663,51.91571454223008,52.01779556274414,2110500,0.0,0.0
2016-02-10,52.39696749321889,53.19174208546897,52.068850665097166,52.33134078979492,1222400,0.0,0.0
2016-02-11,51.55844177086009,51.8646848965539,50.94595551947249,51.56573486328125,2265600,0.0,0.0
2016-02-12,52.25843008749725,52.25843008749725,51.507402871461736,51.981353759765625,1907700,0.0,0.0
2016-02-16,52.52092447947481,52.72508656459237,51.87927141724826,52.63029861450195,1524600,0.0,0.0
2016-02-17,52.73965506446511,53.14068600775509,52.57194737192723,52.819862365722656,2213000,0.0,0.0
2016-02-18,52.732389821982856,53.36675547702369,52.41885354139956,53.20634078979492,1838800,0.0,0.0
2016-02-19,53.19175544397385,53.7677874831398,52.85634543945964,53.31571578979492,1482500,0.0,0.0
2016-02-22,53.72402261222327,54.40942858682269,53.68756271710669,54.103179931640625,1718700,0.0,0.0
2016-02-23,54.58443052583858,54.85421931892581,53.600074430195406,53.818817138671875,1660500,0.0,0.0
2016-02-24,53.59275436236632,54.00107832973013,52.61569185103241,53.3958854675293,1875900,0.0,0.0
2016-02-25,53.86256149608365,54.35838601067771,53.643813259674985,54.32192611694336,2096400,0.0,0.0
2016-02-26,54.3146454424167,54.613601062985914,53.62195180709779,54.3583984375,3067300,0.0,0.0
2016-02-29,54.43859653868068,54.98546159897174,54.16880777292409,54.31463623046875,3181500,0.0,0.0
2016-03-01,54.86195696588171,56.09544787022317,54.42083866073319,56.05460739135742,3162900,8.0,0.0
2016-03-02,56.013769787538465,57.4678231970379,56.013769787538465,57.19824981689453,2643300,0.0,0.0
2016-03-03,57.20639299756804,57.9987715782752,57.01034255700405,57.974266052246094,2169400,0.0,0.0
2016-03-04,57.97429395609749,58.42357669164993,57.5576811160876,58.38273620605469,2064500,0.0,0.0
2016-03-07,57.990619897789706,58.67680601196523,57.721052791256305,58.53793716430664,1208800,0.0,0.0
2016-03-08,58.578758546178214,58.75847404683318,57.86806712967845,57.974266052246094,2019900,0.0,0.0
2016-03-09,57.99879763595207,58.905539900396626,57.859928771175426,58.55427932739258,1654100,0.0,0.0
2016-03-10,59.13426357724945,59.40383693576716,57.75372689181051,58.04780578613281,2870200,0.0,0.0
2016-03-11,58.791155012667744,59.61620977363904,57.82723143784602,59.55085754394531,2515200,0.0,0.0
2016-03-14,59.39565485194253,59.795926401400706,58.97087777142216,59.29762649536133,1331800,0.0,0.0
2016-03-15,59.23227882273787,59.55086318224393,58.87284775772294,59.37931823730469,1272700,0.0,0.0
2016-03-16,59.23228152844736,60.122682411757424,58.93003209793886,59.926631927490234,1433100,0.0,0.0
2016-03-17,60.03283499973129,60.90690109030623,59.7632678744763,60.81704330444336,1699900,0.0,0.0
2016-03-18,61.02125959956942,61.584911806015434,60.620988005595564,60.661834716796875,3298400,0.0,0.0
2016-03-21,60.58014145114038,60.719010283564714,59.48551327052312,59.648887634277344,2051200,0.0,0.0
2016-03-22,59.61106001160916,60.38427018136033,59.47122599918793,59.83314895629883,1785100,0.504,0.0
2016-03-23,59.89895646136342,59.989438771138,59.49590289323524,59.66864013671875,1698200,0.0,0.0
2016-03-24,59.380733870713236,59.67685659842656,59.03525317128235,59.627498626708984,1764900,0.0,0.0
2016-03-28,59.685079019692566,60.762639187719714,59.685079019692566,60.622798919677734,1414400,0.0,0.0
2016-03-29,60.57344273879248,61.87309172349945,60.57344273879248,61.864864349365234,1696000,0.0,0.0
2016-03-30,61.54408025096272,61.938912718756704,61.27263332158243,61.568756103515625,1554000,0.0,0.0
2016-03-31,61.65924449103215,61.91423669341218,61.27263936119803,61.71682357788086,2229400,0.0,0.0
2016-04-01,61.453588741133025,62.04583421633608,61.23972092494343,61.831966400146484,1428800,0.0,0.0
2016-04-04,61.90598797931374,62.09517363358138,61.042295786179054,61.42067337036133,1730000,0.0,0.0
2016-04-05,61.10811968567583,61.544076455623404,60.79554844653293,60.886024475097656,1665300,0.0,0.0
2016-04-06,60.77910187698136,61.396023338400695,60.663943706235045,61.35489273071289,1095700,0.0,0.0
2016-04-07,61.141021013660186,61.33020671612364,60.56522397966814,60.78731918334961,1113200,0.0,0.0
2016-04-08,61.05055113493193,61.45360474778642,60.68862185567083,60.79555892944336,1282300,0.0,0.0
2016-04-11,60.31846545188283,60.31846545188283,59.388966491260696,59.45477294921875,2485200,0.0,0.0
2016-04-12,59.520576477050774,59.6439620107357,59.1257440243888,59.52057647705078,2314300,0.0,0.0
2016-04-13,59.83315967004243,59.84138704743719,57.90836755258128,58.039974212646484,3062800,0.0,0.0
2016-04-14,57.826105734193,57.933036525017684,56.74854534693129,57.06112289428711,2704200,0.0,0.0
2016-04-15,57.044655531888985,58.632199944399346,56.79789077476728,58.3114013671875,2112000,0.0,0.0
2016-04-18,58.31141352511191,58.623984792896366,57.883684091530576,58.60753631591797,2088900,0.0,0.0
2016-04-19,58.821385787832405,59.183308649094265,58.54993893515046,59.018798828125,1789900,0.0,0.0
2016-04-20,59.0763927052176,59.22445409147224,57.51352391156284,57.694488525390625,1198200,0.0,0.0
2016-04-21,57.69449781608283,58.45948072231079,57.23386510717997,57.431278228759766,1636000,0.0,0.0
2016-04-22,57.57932907112288,58.3031812344977,57.52997736869811,58.122222900390625,1821800,0.0,0.0
2016-04-25,57.96592485351958,58.69800427520808,57.71093273098588,58.61574935913086,1566100,0.0,0.0
2016-04-26,58.7062445600679,59.17510458803136,57.628684212843716,58.015289306640625,2792500,0.0,0.0
2016-04-27,55.67098744030153,56.83902378593021,54.96358373223931,56.55112838745117,3602800,0.0,0.0
2016-04-28,56.17273873506642,57.184486102499676,55.81903695625819,56.70740509033203,2273900,0.0,0.0
2016-04-29,56.353720031784256,56.66629130844809,55.4818001115754,55.991790771484375,2036700,0.0,0.0
2016-05-02,56.526459388488405,57.044671168575825,56.024696086458626,56.88016128540039,1484500,0.0,0.0
2016-05-03,56.666279107585005,57.003532441277336,56.52644511463129,56.945953369140625,1295500,0.0,0.0
2016-05-04,56.43596038631986,58.12221443079779,56.34547809462702,57.94124984741211,2227600,0.0,0.0
2016-05-05,57.817865139706505,58.59107517926158,57.65334902722244,58.17979431152344,1523300,0.0,0.0
2016-05-06,58.138664954786655,58.75558626955492,57.505295166243094,58.54994583129883,1432800,0.0,0.0
2016-05-09,58.61575196879953,59.28202497703068,58.5088149250551,59.125736236572266,1563700,0.0,0.0
2016-05-10,59.30671151550671,60.08814908300589,58.76382392685236,59.512351989746094,2541900,0.0,0.0
2016-05-11,59.44653924734438,59.50411832301837,57.3983620976284,57.464168548583984,3002300,0.0,0.0
2016-05-12,57.54642015565651,57.76851534591085,56.797892215063506,57.480613708496094,1953600,0.0,0.0
2016-05-13,57.316104690826585,57.50529666022255,56.75676243321247,56.92127227783203,1370400,0.0,0.0
2016-05-16,56.806114295267214,57.72738574447877,56.806114295267214,57.37368392944336,1704300,0.0,0.0
2016-05-17,57.340778087621466,57.340778087621466,55.876619195921904,56.06581115722656,1905100,0.0,0.0
2016-05-18,56.246777463344905,56.25500483908797,55.029389430627056,55.687435150146484,3080900,0.0,0.0
2016-05-19,55.136325969345386,55.36664230900642,54.77439670664971,54.96358871459961,1955100,0.0,0.0
2016-05-20,55.292600990217665,55.61339956574072,54.95534766558429,55.49824142456055,1551100,0.0,0.0
2016-05-23,55.629859468441154,55.89307902745298,55.25970912083523,55.55583190917969,1491300,0.0,0.0
2016-05-24,56.0000062332824,56.22209514761887,55.638077049987785,55.91775131225586,2711000,0.0,0.0
2016-05-25,56.09049998360315,56.69919405428158,55.5722819515767,56.625160217285156,2357000,0.0,0.0
2016-05-26,56.57579567885212,56.830787810972105,56.213866503728475,56.54289245605469,1687300,0.0,0.0
2016-05-27,56.60047102534732,56.97884867069181,56.18096905860661,56.52644348144531,1165000,0.0,0.0
2016-05-31,56.66627726170766,57.102233975920036,56.19741732511066,56.92949676513672,1978800,0.0,0.0
2016-06-01,55.843716852745096,56.28790095199448,54.16569012524125,54.59342575073242,4515900,0.0,0.0
2016-06-02,54.95535532509754,55.004713303659855,54.00118684009439,54.70036315917969,4539900,0.0,0.0
2016-06-03,55.11986401531779,55.11986401531779,53.293775946401944,53.441837310791016,2643400,0.0,0.0
2016-06-06,53.44184700041952,53.57345363948937,51.911881382881255,52.33138656616211,3482000,0.0,0.0
2016-06-07,52.54524667207866,52.882496871790025,52.331378854998796,52.77556610107422,2096500,0.0,0.0
2016-06-08,52.35605971910514,52.874271392822266,51.920099832267496,52.874271392822266,1775100,0.0,0.0
2016-06-09,52.76734289222551,53.12104473177759,52.63573312433341,53.022335052490234,1815500,0.0,0.0
2016-06-10,52.6604110818614,53.10459526941761,52.28203649154178,52.989437103271484,2384200,0.0,0.0
2016-06-13,53.055233629431605,53.705058174249714,52.78378674191615,52.841365814208984,2077500,0.0,0.0
2016-06-14,52.90717870749495,53.38426609356274,52.676862390261945,53.096370697021484,2542100,0.0,0.0
2016-06-15,53.19506695409785,53.96004963388573,52.9812054172117,53.91069793701172,2379000,0.0,0.0
2016-06-16,53.770875846212384,54.6427894874186,53.56523536286001,54.494728088378906,2572400,0.0,0.0
2016-06-17,54.28085481077546,54.379564492166274,53.59813324368118,54.13279342651367,3112300,0.0,0.0
2016-06-20,54.77438824969071,55.33373053492842,54.132791038080995,54.157466888427734,2466200,0.0,0.0
2016-06-21,54.29730894908822,54.47827355843698,54.06699263742573,54.28908157348633,2493800,0.0,0.0
2016-06-22,54.461812858074175,54.930672805784944,54.0669867313957,54.59342575073242,2976000,0.0,0.0
2016-06-23,55.04432320997932,55.05260721591615,54.54700461234885,54.779083251953125,2458600,0.504,0.0
2016-06-24,53.875645353593896,54.58017175886842,53.39490730814255,54.29007339477539,3818200,0.0,0.0
2016-06-27,53.776173968618885,54.73764994547772,53.54409530487208,54.679630279541016,2228400,0.0,0.0
2016-06-28,55.11063692020483,56.196442644348885,54.90342290798182,56.18815231323242,2614000,0.0,0.0
2016-06-29,56.36220832655109,57.09159933425604,55.96435466183146,56.37049865722656,1599600,0.0,0.0
2016-06-30,56.40365661139907,57.09989265654928,56.03895792660431,57.09160232543945,1993900,0.0,0.0
2016-07-01,57.19935325771803,57.398276923359305,56.70204093178018,57.191062927246094,2266800,0.0,0.0
2016-07-05,57.174496732035955,58.33489021658296,57.05845105991104,57.83757781982422,2277200,0.0,0.0
2016-07-06,57.69667409103885,57.87073311459866,56.76835297504963,57.37342071533203,2586700,0.0,0.0
2016-07-07,57.24908430397037,57.4562983062757,56.65230696554389,57.43972396850586,2037100,0.0,0.0
2016-07-08,57.87902082610918,58.45092721372399,57.572341804004175,58.43435287475586,2416300,0.0,0.0
2016-07-11,58.52551698692809,58.78246029842163,57.8955847174255,58.65813064575195,2312400,0.0,0.0
2016-07-12,58.37634195594766,58.956538761877574,58.04479821384304,58.86536407470703,1967100,0.0,0.0
2016-07-13,59.10571870348091,59.2880680333153,58.616696704079025,58.7741813659668,2041700,0.0,0.0
2016-07-14,58.691294872837645,58.92337355503431,58.14425316818405,58.392906188964844,1287400,0.0,0.0
2016-07-15,58.47579486737117,58.47579486737117,57.46458950898953,57.66351318359375,1462000,0.0,0.0
2016-07-18,57.79612972223064,58.0116277219545,57.54747040111022,57.870723724365234,1418300,0.0,0.0
2016-07-19,57.771263509821054,58.641564882061594,57.56404949963709,58.6084098815918,1808500,0.0,0.0
2016-07-20,58.54208824191247,58.61668855905568,57.986756322705595,58.094505310058594,1626300,0.0,0.0
2016-07-21,58.019915174653704,58.10279950302657,57.622061545327476,57.97846984863281,1944800,0.0,0.0
2016-07-22,57.98675239021088,58.500645274970545,57.72151878084062,58.28514099121094,2021300,0.0,0.0
2016-07-25,58.41777579097531,58.64156413671491,57.88730211387064,58.15254211425781,1665100,0.0,0.0
2016-07-26,57.77125873118322,57.9370337198199,57.497741066353825,57.870723724365234,1890100,0.0,0.0
2016-07-27,55.01117109896957,55.79858171371362,54.19059916406525,54.67133712768555,11465800,0.0,0.0
2016-07-28,54.4889926032503,55.748857286097795,54.215474924551295,55.40902328491211,4188900,0.0,0.0
2016-07-29,55.409024610012246,56.710328330488814,55.28469494017416,56.353919982910156,3395000,0.0,0.0
2016-08-01,56.35391595300506,56.91753826878563,56.27932195063829,56.66059494018555,2352800,0.0,0.0
2016-08-02,56.544561987006915,56.544561987006915,55.47533690013906,55.757144927978516,2884400,0.0,0.0
2016-08-03,55.367584642543065,55.475333648577404,54.38953428640124,54.71278762817383,3708200,0.0,0.0
2016-08-04,54.73765024771918,55.243252906674755,54.70449524933381,55.00288391113281,2899500,0.0,0.0
2016-08-05,55.176939624068275,55.7239875793457,54.795666650845654,55.7239875793457,2018100,0.0,0.0
2016-08-08,55.79858113548681,56.81807671510514,55.59965748226943,56.610862731933594,2210000,0.0,0.0
2016-08-09,56.61086929271721,56.967277638024136,56.33734528555081,56.892677307128906,2477700,0.0,0.0
2016-08-10,56.834651023842476,57.02529067068237,55.4504631346069,55.74885177612305,2411900,0.0,0.0
2016-08-11,55.806869504996875,55.848308505974124,54.65476030492914,54.986297607421875,1486000,0.0,0.0
2016-08-12,55.03603890951818,55.6991199062176,54.77080524610455,55.00288391113281,1365400,0.0,0.0
2016-08-15,55.06919619831264,55.533353547674146,54.96973119901962,55.15208053588867,1289000,0.0,0.0
2016-08-16,54.88684479972669,55.160368794755875,54.55530113820671,54.696205139160156,1399000,0.0,0.0
2016-08-17,54.79566850910511,54.97801783371485,53.89221221635756,54.91999816894531,1894000,0.0,0.0
2016-08-18,54.75422686825965,55.21010021048118,54.198894850404045,54.40610885620117,1865900,0.0,0.0
2016-08-19,54.19060134887696,54.37295067509639,53.54409470040386,54.19060134887695,1599200,0.0,0.0
2016-08-22,54.29006780983821,54.430971811664,53.68500014954303,54.157447814941406,1656200,0.0,0.0
2016-08-23,54.43925687668005,54.48070220199389,53.91707992553711,53.91707992553711,1008000,0.0,0.0
2016-08-24,53.660135240636905,54.05798889987267,53.27057191196234,53.71815490722656,1727200,0.0,0.0
2016-08-25,53.68499477387709,54.84539431835159,53.4363417938482,54.3812370300293,1839700,0.0,0.0
2016-08-26,54.41439532536571,55.00288230122531,53.17940170908764,53.502655029296875,2437700,0.0,0.0
2016-08-29,53.57725879645748,54.33980490498581,53.527529453105295,53.88393783569336,1441100,0.0,0.0
2016-08-30,53.87563096142284,53.91707628393744,53.18767907915811,53.61039733886719,1571200,0.0,0.0
2016-08-31,53.585549202133755,53.93366725341974,53.37833517298681,53.76789855957031,3215300,0.0,0.0
2016-09-01,53.79275340548899,53.84248273982619,53.25399576338241,53.38661575317383,1900500,0.0,0.0
2016-09-02,53.61041653513167,54.17403897533709,53.05508442713136,53.53581619262695,1994600,0.0,0.0
2016-09-06,53.61041099372579,53.892219022864275,53.121382622902566,53.87564468383789,2754900,0.0,0.0
2016-09-07,53.87564238061252,54.513858746398945,53.3949043616894,54.47241973876953,2250700,0.0,0.0
2016-09-08,54.182316720914805,54.182316720914805,53.27057010027176,53.38661575317383,4005300,0.0,0.0
2016-09-09,52.847859390320885,53.12138023766463,51.75376967727618,52.05215835571289,3197700,0.0,0.0
2016-09-12,51.81179346895291,53.06336478993299,51.712331622172364,52.88930892944336,2617700,0.0,0.0
2016-09-13,52.441715964273804,52.50802279564994,51.86980650108726,51.99413299560547,2299200,0.0,0.0
2016-09-14,53.41148180226058,53.41148180226058,52.284237154544975,52.72352981567383,2683700,0.0,0.0
2016-09-15,52.68208494447949,53.444634057194186,52.36711880041248,53.34516906738281,2069900,0.0,0.0
2016-09-16,53.06336140642382,53.42806009108983,52.698669045427614,53.39490509033203,4428500,0.0,0.0
2016-09-19,53.51094312525866,54.02483613895873,53.35346478008949,53.98339080810547,1970200,0.0,0.0
2016-09-20,54.248629198681655,54.33980387554695,53.983395499710845,54.049705505371094,2001500,0.0,0.0
2016-09-21,54.13258462021231,54.861981964658845,53.38661926145684,54.71278762817383,4050000,0.0,0.0
2016-09-22,55.22397480150803,56.37064594833947,55.12768900471752,56.33563232421875,3080900,3.504,0.0
2016-09-23,56.134308604967096,56.95711211962823,55.792937438641125,56.405662536621094,3699600,0.0,0.0
2016-09-26,56.186828768392175,56.773291939631804,56.186828768392175,56.44942092895508,3146800,0.0,0.0
2016-09-27,56.78204198295157,57.64860738889424,56.204327260212935,56.5281982421875,3298000,0.0,0.0
2016-09-28,56.641995484196286,57.412275211586454,56.58947838496879,57.342254638671875,2383500,0.0,0.0
2016-09-29,57.035887081469696,57.464792257304914,56.39690017700195,56.39690017700195,2899000,0.0,0.0
2016-09-30,56.83456678695347,57.184696362351545,56.1780763373944,56.30937576293945,3235300,0.0,0.0
2016-10-03,56.09054111365741,56.09054111365741,55.20646550928278,55.22397232055664,2410600,0.0,0.0
2016-10-04,55.49532379411926,55.49532379411926,54.41867658720995,54.716285705566406,3049200,0.0,0.0
2016-10-05,54.76880101472598,55.02264474996767,53.40329989257171,53.7534294128418,4150300,0.0,0.0
2016-10-06,53.429564908809105,54.243613252932924,52.73806090223807,53.70966720581055,3834400,0.0,0.0
2016-10-07,53.97226240795996,54.69002495763595,53.11444871051994,53.219486236572266,2462000,0.0,0.0
2016-10-10,53.21948772008572,53.49083828729123,53.114450191105426,53.25450134277344,1945700,0.0,0.0
2016-10-11,53.22824449677786,53.42081274955017,52.878114936874276,52.95689392089844,2561000,0.0,0.0
2016-10-12,53.096951239060154,54.278632797476305,52.96565180408799,53.52585983276367,3115200,0.0,0.0
2016-10-13,53.2457574879675,53.69216955652286,52.95690006666207,53.52585983276367,2279200,0.0,0.0
2016-10-14,53.63090112711026,54.28739166970558,53.27201976405483,53.744693756103516,2293200,0.0,0.0
2016-10-17,54.45369722546879,54.45369722546879,53.66591063827155,53.692169189453125,1949900,0.0,0.0
2016-10-18,54.26112209893876,54.427431800557436,53.324526043052444,53.46458053588867,2222000,0.0,0.0
2016-10-19,53.447075361115715,53.72717767720058,53.27201057879192,53.60463333129883,2720100,0.0,0.0
2016-10-20,53.560858025535005,53.93724609243069,53.236990388583806,53.420806884765625,1866100,0.0,0.0
2016-10-21,53.01816027243899,53.60462672003003,52.89561594165111,53.420806884765625,1867500,0.0,0.0
2016-10-24,53.735931012193966,54.06855377459529,53.009416651700896,53.14071273803711,1498900,0.0,0.0
2016-10-25,52.55424745173506,53.158217438684936,52.396689483125016,52.843101501464844,2733400,0.0,0.0
2016-10-26,53.77970028711541,53.88474117072648,52.554253363402985,53.52585983276367,2433200,0.0,0.0
2016-10-27,53.368297097052874,53.368297097052874,52.1516020190431,52.387935638427734,2064400,0.0,0.0
2016-10-28,52.51048624127765,53.34203817133591,52.4054453611809,52.676795959472656,1810700,0.0,0.0
2016-10-31,52.991903650214304,54.21735034165018,52.80808714736133,54.05104064941406,2013800,0.0,0.0
2016-11-01,53.95476214854891,54.112320126300226,53.00066254509177,53.23699951171875,2129200,0.0,0.0
2016-11-02,53.44706710947351,54.2523603091183,53.17571657181104,53.28075408935547,2335500,0.0,0.0
2016-11-03,53.298268968448966,54.03353838074886,53.17572462291282,53.65715026855469,2035400,0.0,0.0
2016-11-04,53.83220887817985,54.22610375730012,53.45582080914076,53.910987854003906,1698300,0.0,0.0
2016-11-07,54.55872529274144,54.75129352131173,53.63963614827662,53.92849349975586,1760500,0.0,0.0
2016-11-08,53.972261132657685,54.987632764725525,53.67465203330594,54.768802642822266,1570300,0.0,0.0
2016-11-09,53.75343341152058,54.64626074945178,52.70304811165548,53.63964080810547,2501800,0.0,0.0
2016-11-10,53.779699212541445,53.779699212541445,51.89776182973792,52.501731872558594,2351300,0.0,0.0
2016-11-11,52.51923436452129,53.48208565890432,52.405441755121586,52.5629997253418,2325900,0.0,0.0
2016-11-14,52.60675302362804,53.893475039024764,51.66140875815376,53.3945426940918,3065800,0.0,0.0
2016-11-15,53.61337730720838,53.83220741866637,51.293776790120646,51.90650177001953,3901700,0.0,0.0
2016-11-16,51.801471608521354,52.59801319379327,51.56513465389127,52.45796203613281,2089100,0.0,0.0
2016-11-17,52.40544592944223,53.00066423344516,51.521373549749114,51.63516616821289,1417000,0.0,0.0
2016-11-18,51.77520238175771,51.985277405380835,51.013671238647554,51.62639617919922,1740900,0.0,0.0
2016-11-21,51.68767897922045,52.230376797556865,51.39006985192314,51.477603912353516,1950700,0.0,0.0
2016-11-22,51.67892707654534,52.72931242475148,51.37256287464861,52.571754455566406,2187600,0.0,0.0
2016-11-23,52.31791667655582,52.414202484196224,51.16249366303763,51.827735900878906,1813000,0.0,0.0
2016-11-25,51.90650159693132,52.291644728825894,51.5913857032294,52.020294189453125,773500,0.0,0.0
2016-11-28,51.94152719415971,53.088198440877164,51.932775456908665,52.501731872558594,2226400,0.0,0.0
2016-11-29,52.62426440603274,53.33327517107966,52.56299224179094,52.94813537597656,2596600,0.0,0.0
2016-11-30,52.55425032276288,53.13196179286566,52.204120742483504,52.52798843383789,3672400,0.0,0.0
2016-12-01,52.169099706367135,52.71180081262142,51.7401945374853,52.25663375854492,2996900,0.0,0.0
2016-12-02,52.65053306029501,53.377047389332965,52.51923364056043,52.95689392089844,2080300,0.0,0.0
2016-12-05,52.97439901513494,53.517096810214156,52.76432061818789,53.473331451416016,3081400,0.0,0.0
2016-12-06,53.59588262238253,54.3749174611577,53.49084508006358,54.086063385009766,4399900,0.0,0.0
2016-12-07,54.09480954719091,54.83883402123543,54.04229245098553,54.821327209472656,3291600,0.0,0.0
2016-12-08,54.52372068119211,55.23272822635341,54.19109792004354,55.05766677856445,2003200,0.0,0.0
2016-12-09,55.01389577602752,55.79293387806288,54.90885824393177,55.031402587890625,2807300,0.0,0.0
2016-12-12,54.93511544352585,55.442802957843604,54.75129893210026,55.16270065307617,1620700,0.0,0.0
2016-12-13,55.679139716877515,55.714153339626755,54.77756063512302,55.276493072509766,2083700,0.0,0.0
2016-12-14,55.43405007183226,55.58285295730468,54.611246646947365,54.96137619018555,2452900,0.0,0.0
2016-12-15,54.91760933309186,55.65287868255687,54.48870082128615,55.14519119262695,2287400,0.0,0.0
2016-12-16,55.54784644802391,56.21309199754409,55.215227012347036,56.06428909301758,3408800,0.0,0.0
2016-12-19,56.274365840434555,56.431923825822686,55.836705511930475,56.14306640625,2121800,0.0,0.0
2016-12-20,56.09054096929617,56.57196325221569,55.94173474339272,56.379398345947266,2303500,0.0,0.0
2016-12-21,56.458178149610916,57.0183827938964,55.294000160200156,55.54784393310547,4001200,0.0,0.0
2016-12-22,55.54255277222168,55.63078423304293,54.792571891983194,55.56019973754883,1577800,0.504,0.0
2016-12-23,55.76313496656372,55.85136642766419,55.32197092943238,55.54255294799805,1238500,0.0,0.0
2016-12-27,55.60431644870556,56.1072431890491,55.39255622685929,55.754310607910156,933500,0.0,0.0
2016-12-28,55.93078189336952,55.939607059884125,55.15433216501185,55.51608657836914,1206600,0.0,0.0
2016-12-29,55.630781720164286,56.29252774387555,55.42784667679055,56.186649322509766,1301600,0.0,0.0
2016-12-30,56.107235781923144,56.857216576379315,55.75430324737741,56.78662872314453,1542200,0.0,0.0
2017-01-03,57.23662056452263,57.23662056452263,55.78077799832835,56.14253234863281,3005100,0.0,0.0
2017-01-04,56.32781467624931,56.839563120796406,55.86900375290239,56.71603775024414,1934000,0.0,0.0
2017-01-05,56.442525740263534,57.527785458682445,55.886658133183055,57.483673095703125,1693800,0.0,0.0
2017-01-06,57.32485255825192,57.97777340844412,57.104270553168064,57.68660354614258,1638000,0.0,0.0
2017-01-09,57.58072597911533,57.607194741509716,56.8748609009996,56.88368606567383,1777900,0.0,0.0
2017-01-10,56.45134485671425,56.83956796378746,56.027827821957786,56.36311340332031,1958800,0.0,0.0
2017-01-11,56.32782029880494,56.55722410047018,55.84254056641806,55.86018753051758,2235600,0.0,0.0
2017-01-12,55.75430793182251,56.82192742390781,55.37490660334369,56.5660514831543,2286700,0.0,0.0
2017-01-13,56.41604674866254,56.45134067373055,55.621953629515936,55.93076705932617,1534900,0.0,0.0
2017-01-17,56.06312231906454,56.424876666956685,55.657252244027354,56.01018142700195,2156600,0.0,0.0
2017-01-18,56.03664869653917,56.583691103348315,55.710188285390146,56.116058349609375,2113700,0.0,0.0
2017-01-19,55.9131265371252,56.045477088468026,55.54255037866823,55.586666107177734,1940900,0.0,0.0
2017-01-20,55.76312454413642,56.26605118320129,55.44548595823989,55.904296875,2100700,0.0,0.0
2017-01-23,55.736656258063576,55.91312252525412,55.27784867550792,55.60430908203125,2037100,0.0,0.0
2017-01-24,55.65725650828154,55.71901920417948,54.739634503777154,54.9602165222168,2848900,0.0,0.0
2017-01-25,54.9513924021565,55.17197442479305,54.29847150000847,54.43964385986328,2656300,0.0,0.0
2017-01-26,54.6866928544496,54.7925712794143,54.174944328941564,54.28082275390625,2200700,0.0,0.0
2017-01-27,54.40434623087432,54.607281274009786,53.52201820029522,53.839656829833984,2565100,0.0,0.0
2017-01-30,53.66318661048914,53.83965287681129,53.27496351723167,53.557308197021484,3167700,0.0,0.0
2017-01-31,53.61907196044922,54.36022760121151,53.36319603744237,53.61907196044922,2923000,0.0,0.0
2017-02-01,53.5926037068818,53.848476266504086,52.489693717049654,52.85144805908203,4693200,0.0,0.0
2017-02-02,52.7455675172065,53.82200876966027,52.72792055305645,53.61024856567383,3153600,0.0,0.0
2017-02-03,53.9631819773564,54.263173641061506,52.78968745209022,53.274967193603516,3078200,0.0,0.0
2017-02-06,53.257314410944865,53.654362652738975,52.992616705020104,53.433780670166016,1676800,0.0,0.0
2017-02-07,53.36319531378075,53.68083392205909,53.098497595486826,53.52201461791992,2088500,0.0,0.0
2017-02-08,53.698483457853214,54.527870579123665,53.51319538275252,54.19258499145508,2895000,0.0,0.0
2017-02-09,54.19257958028119,54.36022404028318,53.936707039849715,54.18375778198242,1490300,0.0,0.0
2017-02-10,54.08669916590913,54.65138847887984,53.892589318209076,54.6425666809082,1585000,0.0,0.0
2017-02-13,54.61610494918268,54.977859297218465,53.769067504915995,54.82786178588867,2307000,0.0,0.0
2017-02-14,54.43964413309825,54.810220317396606,53.91907042243063,54.704341888427734,1434200,0.0,0.0
2017-02-15,54.36023454911163,54.53670084152655,53.71613544273955,54.40435028076172,1356700,0.0,0.0
2017-02-16,54.351407006221294,54.92492159003336,54.351407006221294,54.59846115112305,1041400,0.0,0.0
2017-02-17,54.71316493015613,54.83669369354036,53.936718612343185,54.33376693725586,1365600,0.0,0.0
2017-02-21,54.21023572978241,55.18962043180618,54.07788853798821,55.07491683959961,1524800,0.0,0.0
2017-02-22,55.15431510860773,55.46313189063557,54.0778773679375,54.6425666809082,1459100,0.0,0.0
2017-02-23,54.8896286796936,55.37490844726562,54.78375025323405,55.374908447265625,1310500,0.0,0.0
2017-02-24,55.23372830720411,55.401372771775094,54.95138363255342,55.392547607421875,1171500,0.0,0.0
2017-02-27,55.516078887186936,56.116062226094314,55.28667507681147,55.816070556640625,1456200,0.0,0.0
2017-02-28,55.780780424493955,56.02783120155042,55.47196358735897,55.64842987060547,1805800,0.0,0.0
2017-03-01,55.52489943008621,56.27487685837837,55.07491028045964,55.60430908203125,2442000,0.0,0.0
2017-03-02,55.489610122939794,56.063124697600024,55.24255934779477,55.816070556640625,1851000,0.0,0.0
2017-03-03,55.577844425733225,55.577844425733225,54.3161150659612,54.9866828918457,2087100,0.0,0.0
2017-03-06,54.83669122120715,55.39255548520889,54.607284036794006,55.07491683959961,1452200,0.0,0.0
2017-03-07,54.96021335199606,55.20726412133742,54.66904348886007,55.18961715698242,1374300,0.0,0.0
2017-03-08,54.91609613658366,55.427844625760386,54.721982899750664,55.295494079589844,2444600,0.0,0.0
2017-03-09,55.35726285009754,55.533725765890864,54.76610131158393,54.81904220581055,2774400,0.0,0.0
2017-03-10,54.819038186335,55.75430368839521,54.13964523973959,54.66904067993164,2780200,0.0,0.0
2017-03-13,54.783731759064395,55.51606206308978,54.70432212457361,55.20724868774414,3129200,0.0,0.0
2017-03-14,55.15431840560341,55.498429131715504,54.89844585936509,54.99550247192383,2214600,0.0,0.0
2017-03-15,54.933736951341956,56.177819232217644,54.933736951341956,55.957237243652344,1659000,0.0,0.0
2017-03-16,55.88665133589814,56.43369371119654,55.72783203890602,55.93076705932617,1518300,0.0,0.0
2017-03-17,56.107240620652554,56.45134802031297,55.8160707496695,55.966068267822266,2604200,0.0,0.0
2017-03-20,56.06312745786037,56.23959374842984,55.64843217989429,55.754310607910156,1118900,0.0,0.0
2017-03-21,55.851354573856604,56.071936545606285,55.56018812137019,55.57783508300781,2103400,0.0,0.0
2017-03-22,55.83371823959268,55.99253755874717,55.454316906702985,55.91312789916992,1568600,0.0,0.0
2017-03-23,55.93447173925455,56.459218872047735,55.75659072270126,56.16571807861328,1645000,0.504,0.0
2017-03-24,56.34359359996482,56.53037052641539,55.8900002478376,55.978939056396484,1738700,0.0,0.0
2017-03-27,55.89000205839292,56.08567151491886,55.06285821936733,55.32078552246094,1361400,0.0,0.0
2017-03-28,55.32077958094261,55.59649190247386,54.627044033585136,55.50755310058594,1735700,0.0,0.0
2017-03-29,55.463087158949754,55.63207225019576,54.85829376855623,55.40082931518555,1610200,0.0,0.0
2017-03-30,55.383039592278614,55.489766837288236,54.707092457355785,55.311885833740234,1133100,0.0,0.0
2017-03-31,55.240742536397946,55.614289638128284,55.05396898553277,55.33857727050781,1768100,0.0,0.0
2017-04-03,55.3563639291005,55.498668067003656,54.778251460419895,55.26742172241211,1313500,0.0,0.0
2017-04-04,55.31188610383456,56.210183649379395,55.14290101567765,55.436405181884766,1889100,0.0,0.0
2017-04-05,55.498666552071136,56.219079746191696,55.231843332087635,56.04119873046875,1867500,0.0,0.0
2017-04-06,55.996721297108245,56.21907168668647,55.56980895625378,55.943359375,1201600,0.0,0.0
2017-04-07,56.02341313254708,56.35249080308582,55.86332055924755,56.0678825378418,1475000,0.0,0.0
2017-04-10,55.96115465789929,56.55705557523637,55.87221584291683,56.468116760253906,1016600,0.0,0.0
2017-04-11,56.423643008170565,56.850555419921875,56.388069518456646,56.850555419921875,1550500,0.0,0.0
2017-04-12,56.877237960371296,57.099584986970385,56.370279275569466,56.423641204833984,1536100,0.0,0.0
2017-04-13,56.40585487261104,56.55705492770809,56.17461192062519,56.245765686035156,1301600,0.0,0.0
2017-04-17,56.325806695670025,57.01953887939453,56.245760413486586,57.01953887939453,1247000,0.0,0.0
2017-04-18,56.85055009789929,57.4642393889903,56.77050720893744,57.26856994628906,1615200,0.0,0.0
2017-04-19,57.18853192365112,57.526502126241944,56.85055493546384,57.22410202026367,1832100,0.0,0.0
2017-04-20,57.33972366243562,57.33972366243562,56.88612693519814,57.2774658203125,1663600,0.0,0.0
2017-04-21,57.09957683822452,57.43755377025686,57.01063804027744,57.17073059082031,1797700,0.0,0.0
2017-04-24,57.63323293586419,57.72217174884,56.23686914399672,57.099586486816406,2358700,0.0,0.0
2017-04-25,57.19742028767593,57.79332457468679,56.788296326155695,57.74885177612305,2800700,0.0,0.0
2017-04-26,57.597649045137985,58.61156631800212,57.268568013013585,58.06013488769531,3491100,0.0,0.0
2017-04-27,58.06013669504818,58.122394537053445,57.321931721560055,57.39308547973633,1845700,0.0,0.0
2017-04-28,57.24189158356654,57.56207672515039,57.01064525117906,57.43756103515625,1920300,0.0,0.0
2017-05-01,57.6065433947708,58.04235510032311,57.33083104743481,57.659912109375,1898800,0.0,0.0
2017-05-02,57.72217292101311,57.93562743360899,57.40198775932098,57.57097625732422,1645700,0.0,0.0
2017-05-03,57.695491111993825,57.828895939418835,56.77051252346687,56.850555419921875,1846500,0.0,0.0
2017-05-04,56.699360918313246,57.366412223234576,56.468117958771806,57.28636932373047,2423400,0.0,0.0
2017-05-05,57.4909163114279,58.29137907276802,57.43755438920369,58.24690628051758,1749900,0.0,0.0
2017-05-08,58.3714311488878,58.478161795740384,57.52650224782671,57.828895568847656,1500100,0.0,0.0
2017-05-09,57.74886149185882,57.90005817545887,57.33973746150708,57.6688117980957,1379300,0.0,0.0
2017-05-10,57.57097197729759,58.22023138397421,57.44644950314443,57.94451904296875,1065400,0.0,0.0
2017-05-11,57.62433149997763,57.766632229990925,57.06401092485734,57.64211654663086,1075000,0.0,0.0
2017-05-12,57.891153492523664,58.0690379041784,57.65991393576722,57.722171783447266,1249600,0.0,0.0
2017-05-15,57.65102674703585,58.21134746098764,57.526511032824345,57.6688117980957,1263000,0.0,0.0
2017-05-16,57.49981998161693,57.79332416462384,57.313046443047895,57.384193420410156,1283500,0.0,0.0
2017-05-17,57.41088234826004,57.739956633899496,57.13516320753939,57.22410202026367,2535200,0.0,0.0
2017-05-18,57.33083409991667,58.34475151862921,57.22410345062186,58.1757698059082,2086600,0.0,0.0
2017-05-19,58.17576964166138,58.3447513539053,57.59765716774075,58.30028533935547,1908800,0.0,0.0
2017-05-22,58.25581376550071,58.68272958486466,58.095721181438826,58.13129806518555,1435800,0.0,0.0
2017-05-23,58.05124509244813,58.27359551407411,57.60654424919617,57.74885177612305,1728300,0.0,0.0
2017-05-24,57.93562503944948,58.03345976734558,57.579863009426944,57.98898696899414,1325100,0.0,0.0
2017-05-25,58.22912550216156,58.28248742829627,57.544282450651885,57.87336349487305,1242700,0.0,0.0
2017-05-26,57.98899557444463,58.05125343001779,57.67770629657883,57.96231460571289,799900,0.0,0.0
2017-05-30,57.95341768403708,58.22913003800465,57.775533273738304,58.086822509765625,1004600,0.0,0.0
2017-05-31,58.104616543359825,58.41590579117215,57.855585145109956,57.89115524291992,2252800,0.0,0.0
2017-06-01,57.86447155255387,57.882263386217915,57.2774699679714,57.74885177612305,1762300,0.0,0.0
2017-06-02,58.06904040307561,59.34978107971819,58.05124856834626,59.340885162353516,2351300,0.0,0.0
2017-06-05,59.06516821304235,60.03461277709743,58.816130045325394,59.96345901489258,1597400,0.0,0.0
2017-06-06,59.936769978427044,59.936769978427044,59.34976848328264,59.5009651184082,1546500,0.0,0.0
2017-06-07,59.50098210793652,59.803375464531115,59.376466398092006,59.66996383666992,1867500,0.0,0.0
2017-06-08,59.66996233993385,60.034620327901045,59.03848788853425,59.981258392333984,1427900,0.0,0.0
2017-06-09,59.86561835798766,60.194699386389196,59.52764819938825,60.15022659301758,1703500,0.0,0.0
2017-06-12,59.96346439700354,60.11466106606254,59.33198996834817,59.54544448852539,1761700,0.0,0.0
2017-06-13,59.643275156586256,60.079086870290645,59.34088183908988,59.687747955322266,935700,0.0,0.0
2017-06-14,60.08797396003966,60.19470460202201,59.5098683096914,59.7588996887207,999000,0.0,0.0
2017-06-15,59.62549786704216,60.5771575276956,59.58992098054329,60.274757385253906,1127000,0.0,0.0
2017-06-16,60.73723572897125,61.173040610498134,60.57714317046811,60.98626708984375,2652700,0.0,0.0
2017-06-19,61.1463755755221,61.21752935018973,60.4170663491725,60.59494400024414,1507000,0.0,0.0
2017-06-20,60.639401409878076,60.986267491319026,59.94566924699618,60.62161636352539,1595900,0.0,0.0
2017-06-21,60.505986186644286,60.648293691320426,59.82114998077746,60.48820114135742,1285200,0.0,0.0
2017-06-22,60.366351320120366,60.411149317860286,59.64951499370311,60.070655822753906,1908900,0.504,0.0
2017-06-23,60.04376723154372,60.33050035462479,59.74807177566911,60.22297286987305,2129100,0.0,0.0
2017-06-26,60.38426208870186,60.527632071718195,60.05272413016939,60.16025161743164,877700,0.0,0.0
2017-06-27,59.94519640562913,60.39321729530311,59.45237069248526,59.50613784790039,1464400,0.0,0.0
2017-06-28,59.604703396013484,59.75703571256517,59.19252494778609,59.47030258178711,1349600,0.0,0.0
2017-06-29,59.31797928728391,59.58679462913665,58.84307810810111,59.407588958740234,1722100,0.0,0.0
2017-06-30,59.38965870451762,59.846642008186045,58.98644256591796,58.98644256591797,2061900,0.0,0.0
2017-07-03,59.17460452905946,59.77495092719542,58.83411108748759,59.649505615234375,1044600,0.0,0.0
2017-07-05,59.73911565444356,60.15129413446413,59.54198533002989,59.83768081665039,2157200,0.0,0.0
2017-07-06,59.2552474336597,59.33589475821735,58.09935258088516,58.14415740966797,2827500,0.0,0.0
2017-07-07,58.17104057469205,58.55633887883581,57.87534509648134,58.22480773925781,1446600,0.0,0.0
2017-07-10,58.37713324250187,58.4219312373516,57.85742728119156,58.000797271728516,1394200,0.0,0.0
2017-07-11,58.15312419516622,58.26960718816016,57.3287638198705,57.71406555175781,1048600,0.0,0.0
2017-07-12,57.93808077728309,58.556345127578325,57.93808077728309,58.28753662109375,1162600,0.0,0.0
2017-07-13,58.224813558745126,58.5832248983,57.884313215406664,58.25169372558594,1098700,0.0,0.0
2017-07-14,58.529458089647115,58.8430713951924,58.36817027018706,58.654903411865234,1311200,0.0,0.0
2017-07-17,58.66386233037338,59.51509937248193,58.48464985459577,59.36277389526367,1212200,0.0,0.0
2017-07-18,59.264207532379544,59.44341316824054,58.84306676822373,59.18356704711914,1722200,0.0,0.0
2017-07-19,59.183577333982726,60.19610234147507,59.12981016487356,60.178184509277344,1774300,0.0,0.0
2017-07-20,60.151297506593764,60.679965845909585,60.088574839514735,60.178184509277344,1491300,0.0,0.0
2017-07-21,60.151297506593764,60.3753080084843,59.83768417119862,60.178184509277344,1187500,0.0,0.0
2017-07-24,60.19609634383714,60.33945949590895,59.46134224429373,59.721195220947266,1683500,0.0,0.0
2017-07-25,59.730152925851755,59.730152925851755,58.798268582695265,59.20148468017578,1942900,0.0,0.0
2017-07-26,59.210454916890235,60.644120699183205,59.00436225618982,60.35738754272461,1929100,0.0,0.0
2017-07-27,60.24090173537024,60.509710211605174,59.63159295181071,60.48283004760742,1584000,0.0,0.0
2017-07-28,60.59035712818354,60.8233231054195,60.33945964797529,60.670997619628906,1084200,0.0,0.0
2017-07-31,60.688919073960896,61.0204501918086,60.29465846218853,60.9846076965332,1315000,0.0,0.0
2017-08-01,61.11005119758218,61.11005119758218,60.59930761852089,60.7874755859375,1330700,0.0,0.0
2017-08-02,60.60827755758223,60.98461353964626,60.294664239195534,60.71580505371094,1638800,0.0,0.0
2017-08-03,60.60827033309622,60.778520472608506,60.13336924525334,60.303619384765625,1276100,0.0,0.0
2017-08-04,60.31258612756938,60.706846803638406,60.06169545598295,60.32154846191406,1057300,0.0,0.0
2017-08-07,60.2229710654883,60.57242683514002,59.9810427773666,60.24985122680664,1108200,0.0,0.0
2017-08-08,60.133373658937934,60.3305039746829,59.837678185320485,60.16921615600586,2096600,0.0,0.0
2017-08-09,60.33050898695373,60.42907415301503,60.06169365473967,60.348426818847656,1865400,0.0,0.0
2017-08-10,60.18713157684865,60.37529955172909,59.99896360196821,60.10649108886719,1642100,0.0,0.0
2017-08-11,59.91833393715621,60.384272792034544,59.774963928727026,60.01689910888672,1260500,0.0,0.0
2017-08-14,60.24089813015749,60.95772752680824,60.16025080673331,60.91292953491211,1597900,0.0,0.0
2017-08-15,60.769567135061735,61.23550595919951,60.50971413912146,61.20862579345703,1491600,0.0,0.0
2017-08-16,61.32511708126738,61.5670454149458,60.671003408901605,60.850215911865234,1275400,0.0,0.0
2017-08-17,60.75165621541885,61.00254690590444,60.50972102369446,60.61724853515625,1441900,0.0,0.0
2017-08-18,60.50970942535887,60.50970942535887,59.963123310315424,60.1871337890625,2942300,0.0,0.0
2017-08-21,60.2946732162501,60.975667120607355,60.05273802300407,60.724769592285156,975800,0.0,0.0
2017-08-22,60.72475995596406,60.9846129418681,60.438026805355726,60.697879791259766,1021500,0.0,0.0
2017-08-23,60.70683689616763,61.020450184468395,60.67099440089655,60.91292953491211,1251400,0.0,0.0
2017-08-24,61.04733960700352,61.35199744489216,60.823329104772284,60.90397644042969,1484300,0.0,0.0
2017-08-25,60.99357344307313,61.154861262710796,60.83228562343547,60.87709045410156,1191200,0.0,0.0
2017-08-28,60.92188989702894,61.011492724234245,59.97208762338922,60.36634826660156,915500,0.0,0.0
2017-08-29,60.40218896881876,60.6889221091049,60.04377083439676,60.16921615600586,1039400,0.0,0.0
2017-08-30,60.0975281585419,60.312576293945305,59.613664726691496,60.31257629394531,1323700,0.0,0.0
2017-08-31,60.3305039746829,60.42010679922407,59.87352068238841,60.16921615600586,2363000,0.0,0.0
2017-09-01,60.16921073463113,60.536584333025985,59.94520027533336,60.025840759277344,1399500,0.0,0.0
2017-09-05,60.12440912167755,60.22297427593702,59.54198052912355,60.16025161743164,1641600,0.0,0.0
2017-09-06,60.393221398440836,60.50970437661771,59.98999846858539,60.23193359375,1904600,0.0,0.0
2017-09-07,60.37529674820344,60.79643750701416,60.25881376999787,60.679954528808594,3078200,0.0,0.0
2017-09-08,60.554517206056914,61.459514662184766,60.554517206056914,61.01149368286133,1463800,0.0,0.0
2017-09-11,61.11005180882891,61.62079539299886,60.98460649596309,61.47743225097656,1257700,0.0,0.0
2017-09-12,61.27135503402297,61.40576271341656,60.007939254743796,60.58140563964844,1257200,0.0,0.0
2017-09-13,60.527631265605685,60.56346692462545,60.160250816211935,60.31257629394531,1050000,0.0,0.0
2017-09-14,60.37529593782762,60.57242623388089,60.01688467546528,60.38425827026367,1631100,0.0,0.0
2017-09-15,60.249863578987295,60.82332992553711,60.10650041047889,60.82332992553711,3190200,0.0,0.0
2017-09-18,60.76955774507327,61.074215527681105,60.17817368134487,60.339454650878906,1518600,0.0,0.0
2017-09-19,60.608268497302916,60.608268497302916,59.77494932658611,59.882476806640625,1854000,0.0,0.0
2017-09-20,59.92728726977311,60.20506494200147,59.50615326681286,59.7839241027832,1278400,0.0,0.0
2017-09-21,59.79286732444745,59.954155108417226,59.50613424586294,59.55989456176758,1611900,0.0,0.0
2017-09-22,59.680882819136755,59.83437209348621,59.103035172243366,59.48224639892578,1822600,0.504,0.0
2017-09-25,59.59060529222266,59.969816581754124,59.49128706565654,59.662837982177734,1637700,0.0,0.0
2017-09-26,59.726047718615696,59.8705062290358,59.58158231970623,59.617698669433594,1520700,0.0,0.0
2017-09-27,59.44614621779259,59.45517702711699,59.08499650668681,59.24751663208008,1284100,0.0,0.0
2017-09-28,59.2926471836973,59.51836916038732,59.11207235774051,59.446136474609375,1281400,0.0,0.0
2017-09-29,59.36487706468392,59.68088643942195,59.13012429124092,59.52739715576172,1729200,0.0,0.0
2017-10-02,59.671851878542995,59.81631723418625,59.202353249676996,59.22943878173828,1410200,0.0,0.0
2017-10-03,59.27459833501853,59.44614237014384,58.84120906585783,59.18431091308594,1595900,0.0,0.0
2017-10-04,59.26556167694742,60.08719297896563,59.1030415781135,60.06010055541992,1254100,0.0,0.0
2017-10-05,60.222628089523496,60.674072098855724,59.91564946965226,60.105255126953125,1377100,0.0,0.0
2017-10-06,60.01495763459469,60.01495763459469,59.27458985903448,59.969810485839844,1327100,0.0,0.0
2017-10-09,59.98788452148438,60.10525748866668,59.68992981038025,59.987884521484375,1251100,0.0,0.0
2017-10-10,60.07817074173363,60.43932733382948,59.84341792359797,59.95176696777344,1356200,0.0,0.0
2017-10-11,59.95176317439198,60.34000528084385,59.91564682861871,60.01496505737305,1017200,0.0,0.0
2017-10-12,60.02398691830775,60.73726225341559,59.89757628270073,60.70115280151367,1343600,0.0,0.0
2017-10-13,61.04425448975836,61.143572714750384,60.710183470377174,60.93590545654297,1250600,0.0,0.0
2017-10-16,60.86367718505699,60.98105013324187,60.403202423198046,60.737266540527344,1654000,0.0,0.0
2017-10-17,60.547667210628326,60.71018732653009,60.05108294261483,60.38514709472656,1293600,0.0,0.0
2017-10-18,60.2767970365418,60.430286323513215,59.987873189335886,60.24068069458008,1757200,0.0,0.0
2017-10-19,60.41223179021802,60.41223179021802,59.5183678229009,59.644771575927734,1728600,0.0,0.0
2017-10-20,59.753126843896915,59.753126843896915,59.41003189105449,59.717010498046875,1067700,0.0,0.0
2017-10-23,59.96981938155442,60.231657728499634,59.5544917276551,60.19554138183594,1143200,0.0,0.0
2017-10-24,59.92467765772145,60.096221689592504,58.93149536983772,59.4010009765625,2009700,0.0,0.0
2017-10-25,61.16163132753624,61.16163132753624,59.88856282671306,60.38514709472656,2108200,0.0,0.0
2017-10-26,61.1074548198579,61.1074548198579,60.105248675631785,60.62892532348633,1886800,0.0,0.0
2017-10-27,60.40320965926156,61.08940648032527,60.23165873187341,61.08037567138672,1561700,0.0,0.0
2017-10-30,61.03521605493484,61.1977361402062,60.45736839363389,60.511539459228516,1934300,0.0,0.0
2017-10-31,60.39416617636799,60.75532268474239,60.18650583378173,60.72823715209961,1347300,0.0,0.0
2017-11-01,60.78241366677726,61.432494062436064,60.502520619725075,61.22482681274414,880700,0.0,0.0
2017-11-02,61.396373703616334,61.54083906586361,60.051072738004805,60.35805130004883,1241600,0.0,0.0
2017-11-03,59.951758369901896,61.640154346441555,59.91564202702296,61.58598327636719,1754500,0.0,0.0
2017-11-06,62.01033545851323,62.86807612804294,61.721411633025475,62.48886489868164,1544300,0.0,0.0
2017-11-07,62.65139656045573,62.99449151398191,62.48887644805099,62.80488586425781,1213700,0.0,0.0
2017-11-08,62.877124488913644,63.563321349201196,62.877124488913644,63.53623580932617,1684300,0.0,0.0
2017-11-09,63.29244367084364,63.61748388265701,63.09380722045898,63.093807220458984,1431900,0.0,0.0
2017-11-10,62.81391778046649,63.22924543316022,62.506939167449325,62.524993896484375,1411000,0.0,0.0
2017-11-13,62.434720141255454,63.42789577931898,62.11871065030209,63.337608337402344,1377500,0.0,0.0
2017-11-14,63.283416261471444,63.51816906894234,62.81391753501839,63.184104919433594,1520100,0.0,0.0
2017-11-15,63.17507186996063,63.28341401688233,62.208982025140756,62.32635498046875,1072900,0.0,0.0
2017-11-16,62.362463546560036,62.67847291647703,61.87490328076483,62.49789810180664,1025500,0.0,0.0
2017-11-17,62.28121592264639,62.5701398008521,61.54987197430645,61.685306549072266,1630400,0.0,0.0
2017-11-20,61.640159501457916,61.730453810450655,61.143575244441,61.32415008544922,1771100,0.0,0.0
2017-11-21,61.59502048765471,61.920060718868356,61.42346956326729,61.486671447753906,2298000,0.0,0.0
2017-11-22,61.387350614754105,61.847825404204514,61.26997765953628,61.52278518676758,1318300,0.0,0.0
2017-11-24,61.67627068932049,61.82976686867796,61.53181220629282,61.58598327636719,655800,0.0,0.0
2017-11-27,61.51375708071887,61.74850988995587,61.03522754193909,61.062313079833984,1281000,0.0,0.0
2017-11-28,60.99008442298712,61.21580641287458,60.17748388169457,60.40320587158203,2552700,0.0,0.0
2017-11-29,60.294851998841104,60.43028655960472,59.59963135670346,60.25873565673828,2073300,0.0,0.0
2017-11-30,60.51154941955416,60.610867648483946,60.12330731241642,60.33097457885742,2518300,0.0,0.0
2017-12-01,60.51154692193329,60.8456179407709,59.85244258095507,60.06913375854492,1130200,0.0,0.0
2017-12-04,60.240680525601405,60.33999874359558,59.635747298537126,59.86146926879883,1696000,0.0,0.0
2017-12-05,59.86147954921459,59.933705356851384,59.112080826009354,59.148197174072266,1134000,0.0,0.0
2017-12-06,59.184312296373164,59.41905822118677,58.8231557117129,59.04887771606445,1064600,0.0,0.0
2017-12-07,59.139163871076235,59.139163871076235,58.65160352552047,58.82315444946289,2219200,0.0,0.0
2017-12-08,59.01275910189055,59.428086747324755,58.66966414831151,59.4190559387207,1356200,0.0,0.0
2017-12-11,59.53643701430952,59.671864703723216,59.021791129071154,59.518375396728516,1083200,0.0,0.0
2017-12-12,59.56351461481629,59.96078748679301,59.202358084699995,59.86146926879883,1687400,0.0,0.0
2017-12-13,59.99691015581183,60.1504063646515,59.17528558509194,59.25654220581055,1335600,0.0,0.0
2017-12-14,59.184312296373164,59.28363052936697,58.97664502143462,59.04887771606445,2811000,0.0,0.0
2017-12-15,59.35585617704186,59.68089641351943,59.17528132943827,59.28363037109375,3601100,0.0,0.0
2017-12-18,59.382928055743776,59.52739341138703,59.10303503979409,59.22943878173828,1595700,0.0,0.0
2017-12-19,59.17526975623705,59.256526355220245,57.550072335941564,58.05569076538086,2474500,0.0,0.0
2017-12-20,57.96539971667926,58.3897581266547,57.55007555861413,57.613277435302734,2072000,0.0,0.0
2017-12-21,57.83900698658248,57.83900698658248,57.062526147244476,57.234073638916016,1653000,0.0,0.0
2017-12-22,57.44172794731619,57.703566268188055,57.18892043433318,57.604248046875,1068600,0.0,0.0
2017-12-26,57.757745297837275,58.046669176473394,57.49590695649694,57.875118255615234,879000,0.0,0.0
2017-12-27,58.02860732513437,58.08278528799596,57.604252317487294,57.85706329345703,1623200,0.0,0.0
2017-12-28,57.87511688088618,58.12792440762668,57.5500801083245,58.01055145263672,1765600,0.0,0.0
2017-12-29,58.11429311872661,58.39639911330886,57.93228712357558,58.03239059448242,1752300,0.504,0.0
2018-01-02,58.214387316095056,58.25988446829061,57.75027192881963,57.795772552490234,1238500,0.0,0.0
2018-01-03,57.79577422117481,58.132486483304085,57.68657202691743,58.09608459472656,1408200,0.0,0.0
2018-01-04,58.02328620037086,58.04148714634812,56.99495878872222,57.095062255859375,1917000,0.0,0.0
2018-01-05,57.049560546875,57.204266858429676,56.894857706795946,57.049560546875,2226800,0.0,0.0
2018-01-08,57.02225772427707,57.6228750477492,56.894854575582286,57.43177032470703,1814100,0.0,0.0
2018-01-09,57.331672915183766,57.36807481050633,56.50354888971236,56.74015426635742,1614200,0.0,0.0
2018-01-10,56.42164819006701,56.43074692845472,55.55712224124661,55.930233001708984,1781800,0.0,0.0
2018-01-11,56.22144124771201,56.46714884196503,55.411518143401636,55.4752197265625,1677600,0.0,0.0
2018-01-12,55.38420901646263,55.502513424228816,54.71989013996459,54.983795166015625,1459500,0.0,0.0
2018-01-16,55.19311005005969,56.20323657530998,55.01110405102763,55.211307525634766,2277800,0.0,0.0
2018-01-17,55.52981693496265,55.57531756524832,55.074803689154834,55.3751106262207,1745400,0.0,0.0
2018-01-18,55.13850391932177,55.311407698775085,54.49238595920755,55.01110076904297,2043400,0.0,0.0
2018-01-19,55.00199753552089,55.22950414862997,54.76539218533663,55.029300689697266,1929200,0.0,0.0
2018-01-22,55.08390026879124,55.71182074515253,54.96559932897789,55.675418853759766,1692100,0.0,0.0
2018-01-23,55.80282385517146,56.28513678197755,55.76642196256991,56.23053741455078,1845100,0.0,0.0
2018-01-24,56.17593396292957,56.29423837685646,55.77552356310652,55.912025451660156,1136600,0.0,0.0
2018-01-25,55.86653333990389,56.03033840832341,55.17491463994728,55.702728271484375,1574200,0.0,0.0
2018-01-26,55.866527318198116,56.01213142204607,55.438813744374144,56.00303268432617,1568500,0.0,0.0
2018-01-29,56.075839044778604,56.130441891410456,55.293215600435566,55.702728271484375,2031000,0.0,0.0
2018-01-30,55.5662186142937,55.857426812773824,55.120304107666016,55.120304107666016,2620900,0.0,0.0
2018-01-31,54.55609043336018,56.12133368328537,54.1556765438061,56.066734313964844,5601000,0.0,0.0
2018-02-01,55.93022482012464,56.1850345868932,54.637988926594645,54.90189743041992,2124200,0.0,0.0
2018-02-02,54.30128151893265,54.92920204799764,53.65516351411931,54.55609130859375,2488600,0.0,0.0
2018-02-05,54.364988749034794,54.965606145600034,52.70873720001611,52.82704162597656,3428800,0.0,0.0
2018-02-06,51.79870595839321,52.945341275699974,51.02518483326248,52.51762771606445,3580000,0.0,0.0
2018-02-07,52.47213452035553,53.300258601751175,51.73501171193592,51.74411392211914,2799100,0.0,0.0
2018-02-08,51.78050550298909,52.581326265753034,50.27896049772481,50.28805923461914,3417000,0.0,0.0
2018-02-09,50.56107240322692,51.87150928274401,50.24256105281599,51.553001403808594,3152200,0.0,0.0
2018-02-12,51.7168046771225,51.98070970857308,50.02415492935642,51.516597747802734,2982800,0.0,0.0
2018-02-13,51.46199761931288,52.17182064631088,51.15258847202545,51.86241149902344,2242300,0.0,0.0
2018-02-14,51.32549721847376,51.762309532363766,50.815881116530896,51.57120132446289,2759100,0.0,0.0
2018-02-15,51.8260136953579,52.78154089660471,51.798710537738835,52.69963836669922,2179800,0.0,0.0
2018-02-16,52.690536550398704,53.31845359534187,52.43572676586941,52.75423812866211,2186800,0.0,0.0
2018-02-20,52.563132115348324,53.09094918180945,52.37202737258514,52.45392990112305,3020600,0.0,0.0
2018-02-21,52.50852789816701,52.58132821044014,50.824976849473,50.843177795410156,2923300,0.0,0.0
2018-02-22,51.01608424075816,51.534799041614605,50.852279201385024,51.11618423461914,2015000,0.0,0.0
2018-02-23,51.298192572426856,51.86241149902344,51.05248500209781,51.86241149902344,1894500,0.0,0.0
2018-02-26,51.98981857299805,52.208223004330165,51.60760561095307,51.98981857299805,2000100,0.0,0.0
2018-02-27,51.98070942667501,52.089915099243775,50.606571025867545,50.80677795410156,2340500,0.0,0.0
2018-02-28,51.04338846656372,51.83511057968339,50.97968688685729,51.17079162597656,4556600,0.0,0.0
2018-03-01,51.03429255458698,51.89881503318129,50.78858496005275,51.2526969909668,2380400,0.0,0.0
2018-03-02,51.13438118240162,51.35278904164837,50.506464228214334,50.92507553100586,2085300,0.0,0.0
2018-03-05,50.78858471357635,51.50750307393657,50.59747649332655,51.38920211791992,2832900,0.0,0.0
2018-03-06,51.3527929318542,51.85330678584504,50.961481280021715,51.77140426635742,2268100,0.0,0.0
2018-03-07,51.553003307218674,52.817939603801875,51.553003307218674,52.626834869384766,3176300,0.0,0.0
2018-03-08,52.69053952538275,53.04544933045351,52.426630988261884,53.02724838256836,2162100,0.0,0.0
2018-03-09,53.063648726053515,54.16478000482439,52.817941144005545,54.155677795410156,2828600,0.0,0.0
2018-03-12,53.99187689519022,54.3649876419513,53.555061096150894,54.14657974243164,2951200,0.0,0.0
2018-03-13,54.39228269916806,54.64708900069552,53.85536694132412,54.02827072143555,1577200,0.0,0.0
2018-03-14,54.21938147752629,54.446888106475676,53.88266916721872,54.182979583740234,2082300,0.0,0.0
2018-03-15,54.29218365647083,54.5287890312472,53.991876701120994,54.34678649902344,1924500,0.0,0.0
2018-03-16,54.38318045957929,55.02930189326195,54.31947888423355,54.81089401245117,2819100,0.0,0.0
2018-03-19,55.24770916460331,55.311410743249,54.41958517073363,54.892799377441406,2762300,0.0,0.0
2018-03-20,54.87459735263306,55.22040839525705,54.52878631000907,54.84729766845703,3513400,0.0,0.0
2018-03-21,54.792687084457135,55.08389524609531,54.273972329571954,54.719886779785156,2940600,0.0,0.0
2018-03-22,54.492392715054734,55.165810441867414,54.12838069357832,54.374088287353516,4788200,0.0,0.0
2018-03-23,54.35571848582513,54.42000103007648,53.22617784709089,53.593509674072266,4554400,0.54,0.0
2018-03-26,53.94246841647701,54.22714722198952,53.31800648360332,54.162864685058594,2320000,0.0,0.0
2018-03-27,54.190420208604074,55.18221405228495,53.71289373179769,54.50265121459961,2560400,0.0,0.0
2018-03-28,54.741413302508,56.7433642584437,54.53019874333955,56.52296447753906,3856200,0.0,0.0
2018-03-29,56.743370829930726,57.138251335061796,56.22910695035313,56.58725357055664,5297500,0.0,0.0
2018-04-02,56.45868100678544,56.669895562470444,55.55872196394411,56.05461883544922,3466300,0.0,0.0
2018-04-03,56.13727396478146,57.468847474612964,55.852591620305375,57.25762939453125,4343300,0.0,0.0
2018-04-04,56.94539212872388,58.04738399858377,56.83519399267857,57.992286682128906,4093600,0.0,0.0
2018-04-05,58.047385662512376,58.16676902347935,57.579040943543,58.120853424072266,2901300,0.0,0.0
2018-04-06,58.194315690063235,58.50654665973134,57.68923710760659,57.90045166015625,2491800,0.0,0.0
2018-04-09,57.918819496487096,57.93718643653254,57.129058590210946,57.211708068847656,4295800,0.0,0.0
2018-04-10,57.40455634646809,57.73515426482654,57.257624327546075,57.57904052734375,2922900,0.0,0.0
2018-04-11,57.542311226049875,58.06575680406137,57.30354798997668,57.42292785644531,3249900,0.0,0.0
2018-04-12,57.5147582280112,57.60658942654479,56.29338296932762,56.43113327026367,2712500,0.0,0.0
2018-04-13,56.58725115012378,56.789284005447634,56.36685485625769,56.614803314208984,2171100,0.0,0.0
2018-04-16,56.83519686677937,57.22089561714576,56.47705027916929,56.64234924316406,1736800,0.0,0.0
2018-04-17,56.78009863213038,57.67087247581254,56.64234832997696,57.331092834472656,1824200,0.0,0.0
2018-04-18,57.43211051545394,57.523941716813475,56.90866496080586,56.9178466796875,1282400,0.0,0.0
2018-04-19,56.77091383243832,56.816829432452295,55.50362295386521,55.74238967895508,2685700,0.0,0.0
2018-04-20,55.76076005980817,55.91687381011446,55.1087458880943,55.20058059692383,2443100,0.0,0.0
2018-04-23,55.30159734038024,55.57709446216774,54.99854805421881,55.476078033447266,1307900,0.0,0.0
2018-04-24,55.60463963266844,55.98115315953972,55.25567476530566,55.75157165527344,1998800,0.0,0.0
2018-04-25,55.3658798843016,55.971974953476916,54.98018111129769,55.384246826171875,1821600,0.0,0.0
2018-04-26,55.55872549425228,56.532152359082126,55.36587786634714,56.137271881103516,1528900,0.0,0.0
2018-04-27,56.11890294864996,57.19334269725664,55.86177278723346,56.890296936035156,1712200,0.0,0.0
2018-04-30,56.96376303884268,57.248445371865046,56.65153204567279,56.669898986816406,2946600,0.0,0.0
2018-05-01,56.7341827361201,57.303547414276565,56.47705256091131,57.138248443603516,4162900,0.0,0.0
2018-05-02,56.9362179002767,57.13825076221671,56.31175587531311,56.486236572265625,2034400,0.0,0.0
2018-05-03,56.45868384591682,57.0739641070142,56.2382875606997,56.56888198852539,1654000,0.0,0.0
2018-05-04,56.49542215206218,57.23926755497702,56.330123173636665,57.02804946899414,1531900,0.0,0.0
2018-05-07,57.22089362135832,57.47802377721039,56.8994774234076,57.3953742980957,1781500,0.0,0.0
2018-05-08,56.82602175188653,57.37701602714475,56.73418703725272,57.06478500366211,1707300,0.0,0.0
2018-05-09,57.07396785826111,57.50557873815264,57.037233973931954,57.45048141479492,1890800,0.0,0.0
2018-05-10,58.28615255593536,58.49736711633794,57.41374215209119,57.771888732910156,3002200,0.0,0.0
2018-05-11,57.91881791310485,58.05656820811209,57.3402715784642,57.441287994384766,1440500,0.0,0.0
2018-05-14,57.459656245735204,57.615773483849935,56.75254482128335,57.2025260925293,1274500,0.0,0.0
2018-05-15,56.7709180361994,56.945398730426724,55.87095889736961,56.01789093017578,2389800,0.0,0.0
2018-05-16,56.06380365041971,56.22910261671788,55.29240964207348,55.32914352416992,1585700,0.0,0.0
2018-05-17,55.33832817680319,55.613828803995936,54.667950557115226,54.860801696777344,1645000,0.0,0.0
2018-05-18,54.84243418515855,55.007733158502994,54.44755369362859,54.75978469848633,1892200,0.0,0.0
2018-05-21,55.00773245554708,55.70565872053226,54.4567347170616,55.36587905883789,1239300,0.0,0.0
2018-05-22,55.32913864991786,55.577087077521966,55.10873887989126,55.485252380371094,1948600,0.0,0.0
2018-05-23,55.63219470679308,57.03723246543122,55.63219470679308,56.706634521484375,2209700,0.0,0.0
2018-05-24,56.67908329737298,56.93621346297653,55.86177369687392,56.20155334472656,2883400,0.0,0.0
2018-05-25,56.339302949520395,56.99131712109768,56.28420562737016,56.715816497802734,1131700,0.0,0.0
2018-05-29,56.5596992612774,57.20252817078272,56.17400051431992,56.807647705078125,1454400,0.0,0.0
2018-05-30,56.59643040927707,58.690212496074274,56.59643040927707,58.60756301879883,2321600,0.0,0.0
2018-05-31,58.332068970466466,59.00244654192843,58.03820492552796,58.7636833190918,4653000,0.0,0.0
2018-06-01,58.873886625304884,58.9565326110048,58.45145746153703,58.616756439208984,1981400,0.0,0.0
2018-06-04,58.892246377850626,59.342231181621685,58.52491806401337,59.333045959472656,2124600,0.0,0.0
2018-06-05,59.62691316571736,59.62691316571736,58.763687904247554,58.79123306274414,2019700,0.0,0.0
2018-06-06,58.635116704924336,59.22284481455501,58.598386325424315,59.0759162902832,1705400,0.0,0.0
2018-06-07,59.19529883819635,59.222847499854446,58.66267152836896,58.87388610839844,2031300,0.0,0.0
2018-06-08,59.12182732074559,59.52589301616849,59.002447459039544,59.32386016845703,1670100,0.0,0.0
2018-06-11,59.32386502191653,59.54426132550957,58.80960464477539,58.80960464477539,1216400,0.0,0.0
2018-06-12,58.80959975749975,59.26876277215268,58.68103467389865,58.96571350097656,2533600,0.0,0.0
2018-06-13,59.17692998023363,59.461608799661455,57.79943747015597,58.038204193115234,2127900,0.0,0.0
2018-06-14,58.24941752016928,59.16774350534851,58.11166722113815,58.54328155517578,1725400,0.0,0.0
2018-06-15,58.62593178168738,58.993260078562635,58.120853184024114,58.29533386230469,3552300,0.0,0.0
2018-06-18,58.18513959467073,58.423902828368014,57.14743016826536,57.3219108581543,2124000,0.0,0.0
2018-06-19,57.05559807083175,57.689241779798905,56.88111388053749,56.945396423339844,2462500,0.0,0.0
2018-06-20,57.230077817548455,57.60659134911907,56.63316449775162,57.54230880737305,1518200,0.0,0.0
2018-06-21,57.64332174423035,57.75351988010979,57.00049286251836,57.72597122192383,1555700,0.0,0.0
2018-06-22,57.901969471332556,58.71709979206392,57.58703299742433,58.467002868652344,4756400,0.54,0.0
2018-06-25,58.58741759915321,59.2080257021519,58.3836341463523,58.967193603515625,1804500,0.0,0.0
2018-06-26,58.94865830979555,58.94865830979555,58.35583766710711,58.38362503051758,1884000,0.0,0.0
2018-06-27,58.53184053367965,58.735623990670696,58.04091151473617,58.06869888305664,1699100,0.0,0.0
2018-06-28,58.06869091109852,58.82824283116597,57.98532528409161,58.633724212646484,1834000,0.0,0.0
2018-06-29,58.328058310568444,59.22655067458015,57.99459576990833,58.99497985839844,3031500,0.0,0.0
2018-07-02,58.985721191330846,59.226553296083914,58.02238570533778,58.791202545166016,1859100,0.0,0.0
2018-07-03,58.80046427089713,59.59706495175112,58.53184126215486,58.911617279052734,992300,0.0,0.0
2018-07-05,58.9486705553255,59.61559568363662,58.680047541590135,59.60633087158203,1719300,0.0,0.0
2018-07-06,59.79158712429969,60.11578485116895,59.541486687157395,60.013893127441406,1959100,0.0,0.0
2018-07-09,60.01389383535384,60.199147662327086,59.40254348577723,59.791587829589844,2413300,0.0,0.0
2018-07-10,59.80084482125504,60.171359537517844,59.53222182863902,60.08799743652344,2185600,0.0,0.0
2018-07-11,60.050945258199114,60.402930351809545,59.912001356228004,60.08799743652344,1411700,0.0,0.0
2018-07-12,60.310300534819746,60.49555435053873,60.01389018948132,60.32882308959961,1518100,0.0,0.0
2018-07-13,60.41220256234628,60.653038217461415,59.70822522192273,59.745277404785156,1229800,0.0,0.0
2018-07-16,59.569274829459054,59.84716263723816,59.115398005934985,59.6804313659668,1233300,0.0,0.0
2018-07-17,59.82863339538922,59.82863339538922,59.05055883582083,59.15245056152344,1534400,0.0,0.0
2018-07-18,59.050553833862885,59.59705752817492,58.98571429272451,59.32844161987305,2125300,0.0,0.0
2018-07-19,59.13392635302665,60.106523116915525,59.05056071420815,59.55075454711914,1631300,0.0,0.0
2018-07-20,59.29139214021476,59.43959378370768,58.46699708891323,58.559627532958984,1511600,0.0,0.0
2018-07-23,58.615206891549846,58.615206891549846,58.08722568603862,58.56889343261719,1445800,0.0,0.0
2018-07-24,58.51331741374359,58.94867171814452,58.059440551849086,58.818992614746094,2486100,0.0,0.0
2018-07-25,59.384026292512644,60.77345132122472,58.81899288214457,59.84716796875,1901600,0.0,0.0
2018-07-26,60.449254745208705,60.449254745208705,59.56002355745431,59.745277404785156,1700700,0.0,0.0
2018-07-27,59.90273818541464,59.99536510027195,59.17097707766521,59.30991744995117,1514000,0.0,0.0
2018-07-30,59.29139370556933,59.36549099578189,58.70783425989002,59.06908416748047,1524100,0.0,0.0
2018-07-31,59.504429285042086,61.07911492542383,59.27286202438583,60.60670852661133,3097400,0.0,0.0
2018-08-01,60.18989440883699,61.143965116198615,59.90274176852838,61.05133819580078,2065600,0.0,0.0
2018-08-02,60.85680265776769,61.523727684205674,60.838280103468804,61.106903076171875,1386700,0.0,0.0
2018-08-03,61.12542563732622,62.00539890668943,60.8845970965143,61.97761154174805,1314500,0.0,0.0
2018-08-06,61.92203022832218,62.44075362353739,61.74604122665947,62.06097412109375,1042100,0.0,0.0
2018-08-07,62.0609736365722,62.0609736365722,61.449623339942185,61.97761154174805,942900,0.0,0.0
2018-08-08,62.098034255039686,62.098034255039686,61.58857560524837,61.64415740966797,948700,0.0,0.0
2018-08-09,61.67193802250974,62.01465828847969,61.46815458491675,61.959083557128906,699500,0.0,0.0
2018-08-10,61.847932007477674,62.10729726428576,61.07912224962653,61.0976448059082,958200,0.0,0.0
2018-08-13,61.05133299384561,61.57004935746041,60.958699014359745,61.458892822265625,1062300,0.0,0.0
2018-08-14,60.80123293364121,62.12581828493057,60.79196812223905,61.69046401977539,1178400,0.0,0.0
2018-08-15,61.66266819844886,62.39443272532208,61.57930610820002,62.20917892456055,1440900,0.0,0.0
2018-08-16,62.20918856963742,62.51485668158759,61.98687549388016,62.4222297668457,802000,0.0,0.0
2018-08-17,62.477809068991256,62.87611119177705,62.30182003821226,62.848323822021484,1341500,0.0,0.0
2018-08-20,62.98725468822071,63.16325074951835,62.588952647954244,62.75568389892578,1112600,0.0,0.0
2018-08-21,62.64453221092127,62.70937175424905,61.9683494115002,62.04245376586914,1133900,0.0,0.0
2018-08-22,62.04246144972829,62.24623784900997,61.69046925637224,61.96835708618164,1095200,0.0,0.0
2018-08-23,62.079506591818024,62.29255487036306,61.87573019244674,61.931304931640625,1023000,0.0,0.0
2018-08-24,61.84793534112652,62.551912656446355,61.84793534112652,62.459285736083984,1905000,0.0,0.0
2018-08-27,62.55189844766543,62.59821543081614,61.857186102281354,62.50558853149414,1802800,0.0,0.0
2018-08-28,62.468547482021926,62.93168912808204,62.1258201198244,62.92242431640625,1379000,0.0,0.0
2018-08-29,62.90389685807711,63.116938041153766,62.764952961690526,62.91315460205078,1218300,0.0,0.0
2018-08-30,63.153989292111866,63.153989292111866,62.57043341621965,62.672325134277344,982300,0.0,0.0
2018-08-31,62.839045990921726,63.03357167287156,62.357381858659316,62.75568389892578,1261200,0.0,0.0
2018-09-04,62.47780419744208,62.86684854462869,61.92203564472196,62.07950210571289,1475100,0.0,0.0
2018-09-05,62.10730061191459,62.87611041120515,61.838677595977,62.459285736083984,1611700,0.0,0.0
2018-09-06,62.68157507562162,63.237343516858836,62.51484383655255,62.97798538208008,1531600,0.0,0.0
2018-09-07,62.56117869655976,62.67233524336505,61.949828289602394,62.28329086303711,1228500,0.0,0.0
2018-09-10,62.64453985821426,63.07062934738,62.27403217510044,62.8020133972168,1125400,0.0,0.0
2018-09-11,62.524109728196095,63.274396783501075,62.505587175525285,62.98725128173828,2886000,0.0,0.0
2018-09-12,62.922435363300785,63.0706370412289,62.635289753764994,62.76496887207031,1463600,0.0,0.0
2018-09-13,63.09841698930903,63.31145817746059,62.774212201023985,63.116939544677734,1132600,0.0,0.0
2018-09-14,62.95020629626085,62.95020629626085,62.00540052863991,62.82979202270508,1400200,0.0,0.0
2018-09-17,62.802015659567694,63.52451556144013,62.626019556861884,63.357784271240234,1640900,0.0,0.0
2018-09-18,63.27440567973408,63.37629740119744,62.4685437861351,62.77421188354492,1427700,0.0,0.0
2018-09-19,62.839049715879895,62.839049715879895,61.94056093641808,62.07024002075195,1057000,0.0,0.0
2018-09-20,62.116550467546496,62.9316842239584,61.949819205278615,62.91315460205078,1027100,0.0,0.0
2018-09-21,62.894485089285986,63.77217168369246,62.717078533322905,63.20261001586914,3188900,0.54,0.0
2018-09-24,63.18393305254353,63.323990487527496,61.54061432782397,61.718013763427734,1392500,0.0,0.0
2018-09-25,61.792711870210596,62.04480955371003,61.27917031765263,61.848731994628906,1466000,0.0,0.0
2018-09-26,61.94210132982413,62.11950788888627,60.644249539126626,60.68159866333008,2051800,0.0,0.0
2018-09-27,60.728290091948644,61.08309610539999,60.56022258586802,60.64425277709961,2142800,0.0,0.0
2018-09-28,60.75629548523209,61.88607975229623,60.71894636190556,61.867408752441406,2580900,0.0,0.0
2018-10-01,61.820719548193026,62.16619359055521,61.42856444515495,61.661991119384766,1268200,0.0,0.0
2018-10-02,61.755362746059376,62.15685692616369,61.643315373605716,61.848731994628906,964100,0.0,0.0
2018-10-03,61.88608913173932,62.13819397149812,60.77497569612987,61.02708053588867,1245900,0.0,0.0
2018-10-04,60.672273096574884,60.915031743965386,60.00933497686555,60.653594970703125,1098500,0.0,0.0
2018-10-05,60.746958570090655,61.204480004295235,60.522870945829865,60.58823013305664,1559800,0.0,0.0
2018-10-08,60.681600138439606,61.690005145594995,60.681600138439606,60.97105407714844,2430600,0.0,0.0
2018-10-09,61.07376465130605,61.43790973010138,60.7469615753873,61.20448303222656,1661200,0.0,0.0
2018-10-10,61.15779327466951,61.559287469661655,60.3641439469736,60.401493072509766,1567600,0.0,0.0
2018-10-11,60.64424894411928,60.64424894411928,58.655456184213456,58.70214080810547,1988600,0.0,0.0
2018-10-12,58.935568679994674,59.607838675408026,58.263302246389884,58.51539993286133,1736500,0.0,0.0
2018-10-15,58.35667271296389,59.477121541414526,58.281974462223154,58.80485153198242,1440100,0.0,0.0
2018-10-16,59.04761235429254,60.31745045456916,58.627443633483786,60.11203384399414,2653100,0.0,0.0
2018-10-17,60.02800649453681,60.28010417711094,59.542478567778595,59.82258987426758,2265500,0.0,0.0
2018-10-18,59.8692807913652,60.42950342989996,59.65452509939125,60.14005661010742,1453900,0.0,0.0
2018-10-19,60.140056743356475,60.67226931968629,60.12137861864744,60.56956100463867,1743000,0.0,0.0
2018-10-22,60.68160412319119,60.71895325075515,59.29971845960425,59.32773208618164,1558100,0.0,0.0
2018-10-23,59.19701250715491,59.75723516207586,58.61811172701998,59.51447296142578,2075700,0.0,0.0
2018-10-24,59.79458209575864,61.67133468834554,59.79458209575864,61.09243392944336,3064300,0.0,0.0
2018-10-25,61.167129637182896,62.07282630151195,60.56955790221429,61.6806640625,1626500,0.0,0.0
2018-10-26,61.54995092783856,61.56862905318016,60.31745822914387,60.54154586791992,2238200,0.0,0.0
2018-10-29,61.092433670031625,62.05415049428526,61.092433670031625,61.83006286621094,1494500,0.0,0.0
2018-10-30,62.044820960596745,62.511674412892035,61.2791815837772,61.41923904418945,2052400,0.0,0.0
2018-10-31,61.3445360319845,61.66200005924424,60.59757484032344,60.653594970703125,3099800,0.0,0.0
2018-11-01,60.94304196566422,60.94304196566422,59.96265406341299,60.52287673950195,2233800,0.0,0.0
2018-11-02,60.23342712259824,60.700280518412725,59.40242508612911,60.168067932128906,2228400,0.0,0.0
2018-11-05,60.308123193065676,61.493934904814644,60.28011312680072,61.3165283203125,1512200,0.0,0.0
2018-11-06,61.51259672056898,62.47432063494192,61.288509100299876,62.11016845703125,2327200,0.0,0.0
2018-11-07,62.47433025786582,63.249301548085526,61.904768495755434,62.9972038269043,1681800,0.0,0.0
2018-11-08,62.782439395655544,63.04387614387911,62.24089489874263,62.83846664428711,872500,0.0,0.0
2018-11-09,62.92248964548054,63.221275484128675,62.55834462724113,63.006526947021484,1105900,0.0,0.0
2018-11-12,63.07189387111959,63.69747568453838,62.670399683298236,63.52006912231445,1007300,0.0,0.0
2018-11-13,63.6414541553253,63.89355183810982,63.06255341804862,63.62277603149414,1215400,0.0,0.0
2018-11-14,63.81885982826133,64.36041149442894,63.464053800574476,64.2016830444336,2222300,0.0,0.0
2018-11-15,63.828195620350556,63.828195620350556,62.567692900572524,63.286643981933594,2349900,0.0,0.0
2018-11-16,63.23062332921699,64.85527110733926,63.23062332921699,64.76190185546875,1785700,0.0,0.0
2018-11-19,64.76190624309169,65.28477978788511,64.04294799538295,64.79925537109375,1792800,0.0,0.0
2018-11-20,64.84592417295718,65.24741831851571,64.23902054766657,64.93930053710938,1552200,0.0,0.0
2018-11-21,64.84592808707845,65.61156730347216,64.50046116388201,64.89261627197266,1327800,0.0,0.0
2018-11-23,64.86460789422703,64.92996708060538,64.18299884460957,64.52847290039062,377800,0.0,0.0
2018-11-26,64.84593963623047,64.93931602264934,64.13632754005027,64.84593963623047,1558300,0.0,0.0
2018-11-27,64.87393923687252,65.33145348708175,64.38840780416314,65.21940612792969,1859600,0.0,0.0
2018-11-28,65.06068550930017,65.74229455950366,64.98598726091295,65.56488800048828,1730300,0.0,0.0
2018-11-29,65.35014310612,65.90103387440251,64.72456120073635,65.61157989501953,1975800,0.0,0.0
2018-11-30,65.92903196872946,66.56395282230764,65.52753779479596,66.52660369873047,2534500,0.0,0.0
2018-12-03,66.76003165116217,67.12417670846095,66.47991678080136,67.11483764648438,2157900,0.0,0.0
2018-12-04,66.98411268997675,67.1615192320106,65.91034862394768,66.06908416748047,2057100,0.0,0.0
2018-12-06,65.7796272136649,67.92715524615114,64.97663896663899,67.83378601074219,2593000,0.0,0.0
2018-12-07,67.59103221830469,67.80578790886821,66.59196626366702,66.91876220703125,2114200,0.0,0.0
2018-12-10,67.133508420753,67.17085754095332,65.80764670991519,66.76936340332031,1795500,0.0,0.0
2018-12-11,67.07748837067876,67.32025411620195,66.64798412774824,66.68533325195312,1262700,0.0,0.0
2018-12-12,67.03080549030045,67.21754398264356,64.7992470258011,64.89261627197266,1795000,0.0,0.0
2018-12-13,65.01399824899487,65.910355871555,65.01399824899487,65.37814331054688,1936300,0.0,0.0
2018-12-14,65.22875328937462,65.51820009860961,64.96731654250212,65.30345153808594,1732600,0.0,0.0
2018-12-17,65.49018404254272,65.75162076548837,63.090558230339525,63.24928665161133,2097900,0.0,0.0
2018-12-18,63.68813946125646,64.42576868216169,63.31465531953492,63.79084777832031,1783000,0.0,0.0
2018-12-19,64.0989650940247,64.77123504431898,63.380006960220186,63.706809997558594,1539900,0.0,0.0
2018-12-20,63.81885164055825,64.35106417561666,63.06255149169019,63.604103088378906,1777700,0.0,0.0
2018-12-21,63.60411055334329,65.41549692329315,62.763772998409,62.78244400024414,3744100,0.0,0.0
2018-12-24,62.78244027424545,62.96918589960216,59.45844650268554,59.45844650268555,731500,0.0,0.0
2018-12-26,59.60784069721867,61.0830955505371,58.98225530542152,61.08309555053711,1606400,0.0,0.0
2018-12-27,60.74695733615945,61.68066406250001,59.701206799964396,61.6806640625,1850100,0.0,0.0
2018-12-28,62.259565236675286,62.633049354570446,61.07376082024648,61.848731994628906,1398800,0.0,0.0
2018-12-31,61.92404316722032,62.14997260400806,60.94500603158369,62.14056396484375,1266000,0.54,0.0
2019-01-02,61.58514177106325,61.59455759183683,59.69296758800155,60.0224494934082,1300000,0.0,0.0
2019-01-03,59.937727833522914,61.246246877051746,59.937727833522914,60.399009704589844,1744700,0.0,0.0
2019-01-04,60.559044851545174,61.378041770910244,60.39901179628619,60.77555847167969,1462500,0.0,0.0
2019-01-07,60.9732437631554,61.716935609567145,60.86969846150766,61.28390121459961,1792200,0.0,0.0
2019-01-08,61.50043063213135,62.51712397105271,61.36863784917873,62.432395935058594,2047900,0.0,0.0
2019-01-09,62.592429002619916,62.62066928722862,61.8299125895129,62.432395935058594,1119500,0.0,0.0
2019-01-10,62.64891163239834,63.5902926806257,62.24411749437387,63.458499908447266,1211900,0.0,0.0
2019-01-11,63.35494861776583,63.806807507454096,63.17608391692346,63.590293884277344,1606100,0.0,0.0
2019-01-14,63.32670585418531,63.92919638877828,63.034880000339285,63.66560363769531,1590400,0.0,0.0
2019-01-15,63.787981334745616,64.68229045062648,63.73149358842458,64.44694519042969,1354900,0.0,0.0
2019-01-16,64.3245732947946,65.13416162805564,63.82564245312237,65.03060913085938,1911000,0.0,0.0
2019-01-17,64.97412249883756,65.84019859777024,64.97412249883756,65.81195831298828,2684300,0.0,0.0
2019-01-18,66.05671593396414,66.1979245479474,65.42599226462987,66.00965118408203,1741900,0.0,0.0
2019-01-22,65.97198224405562,66.30146415782367,65.55777230550892,66.27322387695312,1858000,0.0,0.0
2019-01-23,66.02846251342912,66.46149690991639,65.8495978258183,66.21673583984375,2299100,0.0,0.0
2019-01-24,66.19790260629821,66.4426636439306,65.52952304929515,66.22614288330078,919900,0.0,0.0
2019-01-25,66.33912381841367,66.7250863146274,66.16967494193344,66.52739715576172,2190700,0.0,0.0
2019-01-28,66.25439198176342,67.52526207341796,66.25439198176342,67.5158462524414,1647200,0.0,0.0
2019-01-29,67.24286119100046,68.13717048190907,67.24286119100046,68.12776184082031,1966700,0.0,0.0
2019-01-30,67.86416268834728,68.41958129365472,67.41230376480476,67.7794418334961,2494600,0.0,0.0
2019-01-31,67.21459675465975,68.4101473207552,66.83804296350256,68.30659484863281,2403900,0.0,0.0
2019-02-01,68.5231233066563,68.66433189196619,66.63094550070463,67.79825592041016,1528400,0.0,0.0
2019-02-04,67.42172564852005,68.5419644178832,67.22403645392656,68.52313995361328,1518800,0.0,0.0
2019-02-05,68.09010011624504,68.7208237612927,67.61940954253755,68.67375183105469,1334100,0.0,0.0
2019-02-06,68.55136868737284,68.73023338755036,68.19364646918537,68.72081756591797,1192300,0.0,0.0
2019-02-07,68.58902471443803,69.31388497162848,68.21247085341015,69.22916412353516,1470000,0.0,0.0
2019-02-08,68.99380881990828,69.51156401909422,68.87143188530065,69.13501739501953,1695300,0.0,0.0
2019-02-11,69.17268601402931,69.52099242255808,68.89968463464572,69.15385437011719,1587600,0.0,0.0
2019-02-12,69.09737674174349,69.09737674174349,68.11833949953561,68.28778839111328,2018300,0.0,0.0
2019-02-13,68.04303081321679,69.06914003824566,67.9018221992187,68.99382781982422,1246800,0.0,0.0
2019-02-14,69.0597154551789,69.16326794683064,68.56078464022102,68.83378601074219,1037100,0.0,0.0
2019-02-15,69.39861681576119,69.4174412778717,68.69258098084582,68.91851043701172,1968900,0.0,0.0
2019-02-19,68.78672259873906,69.2668290119889,68.75848231245996,69.21975708007812,1393500,0.0,0.0
2019-02-20,69.11619084731973,69.14443112798956,67.65705461609812,68.41957092285156,1888900,0.0,0.0
2019-02-21,68.04301939278609,69.5680592400975,67.83591441797212,69.53040313720703,1487600,0.0,0.0
2019-02-22,69.66220232849152,70.06699649417352,69.24799234067702,69.87872314453125,1395400,0.0,0.0
2019-02-25,70.01051723028115,70.09523808454847,69.09737638494816,69.19151306152344,1292000,0.0,0.0
2019-02-26,69.40803642812214,69.56806950238838,68.93734584580852,69.39862060546875,1004800,0.0,0.0
2019-02-27,68.9749911310657,69.32330472917177,68.59844443082642,69.03147888183594,1123100,0.0,0.0
2019-02-28,68.94673561071794,70.30232641495441,68.77728676018837,69.370361328125,2830700,0.0,0.0
2019-03-01,69.33272166747035,69.36096195222613,68.38192471507367,69.19151306152344,1374700,0.0,0.0
2019-03-04,69.39861050384832,69.77516435132193,68.91850416876528,69.64337158203125,1805200,0.0,0.0
2019-03-05,69.58688239668541,70.09522900293155,69.50216155339461,69.59629821777344,1278600,0.0,0.0
2019-03-06,69.6716055385149,69.83163857495808,69.21973952613617,69.23857116699219,1065000,0.0,0.0
2019-03-07,69.34213880513859,69.85047830472139,68.88085687148399,69.12561798095703,1422000,0.0,0.0
2019-03-08,69.14443851641208,69.6433765295054,68.83378821368242,69.32330322265625,957100,0.0,0.0
2019-03-11,69.55863835747544,70.17053741612874,69.15384425856635,70.07640075683594,1271000,0.0,0.0
2019-03-12,70.1328951523002,70.76361879437904,70.0011023668559,70.6506576538086,1622300,0.0,0.0
2019-03-13,70.725965318818,71.21548755340102,70.49062002431381,70.51886749267578,1201500,0.0,0.0
2019-03-14,70.4529520943098,70.6600570678711,70.17054209759027,70.6600570678711,1321400,0.0,0.0
2019-03-15,70.66006505795067,70.83892977028236,70.08582199620285,70.37765502929688,2416000,0.0,0.0
2019-03-18,70.46236847945656,70.72595401803791,69.22916163159356,69.64337158203125,1361700,0.0,0.0
2019-03-19,69.57748277230048,69.80341223251473,68.95616777900125,69.19151306152344,1441900,0.0,0.0
2019-03-20,69.15386469063712,69.79400421799599,68.51372516327824,69.30448913574219,1208700,0.0,0.0
2019-03-21,69.06913950102634,70.5282760152082,69.02206756933695,70.40589904785156,1159500,0.0,0.0
2019-03-22,70.67907485501581,71.8173740322931,70.5747299194336,70.5747299194336,1484800,0.568,0.0
2019-03-25,70.73600087515764,71.0016035837327,70.33759681229506,70.64114379882812,803900,0.0,0.0
2019-03-26,70.89725211448432,71.31463189654194,70.72650649792715,71.27668762207031,1177200,0.0,0.0
2019-03-27,71.66561699748942,71.66561699748942,70.62216745513209,71.12492370605469,1152600,0.0,0.0
2019-03-28,71.42846562173287,71.76995685915851,70.9636536814349,71.74149322509766,1015800,0.0,0.0
2019-03-29,71.60869121086236,71.7984125838394,71.18183078664224,71.44743347167969,1995900,0.0,0.0
2019-04-01,71.17234862526033,71.44743921032443,69.94867281051206,71.12492370605469,1465200,0.0,0.0
2019-04-02,71.22925922772268,71.9786424045313,70.41348261349877,71.79841613769531,1665400,0.0,0.0
2019-04-03,71.57075251944732,71.85533098254741,71.0395471079335,71.51383972167969,1282900,0.0,0.0
2019-04-04,71.6845907271255,71.6845907271255,70.944695352144,71.40950012207031,762400,0.0,0.0
2019-04-05,71.38103530408702,71.85532789746966,71.17234540505775,71.72252655029297,761400,0.0,0.0
2019-04-08,71.6181818090026,71.93121665845662,71.2102898880224,71.67509460449219,831600,0.0,0.0
2019-04-09,71.79841818477978,71.90276313877442,71.26720553613501,71.51383972167969,877200,0.0,0.0
2019-04-10,71.85532696627787,72.46242089896971,71.54229212179068,72.42447662353516,1746000,0.0,0.0
2019-04-11,72.5572726552761,72.96516453991255,72.31064573870894,72.74699401855469,1926900,0.0,0.0
2019-04-12,72.56676538088954,73.47740627407642,72.01658424631918,73.4679183959961,1659300,0.0,0.0
2019-04-15,73.55330143406327,73.64815851199893,72.99363237111994,73.61021423339844,1791400,0.0,0.0
2019-04-16,73.6007110336023,73.6007110336023,71.46639465724317,71.83634948730469,1732800,0.0,0.0
2019-04-17,71.81738724548381,71.95018859936172,70.23325164056091,70.47039794921875,2010000,0.0,0.0
2019-04-18,70.4419373233987,71.31463394998377,70.1099339586251,71.21028900146484,1584600,0.0,0.0
2019-04-22,70.85931641542636,70.98263713166607,69.52181495480565,70.3565673828125,1543500,0.0,0.0
2019-04-23,70.64114465620771,71.26720715728595,70.37554194440901,71.10594940185547,1009400,0.0,0.0
2019-04-24,71.37155151927514,71.94070121655126,70.91623465630667,71.58972930908203,1230800,0.0,0.0
2019-04-25,71.23874652647102,72.27270814985285,71.09645730013564,72.06401824951172,769100,0.0,0.0
2019-04-26,72.44346104408875,72.64266308609693,71.95968052085095,72.28219604492188,836800,0.0,0.0
2019-04-29,72.04504906811056,72.538317466141,71.32412946657584,71.42847442626953,693400,0.0,0.0
2019-04-30,71.53281698434084,72.73751706426994,71.2197821157695,72.49088287353516,1516700,0.0,0.0
2019-05-01,72.33911218490803,73.69558936301995,72.33911218490803,72.58573913574219,1244500,0.0,0.0
2019-05-02,72.58572651680535,73.4679109231497,71.97863264976513,72.4719009399414,907100,0.0,0.0
2019-05-03,72.61419309121406,72.82287573629914,71.95017917169955,72.65213012695312,1862300,0.0,0.0
2019-05-06,72.50036163907816,72.70905152522664,71.99761267906422,72.29167175292969,928800,0.0,0.0
2019-05-07,72.10195569432722,72.28218194262107,70.47038815947757,70.92570495605469,841300,0.0,0.0
2019-05-08,71.02057041821915,71.63714495545982,70.55575849948096,70.61267852783203,802700,0.0,0.0
2019-05-09,70.565252604864,71.02057668620705,70.0530157272771,70.97314453125,770800,0.0,0.0
2019-05-10,70.87828328757114,72.20630393978149,70.87828328757114,71.93121337890625,819800,0.0,0.0
2019-05-13,71.45692348430835,72.09247381922438,71.14388863739248,71.9406967163086,979700,0.0,0.0
2019-05-14,71.9976155029028,72.38653165741769,71.76995708959822,71.91223907470703,807900,0.0,0.0
2019-05-15,72.01659063653811,72.65214101883385,71.91224567978733,72.27271270751953,555000,0.0,0.0
2019-05-16,71.77943807023316,73.09797087743861,71.77943807023316,72.86082458496094,945200,0.0,0.0
2019-05-17,72.56676257677564,73.03156726492323,72.24424710581248,72.68059539794922,1174000,0.0,0.0
2019-05-20,72.64265118844088,72.89876598989508,71.43794401729535,71.8553237915039,799300,0.0,0.0
2019-05-21,72.09247633399004,72.8513474007791,72.09247633399004,72.43396759033203,776000,0.0,0.0
2019-05-22,72.41499124513099,72.85134680912596,72.11144426830676,72.69956970214844,561700,0.0,0.0
2019-05-23,72.57625136225033,73.15488887880893,72.41498638762148,73.14540100097656,897400,0.0,0.0
2019-05-24,73.40152449514272,73.64815868806997,73.14540966039102,73.22129821777344,779900,0.0,0.0
2019-05-28,73.58174810627465,73.82838226600741,72.29167175292969,72.29167175292969,1721900,0.0,0.0
2019-05-29,72.4908730432156,72.66161865408817,71.41897446431729,71.77943420410156,1793200,0.0,0.0
2019-05-30,71.90276152171828,72.32013409117938,71.70355225974976,71.9217300415039,1178900,0.0,0.0
2019-05-31,72.29166463126681,73.30665032898415,71.65611439488286,72.6331558227539,1676500,0.0,0.0
2019-06-03,72.80390984465114,73.20231386845327,71.76046763306593,72.32012939453125,1524600,0.0,0.0
2019-06-04,72.22526740653296,72.29166807264254,70.88776620714596,71.59920501708984,1633300,0.0,0.0
2019-06-05,72.17785109302879,73.3920463409085,71.60870136763195,73.27821350097656,1872700,0.0,0.0
2019-06-06,73.37306361741096,73.98964544353322,73.08849240029119,73.79044342041016,906900,0.0,0.0
2019-06-07,74.08450583390992,74.5018856556022,73.79044672524365,73.9706802368164,738900,0.0,0.0
2019-06-10,74.03708194255348,74.03708194255348,72.97466385309369,73.8283920288086,1159800,0.0,0.0
2019-06-11,73.94220109494873,74.01808963518482,73.10744886374032,73.79991912841797,726800,0.0,0.0
2019-06-12,73.82838416676483,74.30267674308408,73.21180237012373,73.65763854980469,998900,0.0,0.0
2019-06-13,73.55329303392999,73.9232406616211,73.41100381471104,73.9232406616211,1126000,0.0,0.0
2019-06-14,73.98964816169715,74.48290929843749,73.79993400998109,74.23628234863281,1153500,0.0,0.0
2019-06-17,74.45444512130385,75.08051478339853,74.28369950774442,74.62519073486328,958000,0.0,0.0
2019-06-18,75.12794606396261,75.232291016487,73.4110091422756,74.03707885742188,1450000,0.0,0.0
2019-06-19,73.70506685384463,74.67262780681378,73.52484058780584,74.39753723144531,1065200,0.0,0.0
2019-06-20,74.62519281022516,75.38406383317837,74.60622429136002,74.77696990966797,1250600,0.0,0.0
2019-06-21,74.97617766469271,75.09001049798938,73.50586765908415,74.01810455322266,2764100,0.0,0.0
2019-06-24,74.31215872904207,74.41650367669153,73.71455267742915,74.24575805664062,794300,0.0,0.0
2019-06-25,74.33113407025502,74.71056958348655,72.8892805674013,72.9556884765625,956000,0.0,0.0
2019-06-26,72.88927117903029,72.95567907963795,71.18182244510898,71.76045989990234,1558100,0.0,0.0
2019-06-27,72.22688250282437,73.09662880222544,71.93059882767375,72.2651138305664,876300,0.568,0.0
2019-06-28,72.33200546985549,73.2686546227143,72.28421449471449,72.56138610839844,1934500,0.0,0.0
2019-07-01,72.9914957959972,73.02972712443172,71.51962246472935,72.77166748046875,891700,0.0,0.0
2019-07-02,72.972369009177,74.28176452934922,72.972369009177,74.00459289550781,1266400,0.0,0.0
2019-07-03,74.27220925276724,75.0941645486373,74.17663458178049,74.87433624267578,530100,0.0,0.0
2019-07-05,74.44425160476428,74.69275159961586,73.23999025173944,74.4729232788086,639500,0.0,0.0
2019-07-08,74.59717396287628,75.40956962671942,74.54938298011132,75.34266662597656,802200,0.0,0.0
2019-07-09,75.26620570644471,75.9543550396045,74.96992202373217,75.81098937988281,1084200,0.0,0.0
2019-07-10,75.93523277611963,76.33665806610465,75.57204610524566,76.0499267578125,1202800,0.0,0.0
2019-07-11,76.2984377992433,76.31754981968926,75.15151969169536,75.7823257446289,1554300,0.0,0.0
2019-07-12,75.92567354064644,75.92567354064644,75.24708395045113,75.36177062988281,939400,0.0,0.0
2019-07-15,75.50514817831207,76.06904388612337,75.07505847885872,75.62939453125,794400,0.0,0.0
2019-07-16,75.46690494728146,75.67717358207877,75.09415865536967,75.36177062988281,732900,0.0,0.0
2019-07-17,75.48602676486196,75.79187007331414,74.38689986852832,75.16106414794922,1138100,0.0,0.0
2019-07-18,75.08460957610406,75.36178124356552,74.30088555813322,75.11328125,711300,0.0,0.0
2019-07-19,75.29488030573759,75.58161163632245,73.52672321214608,73.73699188232422,1212600,0.0,0.0
2019-07-22,73.78476328169486,74.04282289459788,73.36423330329055,73.47891998291016,1318100,0.0,0.0
2019-07-23,73.48848229450111,74.53981821635196,73.00104201285149,74.51114654541016,984600,0.0,0.0
2019-07-24,74.6545108285443,74.72141382347985,73.94724955467152,74.00459289550781,1443900,0.0,0.0
2019-07-25,74.36777923400054,74.77875685601865,73.84211493078266,74.64495086669922,1505500,0.0,0.0
2019-07-26,74.76920668154979,75.21840834919156,74.60672172529665,75.08460235595703,1289900,0.0,0.0
2019-07-29,75.2662098996784,76.52781465013112,75.25665024399628,76.08816528320312,1482000,0.0,0.0
2019-07-30,76.03082277834702,77.05348719128406,75.70586010846789,76.0212631225586,1768000,0.0,0.0
2019-07-31,76.39399406263087,78.25772551161619,75.34265818648839,75.4000015258789,2469100,0.0,0.0
2019-08-01,75.33311331228845,76.44180003721486,74.07150855502645,76.05949401855469,2317100,0.0,0.0
2019-08-02,76.08814762930633,77.51222973653728,75.86831935090629,76.91966247558594,1551500,0.0,0.0
2019-08-05,76.91967424080302,76.97701758660044,74.05239028084866,74.72142028808594,1572800,0.0,0.0
2019-08-06,74.86478223576808,75.88744650581529,74.29132693056137,75.63894653320312,1296700,0.0,0.0
2019-08-07,75.54337193902109,76.87187952595097,74.47291668753145,76.2506332397461,1150300,0.0,0.0
2019-08-08,76.36533741034232,77.34977048682693,75.5242627105257,77.26374816894531,1331800,0.0,0.0
2019-08-09,77.19684009495512,77.83720573351893,76.50869805647933,77.67472076416016,1939500,0.0,0.0
2019-08-12,77.59825856588968,78.1239228805989,77.16816162634976,77.6269302368164,774300,0.0,0.0
2019-08-13,77.5217920697043,77.59825471630211,76.03080692044372,77.3115234375,1339600,0.0,0.0
2019-08-14,77.46445370405058,77.56958802690254,76.26019246439708,76.28886413574219,916900,0.0,0.0
2019-08-15,76.56602795440205,77.77984143254668,76.37487863704793,77.56002044677734,1282500,0.0,0.0
2019-08-16,77.76073883661526,78.3628658219067,76.37488788823407,78.02835083007812,1098000,0.0,0.0
2019-08-19,78.37241973304216,79.24216593993779,77.92321079470085,79.10835266113281,1036600,0.0,0.0
2019-08-20,79.2803941162244,79.43331941892195,78.64003581790793,78.79296112060547,1068200,0.0,0.0
2019-08-21,78.75474255523811,79.19439193390848,78.381996184368,78.97456359863281,625600,0.0,0.0
2019-08-22,79.06057404414807,79.40464868740997,78.5444620792552,79.32818603515625,830300,0.0,0.0
2019-08-23,79.28995765794737,80.09280095271079,78.87898000164851,79.08924865722656,2343300,0.0,0.0
2019-08-26,79.50978348813109,79.91120147705078,78.83119385203926,79.91120147705078,1728100,0.0,0.0
2019-08-27,80.27439370074708,80.50378167477517,79.84430401023512,80.07368469238281,1933200,0.0,0.0
2019-08-28,80.14058175836041,80.33173838922295,79.65314146451078,79.93031311035156,1749600,0.0,0.0
2019-08-29,80.14058182954645,80.6758131045571,79.79650718556812,80.54199981689453,874600,0.0,0.0
2019-08-30,80.76183021933248,81.17280787188713,80.3126212395774,81.01033020019531,1510100,0.0,0.0
2019-09-03,80.89563923595236,82.05210958235106,80.87652721757931,81.99476623535156,1565100,0.0,0.0
2019-09-04,82.3961783394412,82.53954398853948,81.82272303492795,82.47264099121094,1364900,0.0,0.0
2019-09-05,82.31016672316288,82.54910705089769,81.68892041267635,82.1859130859375,1234900,0.0,0.0
2019-09-06,82.43440301809541,83.23723892130005,82.28147772688735,83.00785827636719,1614800,0.0,0.0
2019-09-09,82.69246833709559,82.70202799226934,81.23971430154243,81.3448486328125,2185100,0.0,0.0
2019-09-10,80.96253497910938,81.06766930043585,79.34729612589335,80.72359466552734,1585800,0.0,0.0
2019-09-11,80.52289711711117,81.02944948717071,79.67227006326009,81.01988983154297,1486100,0.0,0.0
2019-09-12,81.81316668343203,82.27193532069185,80.58979337324601,81.58378601074219,1374900,0.0,0.0
2019-09-13,81.28750438533156,81.66025072229561,80.35085506944735,80.80962371826172,1549800,0.0,0.0
2019-09-16,80.78093887868454,81.49775982716221,80.42731187757192,81.2874984741211,1507600,0.0,0.0
2019-09-17,81.51688470592514,82.32928037800124,81.09634738734822,82.07122802734375,1659000,0.0,0.0
2019-09-18,82.06166755825286,82.14768257699198,80.95298092641397,81.49776458740234,1848700,0.0,0.0
2019-09-19,81.4786499862107,82.0616649565592,81.4786499862107,81.7271499633789,1247500,0.0,0.0
2019-09-20,82.01387783323568,82.01387783323568,81.17281048340709,81.40219116210938,7515200,0.0,0.0
2019-09-23,80.73315310729977,82.00431730651621,80.51332481367875,81.45953369140625,1519200,0.0,0.0
2019-09-24,81.65068774054923,82.50131470992619,81.39263539927263,81.68891906738281,1272500,0.0,0.0
2019-09-25,81.81316551769665,82.48220280033927,81.70803119173681,82.28148651123047,966600,0.0,0.0
2019-09-26,82.60644913397441,83.31371045153647,82.48220279052757,82.9218521118164,999400,0.0,0.0
2019-09-27,83.16044720484187,83.31437294819878,82.30421461385635,82.97765350341797,1108900,0.568,0.0
2019-09-30,82.86219408986251,83.42981309380984,82.86219408986251,82.98726654052734,1469200,0.0,0.0
2019-10-01,82.84296693427733,83.27589089246473,82.04445556790779,82.90068817138672,995000,0.0,0.0
2019-10-02,82.88144179579709,83.32398836190931,81.67886721181841,82.83333587646484,1468600,0.0,0.0
2019-10-03,82.68903655586747,83.93009457388436,82.56397142472484,83.77616882324219,1429900,0.0,0.0
2019-10-04,83.77615687824111,84.28604732318844,83.69919034392721,84.15135955810547,1567200,0.0,0.0
2019-10-07,83.75692028076473,84.73822534543639,83.74730496792557,84.43036651611328,1428000,0.0,0.0
2019-10-08,84.36302029489168,84.97873793652029,83.8242618535167,84.22833251953125,1943600,0.0,0.0
2019-10-09,84.40150494927694,85.03646056639973,84.02629489469524,84.25719451904297,1275700,0.0,0.0
2019-10-10,83.97819853073784,85.02684016094858,83.78578217202927,84.81519317626953,1055400,0.0,0.0
2019-10-11,84.78632007989103,85.13266216464629,83.7473011655584,84.30529022216797,1298700,0.0,0.0
2019-10-14,84.11288408880898,84.58429131030216,83.84350853367003,84.25719451904297,1310500,0.0,0.0
2019-10-15,84.25719086113412,84.61314825500004,83.83388224147404,84.23794555664062,1988300,0.0,0.0
2019-10-16,84.30529349940555,84.70936417394972,83.52602744838003,84.68049621582031,1139000,0.0,0.0
2019-10-17,84.34377930548435,84.8921530874913,84.24757479529488,84.42074584960938,1902900,0.0,0.0
2019-10-18,84.29567475817005,85.10380139452357,84.0743977944448,85.01721954345703,1640400,0.0,0.0
2019-10-21,84.76707825480825,85.38279585745896,84.39187557006588,85.35393524169922,1327900,0.0,0.0
2019-10-22,85.72913477430005,85.73875742584376,84.82479636743749,85.08455657958984,1356600,0.0,0.0
2019-10-23,84.94987815923562,85.28659760096744,82.67941658079636,84.50732421875,2968200,0.0,0.0
2019-10-24,84.51694742151743,84.77670766392527,83.59337094392669,84.25719451904297,1195400,0.0,0.0
2019-10-25,84.06477271293961,84.4784586714807,83.70881532670786,84.3533935546875,931800,0.0,0.0
2019-10-28,84.2571906842436,84.32453456996332,83.72805491077936,84.13211822509766,1244500,0.0,0.0
2019-10-29,83.8916090948944,84.59391595729238,83.70882272955994,84.24757385253906,1571200,0.0,0.0
2019-10-30,84.61314869783779,85.52710982780243,84.28605191906712,85.47900390625,1125000,0.0,0.0
2019-10-31,85.56559442109284,86.15245144143469,85.16152375762584,85.29621887207031,1453100,0.0,0.0
2019-11-01,85.30582702230245,85.81571746013225,84.18984165005975,84.79593658447266,1270400,0.0,0.0
2019-11-04,84.53618415534352,84.60352803729997,83.449052052419,83.7280502319336,1279700,0.0,0.0
2019-11-05,83.18930786652271,83.18930786652271,80.7168145993616,81.59228515625,2275400,0.0,0.0
2019-11-06,81.80394067015536,82.52548549413993,81.80394067015536,82.33307647705078,1237800,0.0,0.0
2019-11-07,81.89052142033317,81.93861999967825,80.47629253678514,80.88035583496094,2025900,0.0,0.0
2019-11-08,80.649467041708,81.23632405048053,80.59173846810322,80.79377746582031,978300,0.0,0.0
2019-11-11,80.9188435409741,81.40949605277679,80.49553491589465,80.96694946289062,856700,0.0,0.0
2019-11-12,81.06315642231209,81.81356185136876,80.12033463969382,80.24540710449219,1435600,0.0,0.0
2019-11-13,80.59174514676697,81.76545926157814,80.59174514676697,81.65001678466797,1375600,0.0,0.0
2019-11-14,81.96747819688447,82.55433516308193,81.66924205797291,82.52547454833984,1309500,0.0,0.0
2019-11-15,82.544731863477,83.21817077190043,82.32345488503294,83.1796875,1412300,0.0,0.0
2019-11-18,83.39133142081735,84.28604719605188,83.25664365593754,83.68956756591797,927000,0.0,0.0
2019-11-19,83.78577849240295,84.03591607777199,83.18930615643568,83.76654052734375,982800,0.0,0.0
2019-11-20,83.76653384235135,84.24756366970836,83.34322524549873,83.3720932006836,954000,0.0,0.0
2019-11-21,83.04499375269431,83.1219602909662,81.65001011119855,81.82318115234375,1969300,0.0,0.0
2019-11-22,81.99635244510343,82.22724472069451,81.12087458442369,81.57304382324219,2695100,0.0,0.0
2019-11-25,81.80393834920679,82.45813926465576,81.1401147811963,81.31328582763672,1808100,0.0,0.0
2019-11-26,81.51532483530569,82.48699988599326,81.37101440661019,82.13104248046875,3606600,0.0,0.0
2019-11-27,81.95786329920519,82.6697853795249,81.69810308534939,82.38116455078125,1316400,0.0,0.0
2019-11-29,82.51586276544622,83.00651530048603,81.84242386631979,81.87128448486328,762900,0.0,0.0
2019-12-02,81.64038726135608,81.91938545696665,80.24540362323629,80.33198547363281,2634400,0.0,0.0
2019-12-03,80.44743916849654,81.1593613303605,80.35122732127341,80.66870880126953,1802400,0.0,0.0
2019-12-04,80.19730285502202,81.58267126984767,80.19730285502202,81.05353546142578,1985200,0.0,0.0
2019-12-05,80.87073527937864,81.38062574123637,80.55326115968708,81.33252716064453,1489000,0.0,0.0
2019-12-06,81.33253263258912,81.81356251046822,80.97656788058256,81.236328125,1223800,0.0,0.0
2019-12-09,81.33252517529178,81.47683559341051,80.6783243077619,81.34214782714844,1066400,0.0,0.0
2019-12-10,81.63076968300005,81.76545746305509,80.6975705355234,80.94770812988281,1096700,0.0,0.0
2019-12-11,80.95733518654241,81.22671076130563,79.28335315770386,79.54310607910156,1376700,0.0,0.0
2019-12-12,79.46612709841493,79.85095243355113,78.1865859785585,78.67723846435547,2147400,0.0,0.0
2019-12-13,78.83117826343721,79.30258548575382,77.49391579813768,77.93646240234375,1762300,0.0,0.0
2019-12-16,78.10963886663706,78.54256284817842,77.33998807730364,78.40787506103516,1991900,0.0,0.0
2019-12-17,78.67723255060103,78.7734370421707,76.99362825836903,77.07059478759766,1603800,0.0,0.0
2019-12-18,76.4645084036189,77.56125587755177,76.21437082572434,77.2437744140625,2775400,0.0,0.0
2019-12-19,77.31111907958984,77.48429012142797,76.99363761289776,77.31111907958984,2198600,0.0,0.0
2019-12-20,76.45488378623018,77.71517961565114,76.02195252716379,77.2533950805664,5480000,0.0,0.0
2019-12-23,77.65746580911595,77.65746580911595,76.54147295274315,76.68578338623047,1087000,0.0,0.0
2019-12-24,76.8108472644545,77.36884368356382,76.63768355500686,77.33036041259766,409400,0.0,0.0
2019-12-26,77.53238677978516,77.59011535225457,77.15718408843219,77.53238677978516,833900,0.0,0.0
2019-12-27,77.86911546155471,78.08076977264787,77.54201134261079,77.87873077392578,1008400,0.0,0.0
2019-12-30,77.63821776864549,78.08077170640047,77.44580875739545,77.65746307373047,1166000,0.0,0.0
2019-12-31,77.79116781766189,78.40155792236328,77.55863930995869,78.40155792236328,1265600,0.568,0.0
2020-01-02,78.78910879242625,78.94413272243646,76.88041915787537,77.28734588623047,1797800,0.0,0.0
2020-01-03,76.97731073256344,78.40156177208239,76.93856213933356,78.2853012084961,1326500,0.0,0.0
2020-01-06,78.13026375497563,78.91505199124563,77.67489024782492,78.50812530517578,1764300,0.0,0.0
2020-01-07,77.37455464307749,78.34343210428112,77.03544901004591,77.34548950195312,1194800,0.0,0.0
2020-01-08,77.43268090415512,77.94618474921444,77.16139641181798,77.51019287109375,2388900,0.0,0.0
2020-01-09,77.44237575181911,77.9849447645445,77.28735180992706,77.90744018554688,892800,0.0,0.0
2020-01-10,78.07214298903025,78.76973590262767,77.66521625341441,78.7309799194336,1291000,0.0,0.0
2020-01-13,78.5371915343251,79.74828815873524,78.5371915343251,79.71922302246094,1397500,0.0,0.0
2020-01-14,79.34137830695808,79.4479554238826,78.16903741273708,78.63410186767578,1223500,0.0,0.0
2020-01-15,79.0894539376652,79.69016054451214,78.7115923696002,79.51576232910156,1228100,0.0,0.0
2020-01-16,79.63203715938211,79.96145193257502,79.08946078008195,79.94207763671875,1021600,0.0,0.0
2020-01-17,79.8839414771844,80.21336364856019,79.43825874457447,79.93238830566406,1797400,0.0,0.0
2020-01-21,80.35870016062933,80.72687094011357,79.81612374797804,80.7074966430664,1577300,0.0,0.0
2020-01-22,81.02721152922088,81.1725446126391,79.54483034064,79.8258056640625,1427400,0.0,0.0
2020-01-23,79.85487633469484,80.52340412956555,79.49639641496849,80.49433898925781,1308500,0.0,0.0
2020-01-24,80.65904351031789,80.68810864959191,79.70954040632792,80.18429565429688,1117900,0.0,0.0
2020-01-27,79.88394375031302,80.42652015532153,79.56421980587314,79.7773666381836,1198900,0.0,0.0
2020-01-28,79.91300982782921,80.4846439358469,79.67079048200182,80.14553833007812,1473500,0.0,0.0
2020-01-29,83.51722984028937,84.80583857050657,78.68253363094698,79.70954132080078,2311000,0.0,0.0
2020-01-30,79.40919041351225,81.37601034280776,79.28323901325342,81.35663604736328,1820300,0.0,0.0
2020-01-31,81.37601361036799,81.6182329688634,80.30055906729258,80.49433898925781,1514200,0.0,0.0
2020-02-03,80.7559322318945,81.25975263448503,80.08741183238331,80.26180267333984,1560500,0.0,0.0
2020-02-04,80.41682245019594,81.3760089855794,80.37806646800549,81.03690338134766,815100,0.0,0.0
2020-02-05,80.95939005598969,81.5891618200891,80.44588623650709,80.71717071533203,976500,0.0,0.0
2020-02-06,80.9206373619552,81.42445775048215,80.87219792702435,81.25975036621094,1141500,0.0,0.0
2020-02-07,81.50196320535055,81.82168710458423,81.21129705119553,81.5794677734375,1517500,0.0,0.0
2020-02-10,82.10266784101566,82.32551289285288,81.71511540718234,82.29644775390625,1477800,0.0,0.0
2020-02-11,82.20924569590461,82.63555411620938,81.87014008518396,82.15111541748047,1265200,0.0,0.0
2020-02-12,82.01547317319222,82.61617242876939,81.60854644032744,82.15111541748047,1418200,0.0,0.0
2020-02-13,81.98640879913799,82.76150628916926,81.98640879913799,82.56773376464844,1202500,0.0,0.0
2020-02-14,82.90684182500435,83.7691421508789,82.79057387169215,83.7691421508789,939200,0.0,0.0
2020-02-18,83.98229578398794,84.15669401676665,82.7808898425947,83.58505249023438,879800,0.0,0.0
2020-02-19,83.50754214931129,83.58504672034756,82.67430702710337,82.68399047851562,1068500,0.0,0.0
2020-02-20,82.74213633658934,83.77883492028229,82.43209584591337,83.71101379394531,1023800,0.0,0.0
2020-02-21,83.4978548233565,84.42797624250251,83.42034285710736,84.3020248413086,1517400,0.0,0.0
2020-02-24,83.68194579734538,84.47642498958825,83.06186483715328,83.1199951171875,1059000,0.0,0.0
2020-02-25,83.36221608455709,83.52692347580307,80.7946893821619,80.91095733642578,1270500,0.0,0.0
2020-02-26,81.30818632711576,81.94764893324373,80.75592652725418,80.76561737060547,1997300,0.0,0.0
2020-02-27,79.83549912816459,80.77531138757871,76.00842896827967,76.01811981201172,2179500,0.0,0.0
2020-02-28,74.75858005547109,74.75858005547109,71.01871288404377,72.76268768310547,3257500,0.0,0.0
2020-03-02,73.20837662221854,76.63820362910744,72.88865268655336,76.60913848876953,2325400,0.0,0.0
2020-03-03,76.62850164696268,78.54688194185577,75.57242894446313,76.11499786376953,2805400,0.0,0.0
2020-03-04,77.20983329001568,78.65345837647132,76.37659823266482,78.50812530517578,2379500,0.0,0.0
2020-03-05,77.43268130520097,77.95587599682439,75.7855926549387,76.8998031616211,1623600,0.0,0.0
2020-03-06,74.89421807937097,75.76620173386412,72.98552861992583,75.2236328125,2233500,0.0,0.0
2020-03-09,70.8733876519641,73.2277601745974,70.82494082220212,72.15230560302734,3436000,0.0,0.0
2020-03-10,73.78001232161753,77.44236755371094,72.79175327654457,77.44236755371094,4259800,0.0,0.0
2020-03-11,75.58212432657919,75.60149862116926,72.34607012591701,72.76268768310547,3700900,0.0,0.0
2020-03-12,68.17021370112028,73.56686046373383,66.1743286446261,67.83110809326172,5119200,0.0,0.0
2020-03-13,71.69692284890151,71.91007704548821,67.1335114843362,71.31906127929688,4670800,0.0,0.0
2020-03-16,66.43592366098896,66.69751730904665,59.198408230701055,59.25654220581055,4111800,0.0,0.0
2020-03-17,61.09741284662023,64.79852068483473,58.95619089003457,64.39159393310547,3220800,0.0,0.0
2020-03-18,60.26417559233647,62.696056263236294,56.785905545417464,58.97556686401367,3663700,0.0,0.0
2020-03-19,58.6170824105513,60.97145477660342,57.17345346545133,58.72365951538086,3510900,0.0,0.0
2020-03-20,59.000607523875125,59.90093013234015,53.45186715869905,54.107540130615234,3495100,0.603,0.0
2020-03-23,54.10754108796647,54.215189169821116,48.55880062461381,50.29094696044922,3682000,0.0,0.0
2020-03-24,51.954590002449585,53.28550493766931,49.5569862206006,51.03469467163086,3835100,0.0,0.0
2020-03-25,50.5747464014294,56.6421508987728,49.1068261391583,53.40293884277344,3843900,0.0,0.0
2020-03-26,53.4029372469052,58.110069424509945,52.19924311578724,57.96327590942383,3252400,0.0,0.0
2020-03-27,56.054978549409775,63.052066375924376,55.79075246367628,61.33949279785156,2830600,0.0,0.0
2020-03-30,62.13217250089298,62.52361565940732,58.070924999424896,61.241634368896484,3550300,0.0,0.0
2020-03-31,60.39023590087891,61.18291414976562,57.777339746775844,60.390235900878906,5240400,0.0,0.0
2020-04-01,57.806699050783,58.67766446704482,53.70630983648302,56.465999603271484,2907300,0.0,0.0
2020-04-02,55.056794327677736,56.818301628894474,52.101384818112486,53.40293884277344,3175700,0.0,0.0
2020-04-03,52.8157723325793,54.23475893567607,51.66100809205838,53.09956741333008,2757900,0.0,0.0
2020-04-06,55.87882667695117,59.17675670163328,55.272087381320794,58.82445526123047,2530800,0.0,0.0
2020-04-07,61.21227318321564,62.386610120338986,59.29419163467891,59.382266998291016,2742400,0.0,0.0
2020-04-08,60.01836723884055,64.38298251594675,59.362694258171395,63.854530334472656,3264600,0.0,0.0
2020-04-09,64.85271444110195,69.09990098435104,64.85271444110195,67.93534851074219,3806000,0.0,0.0
2020-04-13,67.15246021792842,67.46561623536246,64.7254954831433,65.07779693603516,1482700,0.0,0.0
2020-04-14,66.80993705569387,68.39529353513042,66.40870942297587,67.44603729248047,1580600,0.0,0.0
2020-04-15,65.43010129397916,66.51636291092022,63.6685939513102,64.57870483398438,2252300,0.0,0.0
2020-04-16,64.67655780101991,65.62581401972388,63.189068677249466,63.834957122802734,2300400,0.0,0.0
2020-04-17,65.41052516418165,68.64974104546295,64.91143763649315,68.29743957519531,1790400,0.0,0.0
2020-04-20,67.04481355345044,67.7983426698051,64.13833023880085,64.20683288574219,2056000,0.0,0.0
2020-04-21,62.190886162401746,64.06003776754196,62.161528952477894,62.44532775878906,2757700,0.0,0.0
2020-04-22,63.58052209885757,64.7157099087219,63.21843240571162,64.25576782226562,1703500,0.0,0.0
2020-04-23,64.42212744446897,64.51998729962459,61.926660073744536,62.44532775878906,1989100,0.0,0.0
2020-04-24,60.6936092593936,63.1988611443859,59.842216566098415,62.62147903442383,2210600,0.0,0.0
2020-04-27,63.46308092278839,64.30468908952055,62.77805449229855,63.90346145629883,1375600,0.0,0.0
2020-04-28,65.63560503033042,66.04662089518489,62.983563426776776,63.48265838623047,1962100,0.0,0.0
2020-04-29,64.28512119365693,65.64539331881575,63.169502435846525,64.41233825683594,2047000,0.0,0.0
2020-04-30,63.69794393896746,63.82516846198318,62.20067033372629,63.66858673095703,1843100,0.0,0.0
2020-05-01,61.98538008698051,62.71933648890319,60.732755984447316,60.97740936279297,2073100,0.0,0.0
2020-05-04,60.24344620964374,61.212271448811755,58.863601374227095,61.1633415222168,2262600,0.0,0.0
2020-05-05,61.858157837511975,62.20067479904971,60.71318184554114,61.07526779174805,2763300,0.0,0.0
2020-05-06,61.329706376264674,62.05388201028919,59.51927289087474,59.714996337890625,2807300,0.0,0.0
2020-05-07,60.556600307658904,62.72911959141837,59.851997440972596,61.701576232910156,5138300,0.0,0.0
2020-05-08,62.84656143188477,63.67838143041256,61.848375193782836,62.846561431884766,2169300,0.0,0.0
2020-05-11,63.27714788248064,63.27714788248064,60.93825865211075,62.151737213134766,2387200,0.0,0.0
2020-05-12,62.48446748516182,62.670406430437794,58.33514853469634,58.82445526123047,3823600,0.0,0.0
2020-05-13,58.34493505073866,58.90274443968977,57.2097435551224,57.3663215637207,3524500,0.0,0.0
2020-05-14,56.28984832763672,56.63236155549469,54.60663193218794,56.28984832763672,3291300,0.0,0.0
2020-05-15,55.85925793996403,56.10391130431262,54.30326239338246,55.90818786621094,5298400,0.0,0.0
2020-05-18,57.97306340848863,59.959647551245496,57.9534906911814,59.166969299316406,2779600,0.0,0.0
2020-05-19,58.677664979934015,59.039754665342606,56.46600009682898,56.485572814941406,3056400,0.0,0.0
2020-05-20,57.248888895793705,58.198145171226486,56.4366379110184,57.66969299316406,3141400,0.0,0.0
2020-05-21,57.45439549225275,58.325360876652645,56.65193275158449,56.691078186035156,2463200,0.0,0.0
2020-05-22,56.77915215901156,57.01401729374605,55.575458077433765,56.17241287231445,2835300,0.0,0.0
2020-05-26,58.19814330855652,59.90092862810664,57.66969114740755,58.98103332519531,3796700,0.0,0.0
2020-05-27,60.96761789201433,61.055693252855384,58.11985286897237,58.84402847290039,4037600,0.0,0.0
2020-05-28,59.94007714938642,59.96943435992424,58.296006163211246,59.56820297241211,4583200,0.0,0.0
2020-05-29,59.10825734579179,59.685639464536926,58.34493627142995,59.264835357666016,5723700,0.0,0.0
2020-06-01,59.24526040088084,60.29237651568197,58.52108479013007,59.79328155517578,3035300,0.0,0.0
2020-06-02,60.37066341535487,60.50767243650544,59.0201795191834,59.166969299316406,3076700,0.0,0.0
2020-06-03,59.88135456955597,60.97740430141003,59.65627392813432,60.311946868896484,6278700,0.0,0.0
2020-06-04,59.891147277212596,60.88933350069614,58.76574025275483,60.34130859375,3720700,0.0,0.0
2020-06-05,62.95421253736837,65.29309836447051,62.95421253736837,64.97994232177734,4172300,0.0,0.0
2020-06-08,66.1053463047779,67.04481438863142,64.97015103706198,66.71208190917969,3252400,0.0,0.0
2020-06-09,64.27533016174938,64.96035657392098,63.60987273297073,63.99153137207031,2145300,0.0,0.0
2020-06-10,63.678379677060065,64.25576552024371,62.27896208372422,63.238006591796875,2025300,0.0,0.0
2020-06-11,60.302163157586506,61.43735467452802,59.80307191240186,60.34130859375,2959500,0.0,0.0
2020-06-12,62.44532571920663,62.543185571165964,59.568199780987776,62.21045684814453,4423900,0.0,0.0
2020-06-15,59.94986042546904,62.83677095173138,59.77371343270185,61.98537826538086,2981500,0.0,0.0
2020-06-16,64.2949052036733,65.0092963575935,62.69976785574743,63.30651092529297,2406800,0.0,0.0
2020-06-17,63.63923290669784,64.06003699842027,61.12419658162982,61.18291473388672,1661000,0.0,0.0
2020-06-18,60.46852851453483,61.2807757709757,59.969433543500834,60.615318298339844,3533600,0.0,0.0
2020-06-19,61.527458110248624,61.78440110698434,58.85922885214865,58.87899398803711,6981700,0.603,0.0
2020-06-22,58.849342631066555,59.20510752674077,58.19710824560187,58.592403411865234,2840500,0.0,0.0
2020-06-23,59.244638332735484,59.244638332735484,57.673345875850366,58.078521728515625,2805900,0.0,0.0
2020-06-24,57.28793589418342,57.663462163553234,55.9834670947171,56.8036994934082,4946900,0.0,0.0
2020-06-25,56.44793310173385,57.79193213722034,56.20087456638161,57.71287536621094,3591200,0.0,0.0
2020-06-26,57.50534296681157,57.920403263874746,56.111932987053144,56.329345703125,3305400,0.0,0.0
2020-06-29,56.48746494012913,57.02111229605839,55.64746740454039,56.99146270751953,2309600,0.0,0.0
2020-06-30,57.11993419773085,58.286050818399,56.67522806784652,58.127933502197266,3317000,0.0,0.0
2020-07-01,58.2465188250794,60.2229871040822,57.861108113844104,60.11428451538086,1901600,0.0,0.0
2020-07-02,60.95428494196698,61.45828271850478,59.49169879791529,59.87710952758789,1509500,0.0,0.0
2020-07-06,61.092635789932004,61.300164059864706,58.66158064834104,58.88887405395508,3345900,0.0,0.0
2020-07-07,57.87099528812798,58.384877517215344,56.84323082995325,56.91240692138672,1762800,0.0,0.0
2020-07-08,56.99146262809311,57.14958371390883,56.46769972567814,56.8036994934082,3393400,0.0,0.0
2020-07-09,56.63570170623409,56.932171203618836,55.6573482180688,56.04275894165039,2638000,0.0,0.0
2020-07-10,55.9340531956397,56.823465467403004,55.82535060225906,56.03287887573242,3866600,0.0,0.0
2020-07-13,56.43805469145597,56.77405446385626,55.805585418658765,56.34911346435547,1679900,0.0,0.0
2020-07-14,56.230526418159556,57.366993464650086,55.93405314794841,56.34911346435547,1745800,0.0,0.0
2020-07-15,57.327463344144746,57.732639208714595,56.645583114448435,57.04087829589844,2094600,0.0,0.0
2020-07-16,56.6159366495747,57.02111250952355,56.23052592545435,56.54676055908203,1733900,0.0,0.0
2020-07-17,56.60605124942944,56.823463970090316,56.022992946595956,56.3095817565918,2035900,0.0,0.0
2020-07-20,55.835231105527924,56.131700605222754,54.392410109149345,54.520877838134766,3426100,0.0,0.0
2020-07-21,54.62958188646255,55.19287504296169,53.81923019571594,53.92793655395508,2954900,0.0,0.0
2020-07-22,53.54252702826467,55.23240653514867,53.15711630948209,55.04464340209961,2916900,0.0,0.0
2020-07-23,54.78769895725421,55.26205088855087,53.43381925106493,54.184879302978516,2014500,0.0,0.0
2020-07-24,54.09594062637021,54.32323403520112,53.196647674119966,53.700645446777344,3184900,0.0,0.0
2020-07-27,53.44370553207724,53.44370553207724,52.09970646251107,52.70252990722656,2045700,0.0,0.0
2020-07-28,52.46535267704547,54.41217521464838,52.45547199398067,54.01688003540039,2456400,0.0,0.0
2020-07-29,53.62158391994657,54.18488085997506,52.05029145308182,52.959468841552734,3319300,0.0,0.0
2020-07-30,52.178764315063376,53.38441122943826,52.07005795133262,53.31523513793945,2100900,0.0,0.0
2020-07-31,53.176883004712444,53.354765460108474,51.96135540604904,52.999000549316406,2452200,0.0,0.0
2020-08-03,52.000879469566655,52.37640949888015,51.53641198654073,51.71429443359375,2292600,0.0,0.0
2020-08-04,51.734056942570824,53.06817532495923,51.08182254556343,52.830997467041016,4036200,0.0,0.0
2020-08-05,53.64134993196598,53.680880203809316,52.55429384497389,52.69264602661133,2921000,0.0,0.0
2020-08-06,52.524647979928055,53.40417579369254,52.524647979928055,53.008880615234375,2047600,0.0,0.0
2020-08-07,52.69264496605089,54.84699573056638,52.69264496605089,54.54064178466797,3007100,0.0,0.0
2020-08-10,54.62958432294731,55.31146832056345,54.20464332350411,54.70864486694336,2269200,0.0,0.0
2020-08-11,55.32134725403819,55.617816745018644,53.83899602932179,54.10581970214844,2467400,0.0,0.0
2020-08-12,54.313347599225004,54.62958222342725,53.43381981504914,54.17499542236328,2303300,0.0,0.0
2020-08-13,53.779702192499535,54.254057915686964,52.70253055679514,52.880409240722656,1841300,0.0,0.0
2020-08-14,52.95947061904579,54.43194122715197,52.40605811314941,53.750057220458984,2100100,0.0,0.0
2020-08-17,53.77970054905893,54.74817333197491,53.40417428691464,54.73828887939453,2656200,0.0,0.0
2020-08-18,54.807466158946596,54.896407385031864,53.80935130604675,54.71852493286133,2148200,0.0,0.0
2020-08-19,54.63946859212186,54.63946859212186,53.30535019028135,53.512882232666016,2642800,0.0,0.0
2020-08-20,53.404175007952865,54.85687666231233,53.28558419427173,54.599937438964844,1570600,0.0,0.0
2020-08-21,54.71852356822238,54.91617115123981,53.14723112644562,54.04652404785156,1969300,0.0,0.0
2020-08-24,53.95758248347312,55.360876921208416,53.32511323765994,55.25217056274414,2327200,0.0,0.0
2020-08-25,55.21264342796217,55.91429257158362,55.02488028801518,55.894527435302734,1784300,0.0,0.0
2020-08-26,55.54864195760681,55.54864195760681,53.98723392462551,54.27381896972656,1703500,0.0,0.0
2020-08-27,54.3924106448636,56.11193602191784,54.3924106448636,55.96370315551758,1802800,0.0,0.0
2020-08-28,56.289817439932165,56.388643118858404,55.43005476725194,56.35899353027344,1711600,0.0,0.0
2020-08-31,56.092170189302855,56.21076100472769,55.35099455706156,55.78582000732422,2143500,0.0,0.0
2020-09-01,56.01311275332699,56.16134938594852,55.10393536155569,56.111934661865234,2454700,0.0,0.0
2020-09-02,56.141583317879586,57.08040274284346,55.696877197214846,57.011226654052734,2137200,0.0,0.0
2020-09-03,57.22864148273253,58.40463880534202,56.368878797628355,56.72464370727539,1990800,0.0,0.0
2020-09-04,57.011228290265706,58.11805328231122,56.57640660969982,57.42628860473633,2128700,0.0,0.0
2020-09-08,57.12982014870829,57.26817233278624,56.15146663730605,56.714759826660156,2133700,0.0,0.0
2020-09-09,56.75428862665855,57.45593398188577,55.83523054791308,56.17123031616211,2433000,0.0,0.0
2020-09-10,55.88464201068579,56.03287864530815,54.52087778952834,55.153350830078125,6098400,0.0,0.0
2020-09-11,55.113819946925766,55.32134821724397,53.61170356068195,54.02676010131836,2723900,0.0,0.0
2020-09-14,54.36275847073359,56.4578175651931,54.35287778803578,56.260169982910156,2311300,0.0,0.0
2020-09-15,56.161349597609494,56.734523454956964,55.28181802112206,55.667232513427734,2556500,0.0,0.0
2020-09-16,55.87475902363133,56.70487584969548,55.75616821289783,56.20087432861328,3449900,0.0,0.0
2020-09-17,55.68699234711533,56.64558067039265,54.7382884763456,55.12369918823242,3366100,0.0,0.0
2020-09-18,54.767937029512446,55.34111466952913,53.6314699722946,53.690765380859375,4987100,0.0,0.0
2020-09-21,52.94958980460035,53.295470263794485,51.279471607826245,51.417823791503906,4023200,0.0,0.0
2020-09-22,51.38817471371479,52.593821557569356,51.38817471371479,52.040409088134766,4262500,0.0,0.0
2020-09-23,51.88229202642673,52.68276303196751,50.55805813629299,50.64699935913086,3268200,0.0,0.0
2020-09-24,50.720001220703125,51.279998779296875,50.0099983215332,50.5099983215332,3578800,0.603,0.0
2020-09-25,50.400001525878906,51.58000183105469,50.11000061035156,51.56999969482422,2776000,0.0,0.0
2020-09-28,52.400001525878906,52.90999984741211,51.869998931884766,52.540000915527344,2193500,0.0,0.0
2020-09-29,52.29999923706055,52.459999084472656,50.630001068115234,51.09000015258789,2947700,0.0,0.0
2020-09-30,51.529998779296875,51.95000076293945,50.689998626708984,51.33000183105469,3102100,0.0,0.0
2020-10-01,51.5099983215332,53.5,51.279998779296875,53.439998626708984,3141800,0.0,0.0
2020-10-02,52.310001373291016,55.439998626708984,52.029998779296875,55.09000015258789,6450200,0.0,0.0
2020-10-05,56.0,56.40999984741211,54.58000183105469,55.599998474121094,2751400,0.0,0.0
2020-10-06,55.810001373291016,56.15999984741211,54.869998931884766,55.189998626708984,2367100,0.0,0.0
2020-10-07,55.45000076293945,55.599998474121094,54.33000183105469,54.7599983215332,1748400,0.0,0.0
2020-10-08,55.18000030517578,56.20000076293945,55.0,56.189998626708984,2096200,0.0,0.0
2020-10-09,56.31999969482422,56.40999984741211,55.2400016784668,55.65999984741211,1666200,0.0,0.0
2020-10-12,55.7400016784668,55.79999923706055,54.720001220703125,55.349998474121094,1254300,0.0,0.0
2020-10-13,54.779998779296875,55.34000015258789,53.34000015258789,53.5,1864100,0.0,0.0
2020-10-14,53.470001220703125,53.61000061035156,52.470001220703125,52.810001373291016,1711800,0.0,0.0
2020-10-15,52.47999954223633,53.209999084472656,52.119998931884766,52.310001373291016,1820800,0.0,0.0
2020-10-16,52.5099983215332,52.650001525878906,51.619998931884766,51.849998474121094,2609100,0.0,0.0
2020-10-19,52.119998931884766,52.29999923706055,50.65999984741211,50.709999084472656,1738600,0.0,0.0
2020-10-20,51.22999954223633,51.38999938964844,50.68000030517578,50.90999984741211,1683500,0.0,0.0
2020-10-21,50.5099983215332,51.189998626708984,50.279998779296875,50.5099983215332,2626100,0.0,0.0
2020-10-22,50.61000061035156,50.9900016784668,50.11000061035156,50.75,3159000,0.0,0.0
2020-10-23,51.33000183105469,51.439998626708984,50.41999816894531,51.310001373291016,2574000,0.0,0.0
2020-10-26,51.06999969482422,51.290000915527344,49.810001373291016,50.70000076293945,2212200,0.0,0.0
2020-10-27,50.54999923706055,50.959999084472656,49.689998626708984,49.689998626708984,2135500,0.0,0.0
2020-10-28,48.38999938964844,48.38999938964844,45.540000915527344,46.2400016784668,6954800,0.0,0.0
2020-10-29,46.0,46.7599983215332,45.43000030517578,46.2599983215332,4435500,0.0,0.0
2020-10-30,46.2400016784668,47.13999938964844,46.13999938964844,46.97999954223633,2926500,0.0,0.0
2020-11-02,47.20000076293945,49.36000061035156,46.52000045776367,49.310001373291016,3289300,0.0,0.0
2020-11-03,50.0,52.970001220703125,50.0,52.529998779296875,3740200,0.0,0.0
2020-11-04,52.130001068115234,52.18000030517578,50.45000076293945,50.7599983215332,2851900,0.0,0.0
2020-11-05,51.08000183105469,52.52000045776367,50.709999084472656,52.060001373291016,3021600,0.0,0.0
2020-11-06,51.970001220703125,52.31999969482422,51.13999938964844,51.52000045776367,2433200,0.0,0.0
2020-11-09,57.599998474121094,67.41999816894531,57.58000183105469,59.279998779296875,10968000,0.0,0.0
2020-11-10,59.630001068115234,62.779998779296875,59.630001068115234,61.439998626708984,9555200,0.0,0.0
2020-11-11,61.0,61.45000076293945,59.0,59.59000015258789,4562400,0.0,0.0
2020-11-12,59.209999084472656,59.529998779296875,57.75,58.52000045776367,2484000,0.0,0.0
2020-11-13,58.70000076293945,60.43000030517578,58.380001068115234,60.150001525878906,1928000,0.0,0.0
2020-11-16,61.970001220703125,62.939998626708984,60.720001220703125,62.75,3103100,0.0,0.0
2020-11-17,61.84000015258789,62.93000030517578,60.91999816894531,62.5,3169600,0.0,0.0
2020-11-18,62.689998626708984,63.0099983215332,59.939998626708984,59.959999084472656,2116900,0.0,0.0
2020-11-19,59.59000015258789,60.209999084472656,58.560001373291016,59.86000061035156,3092600,0.0,0.0
2020-11-20,59.95000076293945,60.709999084472656,59.77000045776367,60.560001373291016,2894900,0.0,0.0
2020-11-23,61.0,61.380001068115234,60.040000915527344,60.33000183105469,2688800,0.0,0.0
2020-11-24,61.369998931884766,62.310001373291016,60.66999816894531,61.279998779296875,3999000,0.0,0.0
2020-11-25,61.0,61.15999984741211,60.09000015258789,60.45000076293945,1706700,0.0,0.0
2020-11-27,60.310001373291016,60.349998474121094,58.79999923706055,59.20000076293945,1470000,0.0,0.0
2020-11-30,59.09000015258789,59.34000015258789,57.56999969482422,57.91999816894531,5918900,0.0,0.0
2020-12-01,58.970001220703125,59.459999084472656,58.439998626708984,58.9900016784668,2048700,0.0,0.0
2020-12-02,58.9900016784668,60.90999984741211,58.689998626708984,60.36000061035156,2927800,0.0,0.0
2020-12-03,60.459999084472656,62.369998931884766,60.189998626708984,61.95000076293945,3164200,0.0,0.0
2020-12-04,62.41999816894531,63.560001373291016,62.310001373291016,63.369998931884766,3159500,0.0,0.0
2020-12-07,62.810001373291016,63.40999984741211,62.439998626708984,62.709999084472656,2013700,0.0,0.0
2020-12-08,62.34000015258789,62.849998474121094,61.90999984741211,62.38999938964844,2034700,0.0,0.0
2020-12-09,62.560001373291016,62.810001373291016,60.709999084472656,61.27000045776367,2260600,0.0,0.0
2020-12-10,60.79999923706055,61.58000183105469,59.7599983215332,59.790000915527344,2850600,0.0,0.0
2020-12-11,59.310001373291016,59.9900016784668,58.5099983215332,58.939998626708984,2352400,0.0,0.0
2020-12-14,59.369998931884766,59.900001525878906,57.900001525878906,57.900001525878906,2201500,0.0,0.0
2020-12-15,58.209999084472656,59.33000183105469,57.38999938964844,59.31999969482422,3224600,0.0,0.0
2020-12-16,59.20000076293945,60.20000076293945,58.25,59.04999923706055,4229000,0.0,0.0
2020-12-17,59.5,60.20000076293945,58.63999938964844,59.63999938964844,3216400,0.0,0.0
2020-12-18,59.369998931884766,59.86000061035156,57.150001525878906,57.650001525878906,5468700,0.0,0.0
2020-12-21,56.650001525878906,57.959999084472656,56.08000183105469,57.86000061035156,3801700,0.0,0.0
2020-12-22,57.880001068115234,58.0,57.27000045776367,57.849998474121094,2737400,0.0,0.0
2020-12-23,58.0,58.7599983215332,57.02000045776367,57.06999969482422,1332400,0.0,0.0
2020-12-24,57.47999954223633,58.27000045776367,57.04999923706055,58.20000076293945,632405,0.0,0.0
