Date,Open,High,Low,Close,Volume,Dividends,Stock Splits
2017-03-16,18.0,18.399999618530273,15.850000381469727,16.079999923706055,22813300,0,0
2017-03-17,16.59000015258789,17.690000534057617,16.540000915527344,17.229999542236328,9366000,0,0
2017-03-20,17.100000381469727,17.200000762939453,16.549999237060547,17.100000381469727,2252300,0,0
2017-03-21,17.06999969482422,17.31999969482422,16.5,16.520000457763672,1782900,0,0
2017-03-22,16.469999313354492,16.530000686645508,16.0,16.049999237060547,1047900,0,0
2017-03-23,16.06999969482422,16.25,15.75,15.960000038146973,1256000,0,0
2017-03-24,15.829999923706055,16.079999923706055,15.630000114440918,15.640000343322754,709900,0,0
2017-03-27,15.539999961853027,15.630000114440918,15.329999923706055,15.399999618530273,797400,0,0
2017-03-28,15.329999923706055,16.360000610351562,15.199999809265137,16.350000381469727,1844400,0,0
2017-03-29,16.219999313354492,16.549999237060547,16.020000457763672,16.489999771118164,799000,0,0
2017-03-30,16.530000686645508,16.540000915527344,16.209999084472656,16.40999984741211,484900,0,0
2017-03-31,16.3700008392334,16.389999389648438,15.829999923706055,15.960000038146973,692200,0,0
2017-04-03,16.06999969482422,16.079999923706055,15.5,15.65999984741211,431100,0,0
2017-04-04,15.65999984741211,16.100000381469727,15.609999656677246,16.079999923706055,743200,0,0
2017-04-05,16.100000381469727,16.540000915527344,16.079999923706055,16.469999313354492,967300,0,0
2017-04-06,16.459999084472656,16.700000762939453,16.100000381469727,16.700000762939453,849400,0,0
2017-04-07,16.690000534057617,16.809999465942383,16.51099967956543,16.75,566800,0,0
2017-04-10,17.06999969482422,17.229999542236328,16.610000610351562,16.799999237060547,1699500,0,0
2017-04-11,16.90999984741211,17.0,16.100000381469727,16.239999771118164,1034600,0,0
2017-04-12,16.239999771118164,16.299999237060547,15.819999694824219,16.040000915527344,527500,0,0
2017-04-13,16.0,16.229999542236328,15.859999656677246,16.149999618530273,608100,0,0
2017-04-17,16.260000228881836,16.299999237060547,15.989999771118164,16.010000228881836,264800,0,0
2017-04-18,15.9399995803833,16.31999969482422,15.90999984741211,16.309999465942383,438800,0,0
2017-04-19,16.260000228881836,16.350000381469727,16.246000289916992,16.290000915527344,189800,0,0
2017-04-20,16.25,16.299999237060547,16.084999084472656,16.110000610351562,265300,0,0
2017-04-21,16.1200008392334,16.200000762939453,15.949999809265137,15.989999771118164,191200,0,0
2017-04-24,15.899999618530273,16.0,15.8100004196167,15.920000076293945,351800,0,0
2017-04-25,15.9399995803833,16.3799991607666,15.84000015258789,16.3700008392334,448100,0,0
2017-04-26,16.3700008392334,16.8799991607666,16.299999237060547,16.860000610351562,581200,0,0
2017-04-27,16.729999542236328,16.826000213623047,16.43000030517578,16.75,348700,0,0
2017-04-28,16.84000015258789,16.84000015258789,16.618000030517578,16.829999923706055,195000,0,0
2017-05-01,16.850000381469727,17.040000915527344,16.389999389648438,16.59000015258789,446200,0,0
2017-05-02,16.549999237060547,16.719999313354492,16.139999389648438,16.149999618530273,455500,0,0
2017-05-03,16.170000076293945,16.5,15.984000205993652,16.389999389648438,252800,0,0
2017-05-04,16.389999389648438,17.34000015258789,16.257999420166016,17.139999389648438,886000,0,0
2017-05-05,17.149999618530273,17.4689998626709,17.030000686645508,17.290000915527344,793600,0,0
2017-05-08,17.31999969482422,17.3700008392334,17.079999923706055,17.190000534057617,333700,0,0
2017-05-09,17.149999618530273,17.389999389648438,17.06999969482422,17.100000381469727,233300,0,0
2017-05-10,17.100000381469727,17.25,16.84000015258789,17.200000762939453,204800,0,0
2017-05-11,17.100000381469727,17.350000381469727,17.051000595092773,17.229999542236328,303500,0,0
2017-05-12,17.209999084472656,17.839000701904297,17.139999389648438,17.729999542236328,547300,0,0
2017-05-15,17.850000381469727,18.100000381469727,17.309999465942383,18.0,500700,0,0
2017-05-16,18.040000915527344,18.719999313354492,17.899999618530273,18.420000076293945,1547600,0,0
2017-05-17,18.219999313354492,18.290000915527344,17.469999313354492,17.489999771118164,1162300,0,0
2017-05-18,17.440000534057617,17.75,17.360000610351562,17.420000076293945,410700,0,0
2017-05-19,17.43000030517578,17.760000228881836,17.3700008392334,17.520000457763672,340100,0,0
2017-05-22,17.579999923706055,18.298999786376953,17.57699966430664,18.110000610351562,381800,0,0
2017-05-23,18.139999389648438,18.709999084472656,18.139999389648438,18.34000015258789,683500,0,0
2017-05-24,18.299999237060547,18.329999923706055,17.860000610351562,18.0,418200,0,0
2017-05-25,18.09000015258789,18.25,17.93600082397461,18.030000686645508,228900,0,0
2017-05-26,18.079999923706055,18.270000457763672,17.899999618530273,18.010000228881836,417900,0,0
2017-05-30,18.049999237060547,18.200000762939453,17.93000030517578,17.989999771118164,280300,0,0
2017-05-31,18.06999969482422,18.09000015258789,17.600000381469727,18.049999237060547,492900,0,0
2017-06-01,18.079999923706055,19.43000030517578,18.020000457763672,18.709999084472656,1329900,0,0
2017-06-02,20.81999969482422,21.780000686645508,20.100000381469727,21.639999389648438,4912900,0,0
2017-06-05,21.670000076293945,22.549999237060547,21.200000762939453,22.5,2001500,0,0
2017-06-06,22.389999389648438,24.15999984741211,22.110000610351562,23.420000076293945,2013900,0,0
2017-06-07,23.549999237060547,24.31999969482422,22.90999984741211,22.959999084472656,1616400,0,0
2017-06-08,23.09000015258789,23.209999084472656,21.670000076293945,22.149999618530273,1270900,0,0
2017-06-09,22.239999771118164,22.700000762939453,21.80500030517578,22.110000610351562,734300,0,0
2017-06-12,22.1299991607666,22.249000549316406,20.780000686645508,21.350000381469727,682500,0,0
2017-06-13,21.450000762939453,22.43899917602539,21.410999298095703,22.399999618530273,588700,0,0
2017-06-14,21.670000076293945,22.09000015258789,21.229999542236328,21.610000610351562,761100,0,0
2017-06-15,21.389999389648438,21.540000915527344,20.799999237060547,21.190000534057617,657800,0,0
2017-06-16,21.149999618530273,21.290000915527344,20.5,20.549999237060547,539100,0,0
2017-06-19,20.6299991607666,21.270000457763672,20.6299991607666,21.139999389648438,441700,0,0
2017-06-20,21.049999237060547,21.131000518798828,20.68000030517578,20.8799991607666,356300,0,0
2017-06-21,20.950000762939453,22.3799991607666,20.950000762939453,22.350000381469727,1430500,0,0
2017-06-22,22.540000915527344,22.75,22.0,22.149999618530273,627100,0,0
2017-06-23,22.239999771118164,22.350000381469727,21.610000610351562,21.920000076293945,409000,0,0
2017-06-26,21.18000030517578,21.389999389648438,20.420000076293945,21.309999465942383,1671300,0,0
2017-06-27,21.40999984741211,22.100000381469727,21.040000915527344,21.1299991607666,1513300,0,0
2017-06-28,20.6299991607666,20.950000762939453,20.25,20.75,9143900,0,0
2017-06-29,20.790000915527344,20.889999389648438,19.5,19.700000762939453,2990700,0,0
2017-06-30,19.959999084472656,20.06999969482422,19.450000762939453,19.75,1434800,0,0
2017-07-03,19.920000076293945,20.020000457763672,19.5,19.780000686645508,346800,0,0
2017-07-05,19.75,19.836999893188477,19.3799991607666,19.5,1299700,0,0
2017-07-06,19.5,19.65999984741211,18.84000015258789,19.030000686645508,1333200,0,0
2017-07-07,19.06999969482422,19.3700008392334,18.920000076293945,19.25,583000,0,0
2017-07-10,19.31999969482422,19.459999084472656,18.5,19.020000457763672,1014200,0,0
2017-07-11,19.020000457763672,19.219999313354492,18.899999618530273,19.049999237060547,946600,0,0
2017-07-12,19.170000076293945,19.329999923706055,18.81999969482422,18.979999542236328,792200,0,0
2017-07-13,19.020000457763672,19.389999389648438,18.829999923706055,19.020000457763672,791300,0,0
2017-07-14,19.030000686645508,19.719999313354492,18.979999542236328,19.290000915527344,872600,0,0
2017-07-17,19.280000686645508,19.329999923706055,18.940000534057617,19.079999923706055,656600,0,0
2017-07-18,19.110000610351562,19.479999542236328,19.040000915527344,19.100000381469727,423600,0,0
2017-07-19,19.219999313354492,19.549999237060547,19.079999923706055,19.450000762939453,680400,0,0
2017-07-20,19.530000686645508,19.950000762939453,19.450000762939453,19.940000534057617,834100,0,0
2017-07-21,19.920000076293945,20.1200008392334,19.649999618530273,20.040000915527344,616500,0,0
2017-07-24,19.979999542236328,20.399999618530273,19.899999618530273,20.010000228881836,814100,0,0
2017-07-25,20.100000381469727,20.200000762939453,19.649999618530273,19.68000030517578,557600,0,0
2017-07-26,19.700000762939453,19.809999465942383,19.270000457763672,19.510000228881836,729300,0,0
2017-07-27,19.6200008392334,19.6200008392334,19.1200008392334,19.200000762939453,599700,0,0
2017-07-28,19.200000762939453,19.260000228881836,18.75,19.030000686645508,602400,0,0
2017-07-31,19.239999771118164,19.239999771118164,18.84000015258789,19.059999465942383,294000,0,0
2017-08-01,19.040000915527344,19.510000228881836,18.639999389648438,19.459999084472656,853100,0,0
2017-08-02,19.329999923706055,19.450000762939453,18.649999618530273,18.889999389648438,512700,0,0
2017-08-03,18.979999542236328,19.290000915527344,18.799999237060547,18.860000610351562,369600,0,0
2017-08-04,18.790000915527344,19.11400032043457,18.239999771118164,18.40999984741211,708100,0,0
2017-08-07,18.510000228881836,19.049999237060547,18.18000030517578,18.899999618530273,518600,0,0
2017-08-08,18.8799991607666,19.56999969482422,18.7450008392334,19.1299991607666,898600,0,0
2017-08-09,18.950000762939453,19.040000915527344,18.729999542236328,18.950000762939453,826400,0,0
2017-08-10,20.299999237060547,20.34000015258789,18.110000610351562,18.31999969482422,3099300,0,0
2017-08-11,18.290000915527344,19.298999786376953,18.260000228881836,18.979999542236328,1453900,0,0
2017-08-14,19.200000762939453,19.399999618530273,18.860000610351562,19.110000610351562,736400,0,0
2017-08-15,19.209999084472656,19.209999084472656,18.809999465942383,18.860000610351562,651000,0,0
2017-08-16,18.93000030517578,18.93000030517578,18.670000076293945,18.729999542236328,379800,0,0
2017-08-17,18.75,18.8700008392334,18.34000015258789,18.3700008392334,638800,0,0
2017-08-18,18.420000076293945,18.459999084472656,17.746000289916992,17.90999984741211,820700,0,0
2017-08-21,18.059999465942383,18.059999465942383,16.959999084472656,17.149999618530273,1097600,0,0
2017-08-22,17.209999084472656,18.5,17.170000076293945,17.350000381469727,721100,0,0
2017-08-23,17.200000762939453,17.639999389648438,17.1299991607666,17.420000076293945,336600,0,0
2017-08-24,17.6200008392334,17.989999771118164,17.540000915527344,17.790000915527344,461800,0,0
2017-08-25,17.8799991607666,17.959999084472656,17.520000457763672,17.520000457763672,382600,0,0
2017-08-28,17.530000686645508,18.020000457763672,17.450000762939453,17.8799991607666,381500,0,0
2017-08-29,17.6200008392334,17.68000030517578,17.31999969482422,17.600000381469727,424000,0,0
2017-08-30,17.610000610351562,17.6200008392334,17.34000015258789,17.600000381469727,338500,0,0
2017-08-31,17.709999084472656,17.760000228881836,17.350000381469727,17.530000686645508,536900,0,0
2017-09-01,17.690000534057617,18.219999313354492,17.549999237060547,18.170000076293945,622400,0,0
2017-09-05,18.170000076293945,18.6299991607666,17.889999389648438,18.25,749200,0,0
2017-09-06,18.399999618530273,18.6299991607666,18.170000076293945,18.5,818400,0,0
2017-09-07,18.649999618530273,19.301000595092773,18.559999465942383,19.049999237060547,1381100,0,0
2017-09-08,19.06999969482422,19.469999313354492,18.790000915527344,18.84000015258789,967500,0,0
2017-09-11,19.149999618530273,19.34000015258789,18.969999313354492,19.09000015258789,654300,0,0
2017-09-12,19.190000534057617,19.739999771118164,19.190000534057617,19.6200008392334,785000,0,0
2017-09-13,19.579999923706055,20.6200008392334,19.57900047302246,20.5,1819200,0,0
2017-09-14,20.6299991607666,20.6299991607666,19.79400062561035,20.020000457763672,1061400,0,0
2017-09-15,20.059999465942383,20.15999984741211,19.690000534057617,19.860000610351562,518500,0,0
2017-09-18,19.950000762939453,20.0,19.40999984741211,19.65999984741211,579900,0,0
2017-09-19,19.700000762939453,20.229999542236328,19.610000610351562,19.799999237060547,749900,0,0
2017-09-20,19.81999969482422,19.950000762939453,19.299999237060547,19.510000228881836,639800,0,0
2017-09-21,19.489999771118164,19.610000610351562,19.299999237060547,19.489999771118164,389200,0,0
2017-09-22,19.3700008392334,19.649999618530273,19.290000915527344,19.34000015258789,389600,0,0
2017-09-25,19.260000228881836,19.459999084472656,19.049999237060547,19.1299991607666,477100,0,0
2017-09-26,19.200000762939453,19.979999542236328,19.18000030517578,19.90999984741211,1077100,0,0
2017-09-27,20.0,20.3799991607666,19.829999923706055,20.290000915527344,1159800,0,0
2017-09-28,20.290000915527344,20.969999313354492,20.010000228881836,20.280000686645508,822700,0,0
2017-09-29,20.06999969482422,20.8799991607666,20.06100082397461,20.549999237060547,1220400,0,0
2017-10-02,20.700000762939453,21.18000030517578,20.639999389648438,20.979999542236328,1045400,0,0
2017-10-03,21.139999389648438,21.18000030517578,20.56999969482422,20.959999084472656,691600,0,0
2017-10-04,20.809999465942383,21.0,20.59000015258789,20.760000228881836,493200,0,0
2017-10-05,20.309999465942383,20.760000228881836,20.309999465942383,20.549999237060547,673100,0,0
2017-10-06,20.530000686645508,21.110000610351562,20.209999084472656,21.049999237060547,954300,0,0
2017-10-09,21.110000610351562,21.15999984741211,20.65999984741211,20.81999969482422,487200,0,0
2017-10-10,20.979999542236328,21.740999221801758,20.899999618530273,21.100000381469727,903900,0,0
2017-10-11,21.280000686645508,21.350000381469727,21.09000015258789,21.229999542236328,523900,0,0
2017-10-12,21.110000610351562,21.209999084472656,20.75,20.93000030517578,416100,0,0
2017-10-13,20.760000228881836,20.969999313354492,20.6200008392334,20.790000915527344,444600,0,0
2017-10-16,20.760000228881836,20.780000686645508,20.350000381469727,20.59000015258789,370800,0,0
2017-10-17,20.700000762939453,20.78700065612793,20.3700008392334,20.389999389648438,437000,0,0
2017-10-18,20.399999618530273,20.579999923706055,20.34000015258789,20.56999969482422,326800,0,0
2017-10-19,20.510000228881836,20.549999237060547,20.299999237060547,20.510000228881836,283800,0,0
2017-10-20,20.479999542236328,20.84000015258789,20.43000030517578,20.829999923706055,327900,0,0
2017-10-23,20.979999542236328,20.979999542236328,20.329999923706055,20.329999923706055,571500,0,0
2017-10-24,20.399999618530273,20.790000915527344,20.34000015258789,20.600000381469727,779100,0,0
2017-10-25,20.649999618530273,20.69499969482422,19.950000762939453,20.139999389648438,477800,0,0
2017-10-26,20.170000076293945,20.559999465942383,20.15999984741211,20.559999465942383,417200,0,0
2017-10-27,20.559999465942383,20.940000534057617,20.469999313354492,20.809999465942383,358400,0,0
2017-10-30,20.8799991607666,21.75,20.649999618530273,21.600000381469727,833700,0,0
2017-10-31,21.549999237060547,22.0,21.1299991607666,21.479999542236328,631100,0,0
2017-11-01,21.530000686645508,21.594999313354492,21.110000610351562,21.420000076293945,544600,0,0
2017-11-02,21.389999389648438,21.56100082397461,20.459999084472656,20.719999313354492,643900,0,0
2017-11-03,20.719999313354492,21.170000076293945,20.65999984741211,21.1200008392334,566400,0,0
2017-11-06,21.100000381469727,21.75,21.079999923706055,21.59000015258789,590500,0,0
2017-11-07,21.729999542236328,21.940000534057617,21.299999237060547,21.93000030517578,680400,0,0
2017-11-08,21.8700008392334,22.3700008392334,21.600000381469727,21.729999542236328,948900,0,0
2017-11-09,23.700000762939453,25.299999237060547,23.31999969482422,24.790000915527344,4345600,0,0
2017-11-10,25.030000686645508,26.079999923706055,24.81999969482422,26.0,2060600,0,0
2017-11-13,25.690000534057617,25.790000915527344,24.350000381469727,24.979999542236328,1376100,0,0
2017-11-14,24.770000457763672,25.059999465942383,24.090999603271484,24.329999923706055,812500,0,0
2017-11-15,24.110000610351562,24.600000381469727,23.459999084472656,24.110000610351562,771700,0,0
2017-11-16,24.270000457763672,25.530000686645508,24.270000457763672,25.059999465942383,972700,0,0
2017-11-17,25.56999969482422,26.399999618530273,25.389999389648438,26.3799991607666,996000,0,0
2017-11-20,26.3700008392334,27.3799991607666,26.25,26.799999237060547,1330100,0,0
2017-11-21,27.25,27.25,26.309999465942383,26.790000915527344,718900,0,0
2017-11-22,26.899999618530273,27.28499984741211,26.729999542236328,27.06999969482422,651900,0,0
2017-11-24,27.270000457763672,27.770000457763672,27.270000457763672,27.479999542236328,456600,0,0
2017-11-27,28.0,28.0049991607666,26.350000381469727,26.75,896800,0,0
2017-11-28,26.799999237060547,27.09000015258789,26.1200008392334,26.1200008392334,996900,0,0
2017-11-29,26.219999313354492,26.950000762939453,26.047000885009766,26.670000076293945,756100,0,0
2017-11-30,26.68000030517578,27.1299991607666,26.440000534057617,26.8799991607666,753900,0,0
2017-12-01,27.139999389648438,27.40999984741211,26.709999084472656,27.209999084472656,885700,0,0
2017-12-04,27.489999771118164,27.829999923706055,27.1299991607666,27.40999984741211,610300,0,0
2017-12-05,27.399999618530273,27.75,27.1299991607666,27.600000381469727,647400,0,0
2017-12-06,27.56999969482422,27.700000762939453,26.920000076293945,27.1299991607666,544400,0,0
2017-12-07,27.200000762939453,27.940000534057617,27.020000457763672,27.8799991607666,624100,0,0
2017-12-08,27.969999313354492,28.799999237060547,27.709999084472656,28.059999465942383,697000,0,0
2017-12-11,28.09000015258789,28.3799991607666,27.969999313354492,28.260000228881836,449300,0,0
2017-12-12,28.309999465942383,28.889999389648438,28.190000534057617,28.270000457763672,595400,0,0
2017-12-13,28.270000457763672,28.514999389648438,27.690000534057617,27.719999313354492,650900,0,0
2017-12-14,27.850000381469727,28.190000534057617,27.40999984741211,27.579999923706055,600800,0,0
2017-12-15,27.59000015258789,27.670000076293945,26.280000686645508,26.450000762939453,1158000,0,0
2017-12-18,27.040000915527344,27.6299991607666,26.8799991607666,27.610000610351562,842100,0,0
2017-12-19,27.6299991607666,27.959999084472656,27.350000381469727,27.360000610351562,680700,0,0
2017-12-20,27.600000381469727,28.0,27.399999618530273,27.860000610351562,494900,0,0
2017-12-21,28.0,29.309999465942383,27.920000076293945,29.309999465942383,1237000,0,0
2017-12-22,29.309999465942383,29.780000686645508,28.711999893188477,29.709999084472656,1214700,0,0
2017-12-26,29.93000030517578,30.8799991607666,29.84000015258789,30.729999542236328,708100,0,0
2017-12-27,30.700000762939453,31.375999450683594,30.6200008392334,31.0,1012800,0,0
2017-12-28,31.329999923706055,31.950000762939453,31.0,31.6299991607666,935900,0,0
2017-12-29,31.90999984741211,31.90999984741211,31.09000015258789,31.559999465942383,848000,0,0
2018-01-02,31.790000915527344,32.220001220703125,31.25,31.799999237060547,857200,0,0
2018-01-03,31.950000762939453,33.43000030517578,31.84000015258789,32.869998931884766,1261900,0,0
2018-01-04,33.349998474121094,33.689998626708984,32.66999816894531,33.599998474121094,922400,0,0
2018-01-05,33.849998474121094,33.959999084472656,33.04999923706055,33.43000030517578,1383100,0,0
2018-01-08,33.61000061035156,33.61000061035156,32.34000015258789,33.0099983215332,1469600,0,0
2018-01-09,33.380001068115234,33.5099983215332,32.7400016784668,33.209999084472656,838300,0,0
2018-01-10,32.97999954223633,33.36000061035156,32.599998474121094,32.7400016784668,714800,0,0
2018-01-11,32.45000076293945,33.2400016784668,32.34000015258789,32.7599983215332,848100,0,0
2018-01-12,32.880001068115234,32.9900016784668,32.29999923706055,32.380001068115234,663100,0,0
2018-01-16,33.150001525878906,33.150001525878906,31.15999984741211,31.829999923706055,1096700,0,0
2018-01-17,31.829999923706055,32.68000030517578,31.829999923706055,32.599998474121094,1422800,0,0
2018-01-18,32.86000061035156,33.5,32.599998474121094,32.790000915527344,614200,0,0
2018-01-19,32.790000915527344,33.02000045776367,32.54999923706055,32.61000061035156,635300,0,0
2018-01-22,32.599998474121094,33.25,32.04999923706055,33.150001525878906,697900,0,0
2018-01-23,33.279998779296875,35.40999984741211,33.150001525878906,35.22999954223633,3317400,0,0
2018-01-24,35.630001068115234,35.667999267578125,34.573001861572266,35.060001373291016,1152500,0,0
2018-01-25,35.220001220703125,35.61000061035156,34.40999984741211,35.33000183105469,916700,0,0
2018-01-26,35.36000061035156,35.56999969482422,34.84000015258789,35.560001373291016,1010400,0,0
2018-01-29,35.29999923706055,35.540000915527344,34.76499938964844,34.849998474121094,1487900,0,0
2018-01-30,34.400001525878906,35.11000061035156,33.68000030517578,35.0,800300,0,0
2018-01-31,35.0,36.4900016784668,35.0,35.939998626708984,1081800,0,0
2018-02-01,35.63999938964844,35.970001220703125,35.40999984741211,35.720001220703125,596000,0,0
2018-02-02,35.5,37.099998474121094,35.220001220703125,35.79999923706055,1366000,0,0
2018-02-05,35.7400016784668,37.5099983215332,34.744998931884766,35.709999084472656,1884300,0,0
2018-02-06,34.9900016784668,37.33000183105469,34.86000061035156,37.09000015258789,1611800,0,0
2018-02-07,37.61000061035156,38.25,36.959999084472656,38.119998931884766,2650100,0,0
2018-02-08,34.04999923706055,34.70000076293945,31.049999237060547,31.790000915527344,8843200,0,0
2018-02-09,32.75,33.36000061035156,28.40999984741211,30.459999084472656,4553300,0,0
2018-02-12,31.040000915527344,32.150001525878906,30.3799991607666,31.739999771118164,1525600,0,0
2018-02-13,31.260000228881836,33.45000076293945,31.15999984741211,33.16999816894531,1430400,0,0
2018-02-14,32.95000076293945,34.97999954223633,32.61000061035156,34.849998474121094,1515900,0,0
2018-02-15,35.22999954223633,35.22999954223633,33.65999984741211,34.0099983215332,1663500,0,0
2018-02-16,34.0,34.5099983215332,33.619998931884766,34.0,944400,0,0
2018-02-20,33.61000061035156,34.040000915527344,33.349998474121094,33.540000915527344,715300,0,0
2018-02-21,33.5099983215332,34.16999816894531,33.33000183105469,33.630001068115234,572300,0,0
2018-02-22,33.63999938964844,33.72999954223633,32.000999450683594,32.06999969482422,873100,0,0
2018-02-23,32.29999923706055,33.060001373291016,32.25,32.779998779296875,577700,0,0
2018-02-26,33.040000915527344,33.689998626708984,32.72999954223633,33.599998474121094,528200,0,0
2018-02-27,33.4900016784668,33.70000076293945,32.7599983215332,32.7599983215332,434900,0,0
2018-02-28,33.09000015258789,33.09000015258789,31.6299991607666,31.6299991607666,865400,0,0
2018-03-01,31.780000686645508,32.150001525878906,30.760000228881836,31.31999969482422,693900,0,0
2018-03-02,31.0,32.189998626708984,30.5,32.06999969482422,655300,0,0
2018-03-05,31.770000457763672,33.0,31.770000457763672,32.40999984741211,471200,0,0
2018-03-06,32.61000061035156,32.88999938964844,32.09000015258789,32.29999923706055,353400,0,0
2018-03-07,32.08000183105469,32.40999984741211,31.600000381469727,31.709999084472656,573600,0,0
2018-03-08,31.709999084472656,32.220001220703125,31.549999237060547,32.0099983215332,357000,0,0
2018-03-09,32.2599983215332,32.939998626708984,32.02000045776367,32.47999954223633,577600,0,0
2018-03-12,32.4900016784668,33.119998931884766,32.4900016784668,33.040000915527344,478700,0,0
2018-03-13,33.38999938964844,33.869998931884766,32.959999084472656,33.310001373291016,466300,0,0
2018-03-14,33.38999938964844,33.61000061035156,32.66999816894531,32.880001068115234,439200,0,0
2018-03-15,32.869998931884766,33.310001373291016,32.599998474121094,33.29999923706055,268400,0,0
2018-03-16,33.290000915527344,34.86000061035156,33.06999969482422,34.7400016784668,961800,0,0
2018-03-19,34.65999984741211,34.75,33.459999084472656,34.150001525878906,709600,0,0
2018-03-20,34.220001220703125,36.0,34.150001525878906,35.7400016784668,1240400,0,0
2018-03-21,35.810001373291016,36.65999984741211,35.47999954223633,36.439998626708984,622900,0,0
2018-03-22,35.790000915527344,36.54999923706055,34.52000045776367,34.540000915527344,701700,0,0
2018-03-23,34.630001068115234,35.7400016784668,33.849998474121094,33.959999084472656,994700,0,0
2018-03-26,34.58000183105469,35.082000732421875,33.97999954223633,34.709999084472656,421500,0,0
2018-03-27,34.95000076293945,35.380001068115234,33.650001525878906,34.0,506100,0,0
2018-03-28,33.7400016784668,34.0,32.61000061035156,32.84000015258789,727300,0,0
2018-03-29,33.06999969482422,33.75,33.06999969482422,33.41999816894531,506000,0,0
2018-04-02,33.38999938964844,33.709999084472656,32.369998931884766,32.75,694200,0,0
2018-04-03,32.939998626708984,33.849998474121094,32.68000030517578,33.83000183105469,512100,0,0
2018-04-04,33.029998779296875,34.90999984741211,33.029998779296875,34.810001373291016,599700,0,0
2018-04-05,35.04999923706055,35.130001068115234,34.31999969482422,35.029998779296875,540600,0,0
2018-04-06,34.66999816894531,35.150001525878906,33.790000915527344,34.09000015258789,287500,0,0
2018-04-09,34.34000015258789,35.349998474121094,34.31999969482422,34.65999984741211,383100,0,0
2018-04-10,35.2400016784668,35.560001373291016,34.720001220703125,35.38999938964844,391400,0,0
2018-04-11,34.81999969482422,35.20000076293945,34.4900016784668,34.709999084472656,447300,0,0
2018-04-12,34.880001068115234,35.099998474121094,34.540000915527344,34.630001068115234,278000,0,0
2018-04-13,34.689998626708984,35.22999954223633,33.72999954223633,34.02000045776367,395200,0,0
2018-04-16,34.220001220703125,34.459999084472656,33.66999816894531,34.25,400300,0,0
2018-04-17,34.33000183105469,34.77000045776367,34.33000183105469,34.459999084472656,303900,0,0
2018-04-18,34.58000183105469,35.4900016784668,34.349998474121094,34.9900016784668,405600,0,0
2018-04-19,35.40999984741211,37.220001220703125,35.178001403808594,36.56999969482422,1721500,0,0
2018-04-20,36.790000915527344,37.4900016784668,36.0099983215332,36.5,759500,0,0
2018-04-23,36.939998626708984,37.09000015258789,34.63999938964844,35.09000015258789,970700,0,0
2018-04-24,35.08000183105469,36.529998779296875,34.76300048828125,35.560001373291016,817600,0,0
2018-04-25,35.459999084472656,35.619998931884766,34.18000030517578,35.18000030517578,565200,0,0
2018-04-26,35.209999084472656,36.150001525878906,34.9109992980957,36.09000015258789,300900,0,0
2018-04-27,36.119998931884766,37.369998931884766,36.119998931884766,36.58000183105469,588800,0,0
2018-04-30,36.77000045776367,37.79999923706055,36.68000030517578,37.08000183105469,526000,0,0
2018-05-01,36.7599983215332,36.970001220703125,35.78099822998047,36.79999923706055,317600,0,0
2018-05-02,36.79999923706055,37.566001892089844,36.720001220703125,37.09000015258789,396000,0,0
2018-05-03,37.029998779296875,37.400001525878906,36.650001525878906,36.790000915527344,357200,0,0
2018-05-04,36.54999923706055,37.34000015258789,36.02000045776367,37.150001525878906,345800,0,0
2018-05-07,37.22999954223633,38.459999084472656,37.180999755859375,38.18000030517578,634700,0,0
2018-05-08,38.22999954223633,38.400001525878906,36.91999816894531,37.150001525878906,501900,0,0
2018-05-09,37.18000030517578,38.02000045776367,37.18000030517578,37.43000030517578,348000,0,0
2018-05-10,37.220001220703125,37.79999923706055,36.91999816894531,37.060001373291016,410800,0,0
2018-05-11,37.0,37.369998931884766,36.61000061035156,37.040000915527344,358700,0,0
2018-05-14,37.06999969482422,37.95000076293945,36.66999816894531,37.849998474121094,456800,0,0
2018-05-15,37.59000015258789,39.4900016784668,37.400001525878906,39.099998474121094,1472200,0,0
2018-05-16,39.310001373291016,40.459999084472656,39.250999450683594,40.36000061035156,682400,0,0
2018-05-17,40.47999954223633,41.11000061035156,39.849998474121094,40.869998931884766,771000,0,0
2018-05-18,40.869998931884766,41.189998626708984,39.709999084472656,40.970001220703125,755300,0,0
2018-05-21,41.36000061035156,41.5,38.369998931884766,39.349998474121094,972600,0,0
2018-05-22,39.93000030517578,41.11000061035156,39.599998474121094,39.900001525878906,700000,0,0
2018-05-23,39.66999816894531,40.6609992980957,39.349998474121094,39.959999084472656,695200,0,0
2018-05-24,40.279998779296875,40.279998779296875,39.34000015258789,39.599998474121094,594500,0,0
2018-05-25,39.36000061035156,39.779998779296875,39.150001525878906,39.72999954223633,325700,0,0
2018-05-29,39.33000183105469,40.88999938964844,39.31999969482422,39.810001373291016,496000,0,0
2018-05-30,39.91999816894531,40.972999572753906,39.58000183105469,39.81999969482422,755300,0,0
2018-05-31,40.93000030517578,42.33000183105469,40.349998474121094,42.04999923706055,1259700,0,0
2018-06-01,42.36000061035156,42.99700164794922,41.34000015258789,42.540000915527344,798900,0,0
2018-06-04,42.81999969482422,43.7140007019043,42.68000030517578,43.16999816894531,738000,0,0
2018-06-05,43.15999984741211,44.040000915527344,42.89099884033203,43.86000061035156,544900,0,0
2018-06-06,44.619998931884766,44.79999923706055,43.90999984741211,44.220001220703125,640100,0,0
2018-06-07,43.810001373291016,44.20000076293945,42.459999084472656,42.709999084472656,806500,0,0
2018-06-08,42.540000915527344,43.400001525878906,42.25,43.22999954223633,855200,0,0
2018-06-11,43.459999084472656,44.310001373291016,43.29999923706055,43.52000045776367,591000,0,0
2018-06-12,43.81999969482422,45.06999969482422,43.45000076293945,44.77000045776367,583000,0,0
2018-06-13,44.810001373291016,45.79999923706055,44.79999923706055,45.16999816894531,861800,0,0
2018-06-14,45.400001525878906,46.33000183105469,45.005001068115234,45.849998474121094,1617900,0,0
2018-06-15,59.02000045776367,61.689998626708984,53.18000030517578,61.02000045776367,13799300,0,0
2018-06-18,60.099998474121094,66.30000305175781,60.0099983215332,64.7300033569336,6458700,0,0
2018-06-19,64.01000213623047,67.73999786376953,63.25,67.41999816894531,2944700,0,0
2018-06-20,68.27999877929688,68.75,63.75,64.0,3963200,0,0
2018-06-21,63.29999923706055,63.630001068115234,61.810001373291016,62.150001525878906,5081300,0,0
2018-06-22,62.65999984741211,62.90999984741211,57.279998779296875,57.61000061035156,4417700,0,0
2018-06-25,57.43000030517578,59.7599983215332,55.77000045776367,58.84000015258789,3950300,0,0
2018-06-26,59.630001068115234,60.349998474121094,55.97999954223633,57.349998474121094,3097800,0,0
2018-06-27,57.099998474121094,59.029998779296875,56.25,56.61000061035156,1260100,0,0
2018-06-28,56.36000061035156,58.29999923706055,56.220001220703125,58.20000076293945,881800,0,0
2018-06-29,58.54999923706055,60.54999923706055,58.400001525878906,58.849998474121094,1172400,0,0
2018-07-02,58.97999954223633,59.2400016784668,56.58000183105469,58.880001068115234,651800,0,0
2018-07-03,59.060001373291016,59.779998779296875,58.189998626708984,59.310001373291016,761400,0,0
2018-07-05,60.25,60.70000076293945,58.72999954223633,60.02000045776367,987300,0,0
2018-07-06,59.84000015258789,61.47999954223633,58.68000030517578,59.61000061035156,994700,0,0
2018-07-09,60.0,60.41999816894531,58.68000030517578,60.15999984741211,818700,0,0
2018-07-10,60.459999084472656,61.93000030517578,60.15999984741211,61.58000183105469,1520700,0,0
2018-07-11,60.84000015258789,61.970001220703125,60.36000061035156,60.97999954223633,939600,0,0
2018-07-12,61.04999923706055,61.507999420166016,59.41999816894531,60.310001373291016,906200,0,0
2018-07-13,60.0,61.12900161743164,59.58000183105469,60.27000045776367,702000,0,0
2018-07-16,60.25,61.279998779296875,59.66999816894531,61.119998931884766,705900,0,0
2018-07-17,61.13999938964844,63.84000015258789,61.13999938964844,63.599998474121094,1112300,0,0
2018-07-18,64.09700012207031,64.91000366210938,63.060001373291016,64.7699966430664,814700,0,0
2018-07-19,64.5999984741211,64.94999694824219,63.88999938964844,64.30000305175781,529700,0,0
2018-07-20,64.55000305175781,64.81999969482422,62.0099983215332,62.70000076293945,1032500,0,0
2018-07-23,63.5,63.939998626708984,62.040000915527344,63.33000183105469,883400,0,0
2018-07-24,63.529998779296875,64.08200073242188,61.16999816894531,61.20000076293945,755300,0,0
2018-07-25,60.97999954223633,62.20000076293945,60.36000061035156,61.869998931884766,660800,0,0
2018-07-26,61.380001068115234,62.630001068115234,61.1510009765625,62.060001373291016,441300,0,0
2018-07-27,62.040000915527344,62.439998626708984,58.529998779296875,58.97999954223633,923300,0,0
2018-07-30,58.70000076293945,58.9900016784668,55.029998779296875,55.349998474121094,1501800,0,0
2018-07-31,55.29999923706055,57.459999084472656,55.07400131225586,57.43000030517578,1083500,0,0
2018-08-01,56.02000045776367,57.61000061035156,55.97999954223633,57.04999923706055,668300,0,0
2018-08-02,57.22999954223633,58.41899871826172,56.47100067138672,58.2400016784668,631800,0,0
2018-08-03,58.41999816894531,58.775001525878906,56.790000915527344,57.25,625300,0,0
2018-08-06,57.33000183105469,58.130001068115234,56.709999084472656,57.16999816894531,428900,0,0
2018-08-07,58.0,58.0,55.47999954223633,56.0,1073300,0,0
2018-08-08,56.0,56.33000183105469,55.099998474121094,55.90999984741211,1488100,0,0
2018-08-09,59.16999816894531,59.47999954223633,54.0,54.0,3921800,0,0
2018-08-10,53.72999954223633,56.43000030517578,53.0,55.060001373291016,1855000,0,0
2018-08-13,54.20000076293945,54.900001525878906,52.31100082397461,54.02000045776367,1776200,0,0
2018-08-14,53.7400016784668,53.827999114990234,50.81999969482422,51.540000915527344,2113000,0,0
2018-08-15,51.04999923706055,51.41999816894531,49.68000030517578,50.849998474121094,1308200,0,0
2018-08-16,50.880001068115234,52.720001220703125,50.380001068115234,51.54999923706055,1165400,0,0
2018-08-17,51.36000061035156,51.75,50.43299865722656,50.849998474121094,764500,0,0
2018-08-20,50.97999954223633,54.15999984741211,50.97999954223633,53.779998779296875,1047200,0,0
2018-08-21,54.0099983215332,54.85900115966797,53.689998626708984,54.029998779296875,910300,0,0
2018-08-22,53.939998626708984,55.5,53.650001525878906,55.25,576100,0,0
2018-08-23,55.11000061035156,56.29999923706055,54.97999954223633,56.29999923706055,803000,0,0
2018-08-24,56.349998474121094,57.11000061035156,56.18000030517578,56.5,579400,0,0
2018-08-27,56.790000915527344,58.70000076293945,56.68000030517578,58.02000045776367,755100,0,0
2018-08-28,58.2400016784668,59.54999923706055,57.619998931884766,58.70000076293945,700700,0,0
2018-08-29,58.43000030517578,59.4900016784668,58.18000030517578,59.33000183105469,402200,0,0
2018-08-30,59.220001220703125,60.45000076293945,59.119998931884766,59.939998626708984,547900,0,0
2018-08-31,60.459999084472656,61.33000183105469,59.9900016784668,60.869998931884766,655700,0,0
2018-09-04,60.630001068115234,60.7599983215332,58.34000015258789,60.2400016784668,651000,0,0
2018-09-05,59.91999816894531,59.959999084472656,55.459999084472656,55.83000183105469,1388400,0,0
2018-09-06,56.349998474121094,57.39500045776367,54.54999923706055,55.209999084472656,636800,0,0
2018-09-07,54.79999923706055,56.95000076293945,54.72100067138672,55.900001525878906,458300,0,0
2018-09-10,55.83000183105469,58.0,55.83000183105469,57.689998626708984,660900,0,0
2018-09-11,57.18000030517578,59.720001220703125,57.18000030517578,59.4900016784668,707500,0,0
2018-09-12,59.650001525878906,60.7599983215332,58.119998931884766,59.77000045776367,615600,0,0
2018-09-13,59.66999816894531,60.749000549316406,58.61000061035156,59.0099983215332,520900,0,0
2018-09-14,58.9900016784668,59.0,57.10499954223633,58.13999938964844,529900,0,0
2018-09-17,57.97999954223633,58.709999084472656,56.900001525878906,57.540000915527344,425000,0,0
2018-09-18,57.900001525878906,60.130001068115234,57.83000183105469,59.099998474121094,766100,0,0
2018-09-19,59.369998931884766,59.67900085449219,55.7400016784668,56.52000045776367,1016000,0,0
2018-09-20,56.959999084472656,57.5,55.5,57.0099983215332,477400,0,0
2018-09-21,56.65999984741211,57.5,56.209999084472656,57.29999923706055,809600,0,0
2018-09-24,57.13999938964844,58.25,56.77000045776367,58.02000045776367,371300,0,0
2018-09-25,58.189998626708984,59.36000061035156,57.790000915527344,57.9900016784668,439600,0,0
2018-09-26,58.13999938964844,64.30000305175781,58.11000061035156,63.63999938964844,3940600,0,0
2018-09-27,63.93000030517578,64.87999725341797,62.29999923706055,64.0199966430664,1535600,0,0
2018-09-28,63.810001373291016,65.81999969482422,63.54999923706055,64.54000091552734,1062400,0,0
2018-10-01,65.20999908447266,65.80000305175781,61.25,61.75,1297800,0,0
2018-10-02,61.70000076293945,61.70000076293945,59.02000045776367,59.220001220703125,1044300,0,0
2018-10-03,59.91999816894531,60.0,58.03099822998047,58.7599983215332,770600,0,0
2018-10-04,58.08000183105469,58.560001373291016,54.75,56.04999923706055,1560300,0,0
2018-10-05,55.65999984741211,57.65700149536133,55.470001220703125,56.959999084472656,1092400,0,0
2018-10-08,56.599998474121094,57.47999954223633,53.439998626708984,54.290000915527344,910800,0,0
2018-10-09,54.9900016784668,55.380001068115234,52.79999923706055,53.16999816894531,1021800,0,0
2018-10-10,52.650001525878906,52.650001525878906,48.040000915527344,48.040000915527344,3034700,0,0
2018-10-11,47.43000030517578,49.189998626708984,47.02000045776367,47.189998626708984,1420900,0,0
2018-10-12,49.06999969482422,50.560001373291016,48.97999954223633,50.439998626708984,1704800,0,0
2018-10-15,50.439998626708984,50.91999816894531,49.650001525878906,50.70000076293945,988400,0,0
2018-10-16,51.130001068115234,53.70000076293945,51.0099983215332,53.66999816894531,956600,0,0
2018-10-17,53.400001525878906,53.470001220703125,51.59000015258789,52.45000076293945,797300,0,0
2018-10-18,52.0,52.81999969482422,51.34000015258789,51.939998626708984,709400,0,0
2018-10-19,52.22999954223633,52.77000045776367,49.599998474121094,49.84000015258789,1086700,0,0
2018-10-22,50.9900016784668,51.56999969482422,49.689998626708984,50.810001373291016,559800,0,0
2018-10-23,48.720001220703125,49.439998626708984,46.849998474121094,48.380001068115234,1017900,0,0
2018-10-24,48.7400016784668,49.70000076293945,47.040000915527344,47.119998931884766,788200,0,0
2018-10-25,47.34000015258789,48.709999084472656,47.34000015258789,48.150001525878906,681600,0,0
2018-10-26,47.29999923706055,48.619998931884766,46.25,47.41999816894531,795500,0,0
2018-10-29,47.56999969482422,49.540000915527344,47.31999969482422,48.09000015258789,764900,0,0
2018-10-30,48.060001373291016,51.869998931884766,48.0,50.959999084472656,1025800,0,0
2018-10-31,51.900001525878906,54.630001068115234,51.70000076293945,54.56999969482422,1228500,0,0
2018-11-01,54.63999938964844,55.65999984741211,53.09000015258789,55.4900016784668,1110700,0,0
2018-11-02,56.220001220703125,59.279998779296875,56.029998779296875,58.29999923706055,1633200,0,0
2018-11-05,58.45000076293945,58.779998779296875,56.439998626708984,58.27000045776367,1417800,0,0
2018-11-06,57.97999954223633,59.63999938964844,57.97999954223633,59.279998779296875,1186300,0,0
2018-11-07,59.90999984741211,61.779998779296875,59.400001525878906,61.59000015258789,1298200,0,0
2018-11-08,61.5,61.59000015258789,59.70000076293945,60.130001068115234,836400,0,0
2018-11-09,58.9900016784668,60.15999984741211,58.310001373291016,59.9900016784668,833300,0,0
2018-11-12,59.65999984741211,60.56999969482422,57.04999923706055,57.09000015258789,1890200,0,0
2018-11-13,57.47999954223633,59.63999938964844,57.01100158691406,58.58000183105469,1933200,0,0
2018-11-14,67.1500015258789,72.2699966430664,61.7599983215332,64.44999694824219,9750500,0,0
2018-11-15,65.0,68.44999694824219,63.22999954223633,68.22000122070312,2569700,0,0
2018-11-16,67.91000366210938,71.58000183105469,66.93000030517578,70.05000305175781,3179400,0,0
2018-11-19,69.61000061035156,71.54000091552734,65.81999969482422,67.12999725341797,2501500,0,0
2018-11-20,63.310001373291016,66.36000061035156,62.30400085449219,63.18000030517578,2467400,0,0
2018-11-21,64.55000305175781,66.26000213623047,63.97999954223633,65.29000091552734,1117700,0,0
2018-11-23,65.0,68.16999816894531,64.76300048828125,68.04000091552734,1267000,0,0
2018-11-26,69.01000213623047,69.27999877929688,66.12000274658203,66.37999725341797,1587000,0,0
2018-11-27,64.0,64.5,62.439998626708984,62.81999969482422,4019000,0,0
2018-11-28,63.59000015258789,66.33000183105469,62.02000045776367,65.98999786376953,2857000,0,0
2018-11-29,65.37000274658203,66.0199966430664,64.68000030517578,64.97000122070312,1559500,0,0
2018-11-30,64.94000244140625,68.23999786376953,64.77999877929688,67.3499984741211,2739800,0,0
2018-12-03,70.0,70.26000213623047,68.05500030517578,69.48999786376953,1816700,0,0
2018-12-04,69.4000015258789,69.91000366210938,67.0199966430664,68.37999725341797,1998300,0,0
2018-12-06,65.6500015258789,65.95999908447266,61.2599983215332,62.61000061035156,2730100,0,0
2018-12-07,62.599998474121094,63.90999984741211,57.93000030517578,58.45000076293945,1892500,0,0
2018-12-10,59.0,59.400001525878906,54.959999084472656,55.959999084472656,2494200,0,0
2018-12-11,57.47999954223633,58.310001373291016,55.18000030517578,55.2599983215332,2631200,0,0
2018-12-12,57.099998474121094,59.38999938964844,56.7599983215332,58.40999984741211,2708400,0,0
2018-12-13,58.52000045776367,58.630001068115234,54.65999984741211,54.689998626708984,2148800,0,0
2018-12-14,52.869998931884766,53.70500183105469,51.81999969482422,52.11000061035156,2424500,0,0
2018-12-17,50.79999923706055,52.33000183105469,49.790000915527344,50.349998474121094,1931300,0,0
2018-12-18,50.90999984741211,52.540000915527344,50.709999084472656,52.099998474121094,2062600,0,0
2018-12-19,52.40999984741211,52.84000015258789,48.15999984741211,48.75,3373300,0,0
2018-12-20,48.15999984741211,48.810001373291016,44.33000183105469,45.9900016784668,4330300,0,0
2018-12-21,46.310001373291016,46.689998626708984,42.099998474121094,42.2400016784668,2970900,0,0
2018-12-24,40.95000076293945,42.4900016784668,40.810001373291016,40.849998474121094,1495500,0,0
2018-12-26,41.29999923706055,43.22999954223633,40.36000061035156,43.13999938964844,1803400,0,0
2018-12-27,42.4900016784668,43.0,40.189998626708984,42.209999084472656,1875600,0,0
2018-12-28,42.47999954223633,42.93000030517578,40.93000030517578,41.779998779296875,1704200,0,0
2018-12-31,44.970001220703125,45.77000045776367,43.040000915527344,43.720001220703125,6378100,0,0
2019-01-02,43.04999923706055,44.619998931884766,41.5099983215332,43.86000061035156,2387900,0,0
2019-01-03,43.650001525878906,44.20000076293945,42.119998931884766,42.15999984741211,2141900,0,0
2019-01-04,43.189998626708984,45.54999923706055,43.13999938964844,44.72999954223633,3030400,0,0
2019-01-07,45.5,47.27000045776367,44.27000045776367,46.75,2110800,0,0
2019-01-08,47.63999938964844,48.599998474121094,46.70000076293945,48.06999969482422,2617900,0,0
2019-01-09,48.56999969482422,49.779998779296875,48.25,49.2400016784668,1959200,0,0
2019-01-10,47.91999816894531,48.27000045776367,45.70000076293945,47.93000030517578,2904200,0,0
2019-01-11,47.310001373291016,47.88999938964844,47.150001525878906,47.81999969482422,1476100,0,0
2019-01-14,46.939998626708984,47.709999084472656,46.380001068115234,47.060001373291016,1452000,0,0
2019-01-15,47.20000076293945,48.08000183105469,46.81999969482422,47.2400016784668,1747900,0,0
2019-01-16,47.349998474121094,48.599998474121094,47.25,47.529998779296875,1732400,0,0
2019-01-17,47.47999954223633,50.02000045776367,46.88999938964844,49.63999938964844,1798600,0,0
2019-01-18,50.470001220703125,52.18000030517578,49.869998931884766,50.08000183105469,2572500,0,0
2019-01-22,49.40999984741211,51.540000915527344,49.18000030517578,50.04999923706055,2033100,0,0
2019-01-23,50.08000183105469,50.72999954223633,48.790000915527344,49.650001525878906,1761700,0,0
2019-01-24,47.77000045776367,47.849998474121094,44.15999984741211,46.04999923706055,7666500,0,0
2019-01-25,46.959999084472656,49.11199951171875,46.810001373291016,49.11000061035156,3061100,0,0
2019-01-28,48.08000183105469,50.47999954223633,47.599998474121094,49.9900016784668,2023500,0,0
2019-01-29,49.779998779296875,50.19200134277344,48.220001220703125,49.689998626708984,1427300,0,0
2019-01-30,50.33000183105469,50.61000061035156,48.5099983215332,49.81999969482422,1832800,0,0
2019-01-31,50.0,51.68000030517578,49.2599983215332,51.459999084472656,1838900,0,0
2019-02-01,52.13999938964844,52.65999984741211,50.720001220703125,52.349998474121094,2095600,0,0
2019-02-04,52.43000030517578,53.15999984741211,51.20000076293945,52.90999984741211,1151700,0,0
2019-02-05,53.88999938964844,54.880001068115234,53.279998779296875,54.400001525878906,2064600,0,0
2019-02-06,54.650001525878906,55.5099983215332,52.52399826049805,55.38999938964844,2006100,0,0
2019-02-07,55.0099983215332,55.83000183105469,53.7599983215332,54.540000915527344,1871400,0,0
2019-02-08,53.54999923706055,56.2400016784668,53.11000061035156,56.20000076293945,1820000,0,0
2019-02-11,57.099998474121094,57.86000061035156,56.04999923706055,57.619998931884766,2001700,0,0
2019-02-12,58.040000915527344,59.279998779296875,57.16999816894531,58.849998474121094,2885900,0,0
2019-02-13,59.38999938964844,59.70000076293945,58.18000030517578,59.189998626708984,3986200,0,0
2019-02-14,59.7599983215332,59.939998626708984,51.16999816894531,51.529998779296875,16674100,0,0
2019-02-15,52.0,53.63999938964844,49.849998474121094,50.11000061035156,6200000,0,0
2019-02-19,50.11000061035156,54.18000030517578,49.709999084472656,54.150001525878906,4703100,0,0
2019-02-20,53.7400016784668,54.060001373291016,52.56999969482422,53.52000045776367,3361200,0,0
2019-02-21,54.04999923706055,54.141998291015625,52.849998474121094,53.540000915527344,3173900,0,0
2019-02-22,53.75,55.75,53.54999923706055,55.470001220703125,4201000,0,0
2019-02-25,55.650001525878906,56.849998474121094,55.540000915527344,55.65999984741211,2078000,0,0
2019-02-26,55.189998626708984,56.33000183105469,54.68000030517578,56.02000045776367,2589200,0,0
2019-02-27,55.9900016784668,57.43000030517578,55.599998474121094,57.0099983215332,3723800,0,0
2019-02-28,57.209999084472656,58.29999923706055,56.84000015258789,56.90999984741211,2446100,0,0
2019-03-01,57.63999938964844,57.65999984741211,55.25,55.459999084472656,3691400,0,0
2019-03-04,55.61000061035156,55.880001068115234,52.150001525878906,52.599998474121094,4255100,0,0
2019-03-05,52.310001373291016,53.77000045776367,52.27899932861328,53.560001373291016,1810800,0,0
2019-03-06,53.2400016784668,53.349998474121094,51.29999923706055,51.79999923706055,1818500,0,0
2019-03-07,51.61000061035156,51.7400016784668,49.56999969482422,50.119998931884766,3049800,0,0
2019-03-08,49.29999923706055,50.529998779296875,48.75,50.36000061035156,1615400,0,0
2019-03-11,50.36000061035156,51.970001220703125,50.36000061035156,51.93000030517578,1813700,0,0
2019-03-12,52.16999816894531,52.20000076293945,50.119998931884766,51.33000183105469,1474500,0,0
2019-03-13,51.27000045776367,52.22999954223633,51.119998931884766,51.22999954223633,1063100,0,0
2019-03-14,51.18000030517578,51.8849983215332,51.0,51.459999084472656,1161000,0,0
2019-03-15,51.70000076293945,52.25,50.755001068115234,51.09000015258789,1014500,0,0
2019-03-18,51.33000183105469,51.79999923706055,50.150001525878906,51.150001525878906,926700,0,0
2019-03-19,51.61000061035156,52.68000030517578,51.14099884033203,52.20000076293945,1214800,0,0
2019-03-20,52.13999938964844,52.16999816894531,50.125,50.400001525878906,1261000,0,0
2019-03-21,50.02000045776367,51.4900016784668,50.0,51.2599983215332,985400,0,0
2019-03-22,50.970001220703125,50.970001220703125,48.2400016784668,48.27000045776367,2097900,0,0
2019-03-25,48.0,48.0,45.58000183105469,46.33000183105469,3815700,0,0
2019-03-26,46.810001373291016,47.314998626708984,45.624000549316406,45.9900016784668,1498200,0,0
2019-03-27,45.93000030517578,46.20000076293945,43.970001220703125,45.88999938964844,2050400,0,0
2019-03-28,46.43000030517578,48.45000076293945,46.2599983215332,47.02000045776367,1957200,0,0
2019-03-29,47.720001220703125,48.54999923706055,46.959999084472656,48.02000045776367,1228100,0,0
2019-04-01,48.97999954223633,49.130001068115234,48.04999923706055,48.27000045776367,888100,0,0
2019-04-02,48.16999816894531,48.459999084472656,47.849998474121094,47.939998626708984,963700,0,0
2019-04-03,48.400001525878906,49.220001220703125,47.77000045776367,48.61000061035156,1044600,0,0
2019-04-04,48.439998626708984,48.93000030517578,48.0,48.88999938964844,894700,0,0
2019-04-05,49.130001068115234,49.380001068115234,48.40999984741211,48.7599983215332,750300,0,0
2019-04-08,48.56999969482422,48.58000183105469,47.29999923706055,47.4900016784668,887000,0,0
2019-04-09,47.5099983215332,49.27000045776367,47.2599983215332,49.08000183105469,1191800,0,0
2019-04-10,49.0,49.849998474121094,48.68000030517578,49.79999923706055,1249800,0,0
2019-04-11,49.79999923706055,50.36000061035156,49.16999816894531,49.43000030517578,1113900,0,0
2019-04-12,49.65999984741211,50.040000915527344,47.23899841308594,47.939998626708984,1551100,0,0
2019-04-15,47.79999923706055,48.36000061035156,47.29999923706055,47.9900016784668,777900,0,0
2019-04-16,48.18000030517578,50.619998931884766,48.150001525878906,50.25,1930200,0,0
2019-04-17,50.599998474121094,53.040000915527344,50.5,52.72999954223633,3399500,0,0
2019-04-18,52.70000076293945,52.95000076293945,51.79999923706055,52.68000030517578,1393300,0,0
2019-04-22,52.349998474121094,52.59000015258789,51.354000091552734,51.93000030517578,1319900,0,0
2019-04-23,51.91999816894531,54.150001525878906,51.599998474121094,53.34000015258789,1614100,0,0
2019-04-24,53.349998474121094,53.77000045776367,53.0,53.22999954223633,755300,0,0
2019-04-25,53.060001373291016,54.22999954223633,52.959999084472656,53.70000076293945,610300,0,0
2019-04-26,53.68000030517578,54.400001525878906,53.459999084472656,54.18000030517578,1198700,0,0
2019-04-29,54.20000076293945,55.4900016784668,53.84000015258789,54.22999954223633,687500,0,0
2019-04-30,53.869998931884766,54.2400016784668,52.84000015258789,53.38999938964844,1053700,0,0
2019-05-01,53.439998626708984,53.64500045776367,51.75,51.75,822400,0,0
2019-05-02,52.060001373291016,53.880001068115234,51.779998779296875,53.86000061035156,778900,0,0
2019-05-03,54.15999984741211,54.86000061035156,53.619998931884766,54.709999084472656,1175900,0,0
2019-05-06,52.11000061035156,53.529998779296875,51.5099983215332,53.22999954223633,1302700,0,0
2019-05-07,52.75,53.18000030517578,51.119998931884766,51.599998474121094,726900,0,0
2019-05-08,51.0,52.40999984741211,50.599998474121094,50.970001220703125,1092400,0,0
2019-05-09,50.41999816894531,51.970001220703125,49.04999923706055,51.16999816894531,1507200,0,0
2019-05-10,51.2400016784668,52.130001068115234,50.154998779296875,51.27000045776367,850200,0,0
2019-05-13,49.5,50.150001525878906,47.369998931884766,47.47999954223633,1323300,0,0
2019-05-14,47.86000061035156,49.369998931884766,47.45000076293945,49.27000045776367,1103800,0,0
2019-05-15,48.81999969482422,50.0,48.79999923706055,49.16999816894531,728500,0,0
2019-05-16,50.0099983215332,50.59000015258789,49.15999984741211,49.869998931884766,899200,0,0
2019-05-17,49.27000045776367,49.880001068115234,48.25,48.31999969482422,730400,0,0
2019-05-20,48.650001525878906,49.209999084472656,47.400001525878906,48.529998779296875,827500,0,0
2019-05-21,49.060001373291016,49.779998779296875,48.79999923706055,49.56999969482422,813000,0,0
2019-05-22,49.2400016784668,50.18000030517578,48.68000030517578,49.09000015258789,768200,0,0
2019-05-23,48.150001525878906,48.400001525878906,46.91999816894531,46.93000030517578,1394800,0,0
2019-05-24,47.75,48.25,46.91999816894531,47.88999938964844,1487600,0,0
2019-05-28,49.09000015258789,51.70500183105469,48.72999954223633,49.02000045776367,3410600,0,0
2019-05-29,41.40999984741211,42.060001373291016,33.584999084472656,33.88999938964844,20462300,0,0
2019-05-30,34.400001525878906,35.9900016784668,33.529998779296875,35.439998626708984,10109400,0,0
2019-05-31,35.41999816894531,36.3390007019043,33.0099983215332,33.650001525878906,6369400,0,0
2019-06-03,33.400001525878906,34.150001525878906,32.83000183105469,34.08000183105469,4067700,0,0
2019-06-04,34.470001220703125,34.959999084472656,33.560001373291016,34.630001068115234,2878000,0,0
2019-06-05,34.91999816894531,34.939998626708984,32.83000183105469,32.91999816894531,3237800,0,0
2019-06-06,32.970001220703125,33.209999084472656,31.670000076293945,32.95000076293945,3045900,0,0
2019-06-07,33.02000045776367,34.2400016784668,32.75,34.150001525878906,2355600,0,0
2019-06-10,34.5099983215332,35.13999938964844,33.869998931884766,34.29999923706055,2077400,0,0
2019-06-11,34.72999954223633,35.560001373291016,34.310001373291016,35.279998779296875,1784800,0,0
2019-06-12,35.31999969482422,35.81999969482422,34.38999938964844,34.459999084472656,1192900,0,0
2019-06-13,34.59000015258789,36.61000061035156,34.470001220703125,36.22999954223633,2277200,0,0
2019-06-14,36.33000183105469,37.220001220703125,36.10599899291992,36.66999816894531,1656000,0,0
2019-06-17,36.7599983215332,36.880001068115234,35.96500015258789,36.16999816894531,988800,0,0
2019-06-18,36.220001220703125,37.36000061035156,36.029998779296875,36.88999938964844,1175800,0,0
2019-06-19,36.88999938964844,37.220001220703125,36.279998779296875,36.79999923706055,572600,0,0
2019-06-20,37.310001373291016,37.58000183105469,36.900001525878906,37.189998626708984,822400,0,0
2019-06-21,36.810001373291016,37.33000183105469,36.58000183105469,37.060001373291016,724300,0,0
2019-06-24,37.060001373291016,37.310001373291016,36.7599983215332,37.06999969482422,713200,0,0
2019-06-25,36.709999084472656,37.25,35.869998931884766,36.040000915527344,1015200,0,0
2019-06-26,36.31999969482422,36.944000244140625,36.22999954223633,36.349998474121094,782200,0,0
2019-06-27,36.66999816894531,37.75,36.47999954223633,37.52000045776367,785700,0,0
2019-06-28,37.880001068115234,38.810001373291016,37.84000015258789,38.72999954223633,1051600,0,0
2019-07-01,39.599998474121094,40.08000183105469,39.0,39.720001220703125,1883400,0,0
2019-07-02,39.63999938964844,39.97999954223633,38.95000076293945,39.56999969482422,893900,0,0
2019-07-03,39.84000015258789,40.02000045776367,39.619998931884766,39.90999984741211,409800,0,0
2019-07-05,39.869998931884766,40.880001068115234,39.619998931884766,40.790000915527344,615200,0,0
2019-07-08,40.47999954223633,40.77000045776367,39.9900016784668,40.56999969482422,1065200,0,0
2019-07-09,40.150001525878906,41.779998779296875,40.040000915527344,41.220001220703125,1120600,0,0
2019-07-10,41.630001068115234,42.33000183105469,41.20000076293945,42.2599983215332,1085600,0,0
2019-07-11,42.459999084472656,42.87900161743164,41.31999969482422,41.91999816894531,1015900,0,0
2019-07-12,41.91999816894531,43.939998626708984,41.880001068115234,43.790000915527344,1125400,0,0
2019-07-15,43.790000915527344,44.36000061035156,43.040000915527344,43.619998931884766,708600,0,0
2019-07-16,43.63999938964844,44.369998931884766,43.599998474121094,44.119998931884766,652100,0,0
2019-07-17,44.09000015258789,44.369998931884766,43.435001373291016,43.459999084472656,807000,0,0
2019-07-18,43.45000076293945,43.95000076293945,43.20000076293945,43.66999816894531,485200,0,0
2019-07-19,43.83000183105469,44.32500076293945,43.56999969482422,44.2400016784668,694700,0,0
2019-07-22,44.2400016784668,44.952999114990234,43.720001220703125,43.72999954223633,808700,0,0
2019-07-23,44.15999984741211,44.84000015258789,43.79999923706055,44.790000915527344,555800,0,0
2019-07-24,44.7400016784668,45.45000076293945,44.630001068115234,45.290000915527344,600700,0,0
2019-07-25,45.27000045776367,46.150001525878906,44.72999954223633,45.439998626708984,870000,0,0
2019-07-26,45.540000915527344,45.970001220703125,45.439998626708984,45.61000061035156,499700,0,0
2019-07-29,45.630001068115234,45.9900016784668,44.650001525878906,45.75,764600,0,0
2019-07-30,44.970001220703125,46.560001373291016,44.56999969482422,46.41999816894531,943700,0,0
2019-07-31,46.52000045776367,46.95000076293945,46.029998779296875,46.790000915527344,803600,0,0
2019-08-01,46.9900016784668,47.91999816894531,43.2599983215332,44.58000183105469,2458800,0,0
2019-08-02,43.369998931884766,44.779998779296875,42.880001068115234,44.56999969482422,1286000,0,0
2019-08-05,42.970001220703125,42.970001220703125,40.810001373291016,42.209999084472656,1430300,0,0
2019-08-06,42.5099983215332,43.790000915527344,42.29999923706055,42.7599983215332,966800,0,0
2019-08-07,41.91999816894531,43.22999954223633,41.04999923706055,43.150001525878906,1230600,0,0
2019-08-08,43.47999954223633,44.97999954223633,43.279998779296875,44.779998779296875,727500,0,0
2019-08-09,44.540000915527344,44.93000030517578,43.72999954223633,43.72999954223633,548400,0,0
2019-08-12,42.5,43.16999816894531,41.95100021362305,42.060001373291016,897700,0,0
2019-08-13,41.56999969482422,43.849998474121094,40.47700119018555,43.209999084472656,1766100,0,0
2019-08-14,40.790000915527344,44.38999938964844,38.619998931884766,39.970001220703125,5494900,0,0
2019-08-15,40.0099983215332,40.209999084472656,38.025001525878906,38.209999084472656,1945900,0,0
2019-08-16,38.9900016784668,39.16999816894531,37.59000015258789,37.709999084472656,1839400,0,0
2019-08-19,38.5,39.560001373291016,37.970001220703125,38.720001220703125,1350900,0,0
2019-08-20,38.5,39.65999984741211,38.25,38.939998626708984,1026100,0,0
2019-08-21,39.779998779296875,40.33000183105469,39.15999984741211,39.790000915527344,757800,0,0
2019-08-22,39.7400016784668,40.25,39.40999984741211,39.54999923706055,655000,0,0
2019-08-23,39.099998474121094,39.13999938964844,36.81999969482422,37.0099983215332,1244000,0,0
2019-08-26,37.65999984741211,37.689998626708984,36.32500076293945,36.97999954223633,757200,0,0
2019-08-27,37.29999923706055,37.68000030517578,36.459999084472656,36.959999084472656,660700,0,0
2019-08-28,36.540000915527344,37.18000030517578,35.9900016784668,36.47999954223633,1010200,0,0
2019-08-29,37.029998779296875,37.83000183105469,36.72999954223633,36.869998931884766,800100,0,0
2019-08-30,37.25,37.66999816894531,36.79999923706055,37.29999923706055,630100,0,0
2019-09-03,36.790000915527344,37.31999969482422,35.97999954223633,36.5,1105900,0,0
2019-09-04,37.04999923706055,38.70000076293945,36.95000076293945,37.880001068115234,769000,0,0
2019-09-05,38.849998474121094,40.0,38.5,39.5,1002200,0,0
2019-09-06,39.900001525878906,40.189998626708984,39.380001068115234,39.70000076293945,475500,0,0
2019-09-09,40.029998779296875,40.619998931884766,39.59000015258789,40.31999969482422,847300,0,0
2019-09-10,40.040000915527344,41.68000030517578,40.040000915527344,41.45000076293945,1034800,0,0
2019-09-11,41.66999816894531,42.880001068115234,40.91999816894531,42.5,948000,0,0
2019-09-12,42.59000015258789,43.599998474121094,42.40999984741211,43.29999923706055,982500,0,0
2019-09-13,43.45000076293945,44.369998931884766,43.41999816894531,43.56999969482422,737400,0,0
2019-09-16,43.0,44.06999969482422,42.529998779296875,42.970001220703125,728300,0,0
2019-09-17,42.88999938964844,42.93000030517578,41.959999084472656,42.38999938964844,783900,0,0
2019-09-18,42.0,42.79999923706055,41.619998931884766,42.369998931884766,1013900,0,0
2019-09-19,42.599998474121094,43.619998931884766,42.279998779296875,42.849998474121094,544900,0,0
2019-09-20,42.959999084472656,43.88999938964844,41.9900016784668,42.119998931884766,987100,0,0
2019-09-23,41.88999938964844,43.125,41.83000183105469,42.959999084472656,662500,0,0
2019-09-24,43.47999954223633,43.61000061035156,41.61000061035156,42.2400016784668,646600,0,0
2019-09-25,42.369998931884766,43.29999923706055,42.2599983215332,42.9900016784668,646700,0,0
2019-09-26,43.16999816894531,43.529998779296875,42.369998931884766,43.4900016784668,597500,0,0
2019-09-27,43.65999984741211,44.2599983215332,43.13999938964844,43.45000076293945,694400,0,0
2019-09-30,43.5,44.25,43.31999969482422,43.970001220703125,635500,0,0
2019-10-01,44.22999954223633,44.97999954223633,40.400001525878906,40.630001068115234,1434200,0,0
2019-10-02,40.279998779296875,40.5099983215332,38.599998474121094,39.0,1335200,0,0
2019-10-03,38.83000183105469,39.34000015258789,37.2599983215332,39.34000015258789,1678500,0,0
2019-10-04,40.130001068115234,40.40999984741211,38.54999923706055,38.70000076293945,1213900,0,0
2019-10-07,38.45000076293945,39.880001068115234,38.36000061035156,39.65999984741211,963800,0,0
2019-10-08,39.2400016784668,39.349998474121094,37.38999938964844,37.5,1422700,0,0
2019-10-09,38.0,38.220001220703125,36.91999816894531,37.18000030517578,1312000,0,0
2019-10-10,37.220001220703125,38.23899841308594,36.83000183105469,37.939998626708984,1905100,0,0
2019-10-11,38.900001525878906,39.564998626708984,38.529998779296875,39.130001068115234,2275000,0,0
2019-10-14,39.0,39.34400177001953,38.01100158691406,38.86000061035156,1165900,0,0
2019-10-15,39.099998474121094,41.310001373291016,38.58000183105469,40.220001220703125,1272300,0,0
2019-10-16,39.47999954223633,40.970001220703125,39.47999954223633,40.31999969482422,833800,0,0
2019-10-17,40.349998474121094,41.4900016784668,40.349998474121094,40.790000915527344,696500,0,0
2019-10-18,40.58000183105469,40.810001373291016,39.29999923706055,39.790000915527344,857800,0,0
2019-10-21,40.16999816894531,40.459999084472656,39.43000030517578,39.5,848600,0,0
2019-10-22,39.099998474121094,39.560001373291016,38.57699966430664,39.06999969482422,854600,0,0
2019-10-23,38.970001220703125,39.029998779296875,37.45000076293945,37.959999084472656,1443200,0,0
2019-10-24,38.27000045776367,38.970001220703125,37.720001220703125,38.779998779296875,1444600,0,0
2019-10-25,38.709999084472656,40.16999816894531,38.709999084472656,39.7599983215332,1311400,0,0
2019-10-28,40.33000183105469,42.45000076293945,40.29999923706055,41.9900016784668,1856700,0,0
2019-10-29,42.0,42.459999084472656,41.0099983215332,41.88999938964844,1540900,0,0
2019-10-30,42.0099983215332,42.09400177001953,40.86000061035156,41.869998931884766,919700,0,0
2019-10-31,41.33000183105469,42.04999923706055,40.810001373291016,41.83000183105469,1083300,0,0
2019-11-01,42.130001068115234,42.58000183105469,41.599998474121094,42.08000183105469,958800,0,0
2019-11-04,42.400001525878906,44.56999969482422,42.349998474121094,44.2599983215332,1500600,0,0
2019-11-05,44.59000015258789,45.09000015258789,42.7599983215332,42.79999923706055,1201700,0,0
2019-11-06,42.79999923706055,42.91999816894531,40.17499923706055,40.349998474121094,1800200,0,0
2019-11-07,39.68000030517578,40.02000045776367,38.36000061035156,38.459999084472656,1532800,0,0
2019-11-08,38.2599983215332,38.599998474121094,37.18000030517578,37.630001068115234,2233700,0,0
2019-11-11,37.61000061035156,39.189998626708984,37.13999938964844,39.150001525878906,2727600,0,0
2019-11-12,39.2599983215332,39.58000183105469,38.20000076293945,39.040000915527344,3345400,0,0
2019-11-13,38.52000045776367,39.720001220703125,33.380001068115234,34.810001373291016,18617900,0,0
2019-11-14,35.52000045776367,36.04999923706055,34.70500183105469,35.709999084472656,3999600,0,0
2019-11-15,35.93000030517578,36.279998779296875,35.2599983215332,35.66999816894531,2200600,0,0
2019-11-18,35.59000015258789,35.790000915527344,35.0099983215332,35.209999084472656,1896500,0,0
2019-11-19,34.91999816894531,35.130001068115234,34.099998474121094,34.130001068115234,2348500,0,0
2019-11-20,34.099998474121094,34.77000045776367,33.79999923706055,34.459999084472656,1429900,0,0
2019-11-21,34.5,35.5,34.29999923706055,35.18000030517578,1077200,0,0
2019-11-22,35.40999984741211,37.06999969482422,34.86000061035156,36.93000030517578,4561900,0,0
2019-11-25,37.79999923706055,38.02000045776367,36.97999954223633,37.68000030517578,2302300,0,0
2019-11-26,37.720001220703125,38.63999938964844,37.06999969482422,38.220001220703125,1902100,0,0
2019-11-27,38.689998626708984,39.290000915527344,38.279998779296875,38.709999084472656,1821500,0,0
2019-11-29,38.36000061035156,38.93000030517578,38.08000183105469,38.150001525878906,778400,0,0
2019-12-02,38.59000015258789,39.099998474121094,37.470001220703125,38.619998931884766,2322400,0,0
2019-12-03,37.630001068115234,38.29999923706055,37.255001068115234,37.849998474121094,1768700,0,0
2019-12-04,37.95000076293945,39.939998626708984,37.709999084472656,39.099998474121094,4543400,0,0
2019-12-05,39.5,40.349998474121094,38.790000915527344,38.970001220703125,2074900,0,0
2019-12-06,39.27000045776367,39.540000915527344,38.744998931884766,38.84000015258789,1087500,0,0
2019-12-09,38.79999923706055,38.904998779296875,38.29999923706055,38.72999954223633,1139200,0,0
2019-12-10,38.72999954223633,39.79999923706055,38.33000183105469,38.83000183105469,1894000,0,0
2019-12-11,38.79999923706055,40.689998626708984,38.79999923706055,40.400001525878906,1676300,0,0
2019-12-12,40.31999969482422,40.790000915527344,40.08000183105469,40.15999984741211,1869700,0,0
2019-12-13,40.560001373291016,40.72999954223633,38.779998779296875,38.86000061035156,2807600,0,0
2019-12-16,39.099998474121094,39.38999938964844,37.630001068115234,38.060001373291016,3055700,0,0
2019-12-17,37.54999923706055,37.90999984741211,37.130001068115234,37.25,2822400,0,0
2019-12-18,37.529998779296875,38.880001068115234,37.369998931884766,37.54999923706055,3501200,0,0
2019-12-19,38.13999938964844,38.57500076293945,37.380001068115234,37.439998626708984,1622100,0,0
2019-12-20,37.5,38.04499816894531,36.93000030517578,37.7599983215332,1998900,0,0
2019-12-23,37.97999954223633,38.20000076293945,37.33000183105469,37.66999816894531,1167600,0,0
2019-12-24,37.779998779296875,37.779998779296875,37.150001525878906,37.41999816894531,394300,0,0
2019-12-26,37.43000030517578,37.90999984741211,37.130001068115234,37.2400016784668,828400,0,0
2019-12-27,37.43000030517578,37.56999969482422,36.689998626708984,37.560001373291016,1449600,0,0
2019-12-30,37.43000030517578,37.45000076293945,35.27000045776367,35.40999984741211,2389800,0,0
2019-12-31,35.400001525878906,36.470001220703125,35.040000915527344,36.2400016784668,1402300,0,0
2020-01-02,36.380001068115234,36.470001220703125,35.18000030517578,35.68000030517578,2286700,0,0
2020-01-03,35.189998626708984,36.099998474121094,34.72999954223633,35.91999816894531,1707700,0,0
2020-01-06,35.52000045776367,36.2400016784668,35.13999938964844,35.66999816894531,1070500,0,0
2020-01-07,35.5,36.68000030517578,35.5,36.040000915527344,1454600,0,0
2020-01-08,36.04999923706055,36.279998779296875,34.88999938964844,34.95000076293945,2560000,0,0
2020-01-09,35.0099983215332,35.22999954223633,33.290000915527344,33.34000015258789,5349900,0,0
2020-01-10,33.439998626708984,33.64500045776367,32.43000030517578,32.709999084472656,4135000,0,0
2020-01-13,32.95000076293945,33.900001525878906,32.400001525878906,33.650001525878906,3900100,0,0
2020-01-14,33.880001068115234,35.16999816894531,33.75,34.5,2386200,0,0
2020-01-15,34.540000915527344,34.62799835205078,33.959999084472656,34.150001525878906,2259100,0,0
2020-01-16,34.349998474121094,35.279998779296875,34.31999969482422,34.45000076293945,2105800,0,0
2020-01-17,34.52000045776367,35.029998779296875,34.04999923706055,34.439998626708984,2171800,0,0
2020-01-21,34.439998626708984,34.61000061035156,33.83000183105469,34.40999984741211,1462500,0,0
2020-01-22,34.5099983215332,35.81999969482422,34.5099983215332,35.02000045776367,2126900,0,0
2020-01-23,34.61000061035156,34.81999969482422,33.27000045776367,34.459999084472656,1674600,0,0
2020-01-24,34.52000045776367,34.86000061035156,33.56999969482422,33.970001220703125,1569200,0,0
2020-01-27,32.84000015258789,32.84000015258789,31.950000762939453,32.189998626708984,2853200,0,0
2020-01-28,32.459999084472656,33.2400016784668,32.33000183105469,32.70000076293945,1689500,0,0
2020-01-29,32.790000915527344,32.81999969482422,32.099998474121094,32.25,1217600,0,0
2020-01-30,31.959999084472656,32.349998474121094,31.350000381469727,31.829999923706055,2014100,0,0
2020-01-31,31.6200008392334,31.6200008392334,29.53499984741211,30.0,4003000,0,0
2020-02-03,30.18000030517578,31.950000762939453,30.030000686645508,31.1200008392334,3311600,0,0
2020-02-04,31.760000228881836,32.11000061035156,30.610000610351562,31.959999084472656,1894800,0,0
2020-02-05,32.439998626708984,32.625,32.02000045776367,32.36000061035156,1524200,0,0
2020-02-06,32.38999938964844,33.29999923706055,32.099998474121094,33.29999923706055,4045900,0,0
2020-02-07,30.889999389648438,32.459999084472656,30.56999969482422,31.84000015258789,14841100,0,0
2020-02-10,31.079999923706055,31.440000534057617,30.3799991607666,30.489999771118164,4936200,0,0
2020-02-11,30.729999542236328,32.34000015258789,30.34000015258789,31.93000030517578,3177200,0,0
2020-02-12,32.459999084472656,33.06999969482422,31.40999984741211,32.36000061035156,2532600,0,0
2020-02-13,31.760000228881836,32.20000076293945,31.0,31.0,2974800,0,0
2020-02-14,31.25,31.354000091552734,30.43000030517578,31.0,1937200,0,0
2020-02-18,30.75,30.950000762939453,30.40999984741211,30.709999084472656,2151200,0,0
2020-02-19,30.850000381469727,30.969999313354492,30.239999771118164,30.81999969482422,1667600,0,0
2020-02-20,30.850000381469727,31.790000915527344,30.530000686645508,31.139999389648438,2194800,0,0
2020-02-21,30.860000610351562,31.020000457763672,30.309999465942383,30.389999389648438,1566500,0,0
2020-02-24,29.260000228881836,29.850000381469727,28.850000381469727,29.510000228881836,2576600,0,0
2020-02-25,29.770000457763672,29.860000610351562,27.399999618530273,27.530000686645508,2789400,0,0
2020-02-26,27.690000534057617,28.26300048828125,27.049999237060547,27.170000076293945,1933000,0,0
2020-02-27,26.170000076293945,27.709999084472656,25.65999984741211,27.1200008392334,2674000,0,0
2020-02-28,26.299999237060547,27.6299991607666,26.260000228881836,27.56999969482422,2154800,0,0
2020-03-02,27.3700008392334,27.625,26.239999771118164,27.489999771118164,1774400,0,0
2020-03-03,27.790000915527344,28.200000762939453,26.229999542236328,26.540000915527344,1574400,0,0
2020-03-04,27.0,27.209999084472656,26.219999313354492,26.829999923706055,2725400,0,0
2020-03-05,26.149999618530273,26.399999618530273,25.100000381469727,25.360000610351562,2671700,0,0
2020-03-06,24.6200008392334,25.399999618530273,24.059999465942383,24.979999542236328,4637500,0,0
2020-03-09,22.295000076293945,23.799999237060547,21.520000457763672,22.260000228881836,4695000,0,0
2020-03-10,23.020000457763672,23.40999984741211,21.875,22.0,3853400,0,0
2020-03-11,21.540000915527344,21.540000915527344,19.562999725341797,19.739999771118164,4015300,0,0
2020-03-12,16.940000534057617,19.299999237060547,16.81999969482422,17.0,6645100,0,0
2020-03-13,18.100000381469727,18.760000228881836,16.110000610351562,17.59000015258789,7611100,0,0
2020-03-16,15.460000038146973,15.859999656677246,14.5,14.859999656677246,5678200,0,0
2020-03-17,15.40999984741211,16.559999465942383,12.9399995803833,16.450000762939453,7222600,0,0
2020-03-18,15.239999771118164,16.8799991607666,14.850000381469727,16.100000381469727,2195800,0,0
2020-03-19,15.710000038146973,17.200000762939453,15.378000259399414,15.5,3581800,0,0
2020-03-20,16.510000228881836,16.510000228881836,14.800000190734863,15.010000228881836,3654900,0,0
2020-03-23,15.399999618530273,16.18000030517578,14.800000190734863,15.960000038146973,2988400,0,0
2020-03-24,16.920000076293945,19.229999542236328,16.770000457763672,18.729999542236328,2063800,0,0
2020-03-25,19.030000686645508,20.200000762939453,17.959999084472656,19.59000015258789,2602300,0,0
2020-03-26,19.8799991607666,21.81999969482422,19.75,20.649999618530273,1888500,0,0
2020-03-27,19.200000762939453,20.709999084472656,18.56999969482422,20.219999313354492,1422800,0,0
2020-03-30,20.56999969482422,21.020000457763672,19.799999237060547,20.299999237060547,1001000,0,0
2020-03-31,20.329999923706055,20.829999923706055,19.774999618530273,19.889999389648438,1581700,0,0
2020-04-01,18.780000686645508,19.610000610351562,18.219999313354492,18.290000915527344,1666600,0,0
2020-04-02,18.25,19.149999618530273,17.84000015258789,18.170000076293945,2293700,0,0
2020-04-03,18.0,18.350000381469727,17.520000457763672,18.25,1666100,0,0
2020-04-06,19.190000534057617,20.790000915527344,18.729999542236328,20.690000534057617,1341900,0,0
2020-04-07,22.1299991607666,22.780000686645508,20.15999984741211,20.280000686645508,2994900,0,0
2020-04-08,20.81999969482422,21.59000015258789,20.3799991607666,21.18000030517578,1267700,0,0
2020-04-09,21.760000228881836,22.420000076293945,21.440000534057617,22.010000228881836,1196900,0,0
2020-04-13,22.190000534057617,22.229999542236328,20.65999984741211,21.260000228881836,984900,0,0
2020-04-14,21.510000228881836,22.520000457763672,21.510000228881836,22.06999969482422,1014300,0,0
2020-04-15,21.43000030517578,21.84000015258789,21.100000381469727,21.459999084472656,1783400,0,0
2020-04-16,21.530000686645508,21.700000762939453,20.510000228881836,20.6200008392334,1673900,0,0
2020-04-17,21.809999465942383,22.350000381469727,21.270000457763672,22.270000457763672,1086700,0,0
2020-04-20,21.93000030517578,23.229999542236328,21.709999084472656,22.06999969482422,1143300,0,0
2020-04-21,21.309999465942383,22.200000762939453,21.100000381469727,21.15999984741211,694900,0,0
2020-04-22,21.540000915527344,22.010000228881836,21.450000762939453,21.8799991607666,727300,0,0
2020-04-23,21.979999542236328,22.547000885009766,21.770000457763672,21.81999969482422,1056200,0,0
2020-04-24,22.190000534057617,22.190000534057617,21.520000457763672,21.75,1216100,0,0
2020-04-27,22.110000610351562,23.84000015258789,21.979999542236328,23.690000534057617,1458200,0,0
2020-04-28,24.229999542236328,24.729999542236328,22.770000457763672,23.6299991607666,1711700,0,0
2020-04-29,24.5,25.635000228881836,24.100000381469727,24.989999771118164,1540200,0,0
2020-04-30,24.670000076293945,24.989999771118164,23.559999465942383,23.850000381469727,1281500,0,0
2020-05-01,23.079999923706055,23.225000381469727,22.299999237060547,22.709999084472656,1264000,0,0
2020-05-04,22.389999389648438,23.420000076293945,22.020000457763672,22.93000030517578,1183100,0,0
2020-05-05,23.399999618530273,23.760000228881836,22.670000076293945,22.799999237060547,825300,0,0
2020-05-06,22.799999237060547,23.1200008392334,21.690000534057617,21.850000381469727,1442400,0,0
2020-05-07,21.989999771118164,23.0,21.989999771118164,22.6299991607666,1166400,0,0
2020-05-08,23.010000228881836,23.420000076293945,22.719999313354492,22.809999465942383,1418600,0,0
2020-05-11,22.489999771118164,22.489999771118164,21.559999465942383,22.31999969482422,1337800,0,0
2020-05-12,22.450000762939453,22.93000030517578,22.059999465942383,22.110000610351562,1606700,0,0
2020-05-13,21.93000030517578,22.06999969482422,20.149999618530273,20.649999618530273,1296800,0,0
2020-05-14,20.299999237060547,20.850000381469727,19.3700008392334,20.700000762939453,1121500,0,0
2020-05-15,19.5,19.739999771118164,18.520000457763672,19.219999313354492,1860900,0,0
2020-05-18,20.399999618530273,21.139999389648438,20.200000762939453,20.59000015258789,1289000,0,0
2020-05-19,20.479999542236328,20.979999542236328,19.860000610351562,20.59000015258789,1109500,0,0
2020-05-20,20.809999465942383,21.190000534057617,20.190000534057617,20.389999389648438,870500,0,0
2020-05-21,20.31999969482422,21.299999237060547,20.020000457763672,21.020000457763672,1012000,0,0
2020-05-22,20.8799991607666,21.15999984741211,20.30500030517578,20.600000381469727,808600,0,0
2020-05-26,21.299999237060547,21.350000381469727,20.450000762939453,20.770000457763672,1753200,0,0
2020-05-27,21.200000762939453,21.479999542236328,20.440000534057617,21.3799991607666,1892200,0,0
2020-05-28,21.5,21.520000457763672,19.8799991607666,19.979999542236328,2226100,0,0
2020-05-29,19.829999923706055,20.0,19.31999969482422,19.520000457763672,3113000,0,0
2020-06-01,19.40999984741211,20.989999771118164,19.31999969482422,20.729999542236328,2029200,0,0
2020-06-02,20.979999542236328,21.8700008392334,20.760000228881836,21.59000015258789,4405200,0,0
2020-06-03,23.0,25.649999618530273,22.899999618530273,25.420000076293945,6635400,0,0
2020-06-04,25.290000915527344,25.479999542236328,24.049999237060547,24.65999984741211,3009600,0,0
2020-06-05,25.81999969482422,27.559999465942383,25.1299991607666,25.34000015258789,3412100,0,0
2020-06-08,27.030000686645508,27.18000030517578,25.90999984741211,26.440000534057617,1782400,0,0
2020-06-09,25.770000457763672,26.110000610351562,25.420000076293945,25.889999389648438,992000,0,0
2020-06-10,25.600000381469727,25.969999313354492,24.479999542236328,24.489999771118164,1198100,0,0
2020-06-11,22.850000381469727,24.040000915527344,22.30299949645996,22.5,1672100,0,0
2020-06-12,23.350000381469727,23.395000457763672,22.360000610351562,22.959999084472656,1916100,0,0
2020-06-15,22.219999313354492,23.75,22.0,23.389999389648438,1686800,0,0
2020-06-16,24.5,24.65999984741211,23.34000015258789,23.979999542236328,1200200,0,0
2020-06-17,24.0,24.149999618530273,23.549999237060547,23.950000762939453,650600,0,0
2020-06-18,23.600000381469727,24.43000030517578,23.600000381469727,24.25,825600,0,0
2020-06-19,24.639999389648438,24.760000228881836,23.780000686645508,23.860000610351562,693000,0,0
2020-06-22,23.799999237060547,24.399999618530273,23.59000015258789,24.350000381469727,707400,0,0
2020-06-23,24.770000457763672,24.969999313354492,24.104999542236328,24.690000534057617,1126800,0,0
2020-06-24,24.299999237060547,24.549999237060547,22.65999984741211,22.969999313354492,842000,0,0
2020-06-25,22.68000030517578,23.202999114990234,22.43000030517578,23.040000915527344,1141800,0,0
2020-06-26,22.75,23.139999389648438,22.280000686645508,22.299999237060547,761900,0,0
2020-06-29,22.440000534057617,22.940000534057617,22.042999267578125,22.8700008392334,664200,0,0
2020-06-30,22.790000915527344,23.309999465942383,22.479999542236328,23.170000076293945,1219200,0,0
2020-07-01,23.010000228881836,23.562000274658203,22.6200008392334,23.049999237060547,651400,0,0
2020-07-02,23.5,23.8700008392334,23.079999923706055,23.09000015258789,433000,0,0
2020-07-06,23.579999923706055,23.69499969482422,22.780000686645508,23.450000762939453,1256800,0,0
2020-07-07,23.100000381469727,23.219999313354492,21.93000030517578,22.040000915527344,858700,0,0
2020-07-08,22.1200008392334,22.450000762939453,21.65999984741211,22.110000610351562,777500,0,0
2020-07-09,21.959999084472656,22.309999465942383,21.3799991607666,22.260000228881836,1696800,0,0
2020-07-10,22.170000076293945,22.600000381469727,21.959999084472656,22.600000381469727,680500,0,0
2020-07-13,22.780000686645508,22.920000076293945,22.079999923706055,22.1200008392334,611800,0,0
2020-07-14,22.030000686645508,22.579999923706055,21.520000457763672,22.559999465942383,636600,0,0
2020-07-15,23.18000030517578,24.079999923706055,23.0,24.0,1786000,0,0
2020-07-16,23.700000762939453,24.049999237060547,23.139999389648438,23.3700008392334,1787600,0,0
2020-07-17,23.530000686645508,23.638999938964844,22.670000076293945,22.670000076293945,656200,0,0
2020-07-20,22.59000015258789,22.920000076293945,22.329999923706055,22.56999969482422,802800,0,0
2020-07-21,22.93000030517578,23.0,22.479999542236328,22.6299991607666,691400,0,0
2020-07-22,22.90999984741211,23.8799991607666,22.739999771118164,23.290000915527344,1577400,0,0
2020-07-23,23.290000915527344,23.610000610351562,22.804000854492188,23.200000762939453,1471800,0,0
2020-07-24,23.079999923706055,23.510000228881836,22.73699951171875,23.209999084472656,817600,0,0
2020-07-27,23.18000030517578,23.34000015258789,22.610000610351562,23.110000610351562,883500,0,0
2020-07-28,23.0,23.579999923706055,22.81999969482422,23.420000076293945,929900,0,0
2020-07-29,23.56999969482422,23.700000762939453,22.65999984741211,23.030000686645508,1107500,0,0
2020-07-30,22.68000030517578,23.229999542236328,22.309999465942383,22.780000686645508,742300,0,0
2020-07-31,22.610000610351562,22.950000762939453,22.15999984741211,22.280000686645508,682900,0,0
2020-08-03,22.329999923706055,22.81999969482422,22.020000457763672,22.469999313354492,825900,0,0
2020-08-04,22.399999618530273,22.610000610351562,22.100000381469727,22.360000610351562,702500,0,0
2020-08-05,22.610000610351562,23.049999237060547,22.469999313354492,22.829999923706055,1107500,0,0
2020-08-06,22.709999084472656,23.31999969482422,22.520000457763672,23.200000762939453,1298000,0,0
2020-08-07,23.170000076293945,23.959999084472656,22.81999969482422,23.93000030517578,856200,0,0
2020-08-10,24.209999084472656,24.920000076293945,23.940000534057617,24.809999465942383,1560400,0,0
2020-08-11,22.600000381469727,24.450000762939453,22.59000015258789,23.510000228881836,4152300,0,0
2020-08-12,23.610000610351562,24.010000228881836,22.739999771118164,23.209999084472656,2656700,0,0
2020-08-13,23.25,24.469999313354492,23.209999084472656,23.6299991607666,1619100,0,0
2020-08-14,23.6299991607666,24.059999465942383,23.514999389648438,23.790000915527344,777800,0,0
2020-08-17,23.799999237060547,23.989999771118164,23.030000686645508,23.290000915527344,1464700,0,0
2020-08-18,23.3799991607666,23.459999084472656,22.829999923706055,23.15999984741211,1545300,0,0
2020-08-19,23.15999984741211,23.209999084472656,22.415000915527344,22.489999771118164,1365000,0,0
2020-08-20,22.25,22.600000381469727,22.139999389648438,22.489999771118164,559300,0,0
2020-08-21,22.559999465942383,23.010000228881836,22.520000457763672,22.809999465942383,673100,0,0
2020-08-24,22.90999984741211,23.3799991607666,22.860000610351562,23.329999923706055,709100,0,0
2020-08-25,23.459999084472656,24.139999389648438,23.3799991607666,23.920000076293945,1142100,0,0
2020-08-26,23.989999771118164,24.170000076293945,23.645000457763672,24.100000381469727,839300,0,0
2020-08-27,24.309999465942383,24.920000076293945,24.18000030517578,24.309999465942383,901200,0,0
2020-08-28,24.309999465942383,25.15999984741211,24.299999237060547,25.149999618530273,1036800,0,0
2020-08-31,25.190000534057617,25.209999084472656,24.43000030517578,24.489999771118164,452600,0,0
2020-09-01,24.43000030517578,24.979999542236328,24.25,24.920000076293945,774700,0,0
2020-09-02,25.1200008392334,26.610000610351562,25.1200008392334,26.520000457763672,1608700,0,0
2020-09-03,26.540000915527344,26.729999542236328,25.25,25.59000015258789,1366800,0,0
2020-09-04,25.790000915527344,25.899999618530273,24.350000381469727,25.18000030517578,1095900,0,0
2020-09-08,24.6299991607666,25.299999237060547,24.0049991607666,24.790000915527344,872800,0,0
2020-09-09,25.0,25.299999237060547,24.684999465942383,25.100000381469727,774100,0,0
2020-09-10,25.260000228881836,25.700000762939453,24.959999084472656,25.18000030517578,832000,0,0
2020-09-11,25.520000457763672,25.8700008392334,25.239999771118164,25.639999389648438,701000,0,0
2020-09-14,25.84000015258789,27.280000686645508,25.815000534057617,27.010000228881836,1258300,0,0
2020-09-15,27.299999237060547,27.899999618530273,26.739999771118164,27.65999984741211,1188200,0,0
2020-09-16,27.860000610351562,28.799999237060547,27.75,28.510000228881836,1514000,0,0
2020-09-17,28.100000381469727,28.780000686645508,27.639999389648438,28.729999542236328,734900,0,0
2020-09-18,29.059999465942383,29.709999084472656,28.520000457763672,29.270000457763672,1413000,0,0
2020-09-21,28.600000381469727,28.639999389648438,27.59000015258789,28.190000534057617,1097300,0,0
2020-09-22,28.489999771118164,28.729999542236328,27.8799991607666,28.610000610351562,1036200,0,0
2020-09-23,29.18000030517578,30.638999938964844,28.84000015258789,29.15999984741211,2471300,0,0
2020-09-24,28.860000610351562,29.030000686645508,27.950000762939453,28.489999771118164,942300,0,0
2020-09-25,28.31999969482422,29.44499969482422,28.31999969482422,29.389999389648438,730600,0,0
2020-09-28,29.979999542236328,30.43000030517578,29.415000915527344,29.829999923706055,1066800,0,0
2020-09-29,29.889999389648438,30.25,29.3700008392334,29.68000030517578,952400,0,0
2020-09-30,31.200000762939453,33.290000915527344,30.93000030517578,32.16999816894531,4435900,0,0
2020-10-01,32.47999954223633,33.72999954223633,32.316001892089844,33.20000076293945,2210700,0,0
2020-10-02,32.09000015258789,33.290000915527344,32.02000045776367,33.04999923706055,1312500,0,0
2020-10-05,33.279998779296875,33.779998779296875,32.90999984741211,33.70000076293945,834900,0,0
2020-10-06,33.79999923706055,33.959999084472656,32.869998931884766,33.0,1178900,0,0
2020-10-07,33.68000030517578,34.56999969482422,33.64500045776367,34.290000915527344,1075100,0,0
2020-10-08,34.5,35.81999969482422,34.5,35.65999984741211,1245100,0,0
2020-10-09,36.0,36.060001373291016,35.11000061035156,35.869998931884766,986600,0,0
2020-10-12,35.869998931884766,35.9900016784668,34.970001220703125,35.40999984741211,734900,0,0
2020-10-13,35.349998474121094,35.790000915527344,34.25,34.54999923706055,1069200,0,0
2020-10-14,34.459999084472656,35.130001068115234,34.029998779296875,34.29999923706055,674500,0,0
2020-10-15,33.619998931884766,35.45000076293945,33.459999084472656,35.209999084472656,847800,0,0
2020-10-16,35.310001373291016,35.444000244140625,34.540000915527344,35.15999984741211,715400,0,0
2020-10-19,35.15999984741211,35.849998474121094,35.0,35.189998626708984,785300,0,0
2020-10-20,35.599998474121094,36.51499938964844,35.459999084472656,35.88999938964844,946200,0,0
2020-10-21,36.029998779296875,36.75,35.849998474121094,36.15999984741211,888300,0,0
2020-10-22,36.16999816894531,36.66999816894531,35.459999084472656,36.13999938964844,771600,0,0
2020-10-23,36.599998474121094,36.599998474121094,35.220001220703125,35.5099983215332,674500,0,0
2020-10-26,34.959999084472656,35.130001068115234,33.13999938964844,33.470001220703125,1164800,0,0
2020-10-27,34.099998474121094,34.54999923706055,33.58000183105469,33.70000076293945,617100,0,0
2020-10-28,33.0,33.34000015258789,32.40999984741211,32.88999938964844,887800,0,0
2020-10-29,33.0,33.470001220703125,32.380001068115234,33.209999084472656,1029300,0,0
2020-10-30,32.75,32.97999954223633,30.75,31.18000030517578,2087400,0,0
2020-11-02,31.459999084472656,31.959999084472656,30.780000686645508,31.309999465942383,1521600,0,0
2020-11-03,31.75,32.0099983215332,31.125,31.829999923706055,921600,0,0
2020-11-04,32.11000061035156,33.02000045776367,31.594999313354492,32.90999984741211,1383500,0,0
2020-11-05,33.20000076293945,34.68000030517578,31.75,33.029998779296875,2266800,0,0
2020-11-06,32.9900016784668,33.290000915527344,31.924999237060547,32.18000030517578,1616800,0,0
2020-11-09,34.61000061035156,36.88999938964844,34.209999084472656,34.88999938964844,2139000,0,0
2020-11-10,34.4900016784668,35.400001525878906,34.16999816894531,35.04999923706055,745000,0,0
2020-11-11,35.2599983215332,35.369998931884766,33.70000076293945,33.970001220703125,778700,0,0
2020-11-12,33.709999084472656,34.369998931884766,33.691001892089844,33.95000076293945,604100,0,0
2020-11-13,34.119998931884766,34.27000045776367,33.189998626708984,33.900001525878906,920200,0,0
2020-11-16,34.5099983215332,34.880001068115234,32.970001220703125,33.81999969482422,1366400,0,0
2020-11-17,33.54999923706055,34.70000076293945,33.41999816894531,34.41999816894531,1100400,0,0
2020-11-18,34.56999969482422,35.75,34.41999816894531,35.650001525878906,1148600,0,0
2020-11-19,35.5,36.04999923706055,35.150001525878906,35.68000030517578,789500,0,0
2020-11-20,35.060001373291016,35.375,33.970001220703125,34.77000045776367,1224300,0,0
2020-11-23,34.959999084472656,35.84600067138672,34.79999923706055,35.720001220703125,780000,0,0
2020-11-24,36.599998474121094,39.31999969482422,36.54999923706055,38.650001525878906,3418900,0,0
2020-11-25,35.75,37.433998107910156,35.130001068115234,35.599998474121094,4527800,0,0
2020-11-27,35.47999954223633,35.619998931884766,33.63999938964844,34.04999923706055,1437900,0,0
2020-11-30,34.040000915527344,34.18000030517578,32.88999938964844,33.2400016784668,1878100,0,0
2020-12-01,33.4900016784668,33.599998474121094,32.959999084472656,33.029998779296875,1247800,0,0
2020-12-02,32.95000076293945,32.95000076293945,32.150001525878906,32.4900016784668,1169600,0,0
2020-12-03,32.5,33.119998931884766,32.095001220703125,32.15999984741211,1475300,0,0
2020-12-04,32.25,32.439998626708984,31.729999542236328,32.08000183105469,1178600,0,0
2020-12-07,32.0099983215332,34.08000183105469,31.709999084472656,33.779998779296875,1895100,0,0
2020-12-08,33.650001525878906,33.900001525878906,32.720001220703125,33.66999816894531,1105500,0,0
2020-12-09,33.720001220703125,33.849998474121094,32.189998626708984,32.22999954223633,1637300,0,0
2020-12-10,31.690000534057617,32.04999923706055,30.850000381469727,31.200000762939453,2012200,0,0
2020-12-11,31.040000915527344,31.280000686645508,30.059999465942383,30.649999618530273,1326100,0,0
2020-12-14,30.649999618530273,31.15999984741211,30.25,30.34000015258789,1529000,0,0
2020-12-15,30.389999389648438,31.729999542236328,30.329999923706055,31.670000076293945,1632500,0,0
2020-12-16,31.920000076293945,32.0,31.270000457763672,31.5,1092900,0,0
2020-12-17,31.65999984741211,32.15999984741211,31.31999969482422,31.579999923706055,1264400,0,0
2020-12-18,31.6200008392334,32.75,31.3799991607666,32.400001525878906,1422800,0,0
2020-12-21,31.59000015258789,32.529998779296875,31.489999771118164,32.0099983215332,1587600,0,0
2020-12-22,32.0,32.07500076293945,30.510000228881836,30.540000915527344,1665800,0,0
2020-12-23,30.760000228881836,31.264999389648438,30.3799991607666,30.81999969482422,1203100,0,0
2020-12-24,31.040000915527344,31.105199813842773,30.600000381469727,30.850000381469727,426404,0,0
